,recording_id,recording_id,bin_order,bin_order,bin_size_m,bin_size_m,samples,samples,observed_time_s,observed_time_s,road_relevant_mass_percent,road_relevant_mass_percent,interior_cockpit_mass_percent,interior_cockpit_mass_percent,vulnerable_road_user_mass_percent,vulnerable_road_user_mass_percent,sign_and_signal_mass_percent,sign_and_signal_mass_percent,road_relevant_top1_percent,road_relevant_top1_percent,foveal_entropy_mean,foveal_entropy_mean,top1_distribution_entropy,top1_distribution_entropy,semantic_transition_rate_per_s,semantic_transition_rate_per_s,fixation_time_percent,fixation_time_percent,scanpath_length_deg_per_s,scanpath_length_deg_per_s,blinks_per_minute,blinks_per_minute,eye_closure_fraction,eye_closure_fraction,pupil_diameter_mm,pupil_diameter_mm,pupil_light_adjusted_residual_mm,pupil_light_adjusted_residual_mm,lane_position_abs_offset,lane_position_abs_offset,lane_position_offset,lane_position_offset,head_angular_speed_rad_s,head_angular_speed_rad_s,head_abs_yaw_rate_rad_s,head_abs_yaw_rate_rad_s,head_vibration_rms_msec2,head_vibration_rms_msec2,speed_mps,speed_mps,heart_rate_bpm,heart_rate_bpm,ibi_ms,ibi_ms
domain,car,motorcycle,car,motorcycle,car,motorcycle,car,motorcycle,car,motorcycle,car,motorcycle,car,motorcycle,car,motorcycle,car,motorcycle,car,motorcycle,car,motorcycle,car,motorcycle,car,motorcycle,car,motorcycle,car,motorcycle,car,motorcycle,car,motorcycle,car,motorcycle,car,motorcycle,car,motorcycle,car,motorcycle,car,motorcycle,car,motorcycle,car,motorcycle,car,motorcycle,car,motorcycle,car,motorcycle
bin_key,,,,,,,,,,,,,,,,,,,,,,,,,,,,,,,,,,,,,,,,,,,,,,,,,,,,,,
w72561441_b11_B,car_2e84f0c3e245,motorcycle_5ab8604a14df,0,0,50.0,50.0,105,50,3.499965,1.6666500000000002,27.97936789869153,19.311381382668728,0.10067304208100639,0.0,0.0,0.0,0.0,0.0,9.523809523809524,2.0,0.23954486444001924,0.18953366604073238,0.11613233800223069,0.0362028418970331,4.5714742861714335,1.200012000120001,84.76190476190476,54.0,35.78135750206966,32.25374506124293,48.21429001913304,61.01696983626096,0.07079646017699115,0.16666666666666666,2.1668971749022603,2.124193008057773,-0.022911207051751203,-0.06432418437273946,0.14285714285714285,0.06981734197857416,0.14285714285714285,-0.06981734197857416,0.08656262052016597,0.12980128271186864,0.03642222271141752,0.026514692626163662,0.11851759530982396,0.34374072113499826,13.861000061035156,21.180500030517578,79.20971809456715,121.20440437555311,757.482812,495.64901
w72561441_b10_B,car_2e84f0c3e245,motorcycle_5ab8604a14df,1,1,50.0,50.0,73,80,2.433309,2.66664,49.4007746319399,34.463138885400824,0.0,0.0,0.0,0.1300397314873297,0.0,0.013930617027030202,46.57534246575342,23.75,0.2920557053231615,0.23375378394588026,0.46148314879144997,0.28226445867547123,9.041186302273982,7.500075000750007,65.75342465753424,37.5,36.42154940549627,50.642842919664446,40.449433657367,102.27273889462941,0.17777777777777778,0.10112359550561797,2.1980542223900557,2.122654812410474,-0.04764905202100066,-0.08045618523713338,0.08067375886524822,0.400113652734869,0.014708303605729653,-0.37912402783462956,0.16265041320911974,0.16077779808087767,0.07250418085275903,0.03862915093735994,0.22800817927779643,0.449384121178947,13.944000244140625,18.777000427246094,61.78813579806372,135.11726459143023,971.060208,445.086615
w72561441_b9_B,car_2e84f0c3e245,motorcycle_5ab8604a14df,2,2,50.0,50.0,79,73,2.6333070000000003,2.433309,19.87836339102208,58.87082974498307,1.7740836855716127,0.0,0.0,0.0,0.0,0.0,15.189873417721518,65.75342465753424,0.21389987717232414,0.1718201104545673,0.35962401545721445,0.346713251911391,5.316508861291144,6.575408219835623,62.0253164556962,47.94520547945205,46.94183876079945,36.31717886221046,40.449447292010625,60.6741504860505,0.12222222222222222,0.18888888888888888,2.3669969523325562,2.2282053250819445,0.01314949493663297,-0.28425708354002605,0.5965278169212558,0.6264367816091954,-0.5587970601469927,-0.6264367816091954,0.3989446948780544,0.14254927824702204,0.11310927557261899,0.049608271644451855,0.07346171712260496,0.2025696307172289,14.222000122070312,15.694000244140625,74.98585719867071,151.31881840521658,800.150885,396.513802
w72561441_b8_B,car_2e84f0c3e245,motorcycle_5ab8604a14df,3,3,50.0,50.0,135,108,4.499955,3.599964,34.88993964913936,32.671941648767465,4.0470688370259635,0.0,0.0,0.32478298772541697,0.5006518840914602,0.0,28.88888888888889,28.703703703703702,0.3211549393030891,0.3021624713490152,0.409479867732315,0.5002214803637574,7.111182222933341,9.166758334250009,85.92592592592592,52.77777777777778,38.4660712107728,59.20204573338191,13.043481096408932,60.504196596286,0.02158273381294964,0.08333333333333333,2.143567136954516,2.2529117995873094,-0.06357023430417068,-0.09220716857740244,0.9759036144578314,0.8850407887493119,-0.9759036144578314,-0.8850407887493119,0.21288834367959275,0.23946970103734783,0.0991983773197675,0.09793118599297512,0.23021608689438042,0.48806805198506736,15.5,14.61050033569336,80.03350832255315,140.30834686124055,749.685991,427.629584
w72561441_b6_B,car_2e84f0c3e245,motorcycle_5ab8604a14df,4,4,50.0,50.0,107,74,3.566631,2.4666420000000002,42.36063527471672,41.45273647457968,1.6725534954072745,0.0,0.0,0.0,0.0,0.0,44.85981308411215,47.2972972972973,0.35452228340143305,0.36602957491860816,0.4252524439811474,0.41621388364815787,10.934688786140198,14.594740542000013,70.09345794392523,37.83783783783784,38.80773790320585,44.43933670953319,45.378158887085526,141.5730178007845,0.09166666666666666,0.16666666666666666,2.101222286000848,2.1288557327352464,-0.03875631539297739,-0.060001145270055165,0.053497755814480664,0.18495297805642633,-0.0029239766081871343,-0.18495297805642633,0.11134117370659805,0.16575359414502983,0.03549490867102135,0.030891781538872596,0.22654627639751684,0.4311065136207639,14.305500030517578,16.472000122070312,91.94872392365606,116.93829945915998,652.537604,513.091094
w72561441_b5_B,car_2e84f0c3e245,motorcycle_5ab8604a14df,5,5,50.0,50.0,68,83,2.2666440000000003,2.766639,39.26124787849879,36.838913536712,0.0,0.0,0.0,0.0,0.0,0.0,45.588235294117645,32.53012048192771,0.32213829230032254,0.3422809822536476,0.35941753342633337,0.45894806503294,8.382436765544124,12.650728916927724,57.35294117647059,51.80722891566265,41.897555019006575,46.19266209488091,40.449433657367,40.449433657367,0.24444444444444444,0.06666666666666667,2.1226644748821855,2.0900038070976734,0.005165717637201084,-0.08603821145121687,0.06172839506172839,0.16574585635359115,0.044585987261146494,0.16574585635359115,0.09974054242606181,0.1552237303993007,0.039310867390903254,0.040639016630168986,0.18612449996186983,0.3079781285967044,15.222000122070312,17.111000061035156,90.33193458497934,131.04855762630098,664.216927,458.67012950000003
w72561441_b4_B,car_2e84f0c3e245,motorcycle_5ab8604a14df,6,6,50.0,50.0,80,83,2.66664,2.766639,47.321970369206205,24.99251334306946,0.009119560451297798,0.0,0.0,0.0,0.0,0.09607392183130567,42.5,19.27710843373494,0.3197908881123129,0.29781774931966426,0.3173217481144436,0.29464303922043195,7.875078750787507,8.313336145409647,60.0,49.39759036144578,35.080563457422336,49.483596743544574,20.2247168286835,60.6741504860505,0.07777777777777778,0.07777777777777778,2.095694944728166,2.1062182495370507,-0.023516286104422607,-0.013340258870521947,0.5,0.671875,0.49707602339181284,0.671875,0.10044580136329267,0.18523738540880863,0.05946032831695048,0.07086186313819473,0.1427442855471277,0.3520408131123104,15.083000183105469,17.55500030517578,76.33251950013275,125.56511935138826,786.6166149999999,478.1236975
w72561441_b3_B,car_2e84f0c3e245,motorcycle_5ab8604a14df,7,7,50.0,50.0,83,81,2.766639,2.699973,28.036361663995397,18.867574836702936,0.015246342780898174,0.0,0.0,0.0,0.0,0.0,14.457831325301203,11.11111111111111,0.26163493023607043,0.26952440478587697,0.15257774214442477,0.3169960335195735,5.783190362024102,5.555611111666672,54.21686746987952,51.85185185185185,29.648446591851766,42.84406505386972,20.224723646005312,60.6741504860505,0.07777777777777778,0.07777777777777778,2.1403352729976177,2.15074943844229,0.009628138382644993,-0.013395501266851191,0.24855491329479767,0.23756906077348067,0.24855491329479767,0.23756906077348067,0.08723440490731821,0.13830618667615852,0.047891026428278756,0.03982399536260675,0.07561304515125256,0.252047588186255,15.305000305175781,17.722000122070312,81.29272361106159,121.53655112722862,738.073438,493.678646
w72561441_b2_B,car_2e84f0c3e245,motorcycle_5ab8604a14df,8,8,50.0,50.0,87,46,2.8999710000000003,1.533318,24.636181517931334,11.76587816700091,0.9077568321113622,0.0,0.0,0.0,0.0,0.04437256962181855,10.344827586206897,0.0,0.29048845863593076,0.24737551999710441,0.2545416402091088,0.1646872086548574,4.827634483241384,1.9565413045434803,91.95402298850574,63.04347826086957,30.326514912663313,28.26008958723553,20.224723646005312,91.5254082160325,0.03333333333333333,0.23333333333333334,2.1049532224424183,2.1064470056444407,-0.03231652967959067,-0.04787162410085401,0.06172839506172839,0.2389167900026628,-0.006622516556291391,0.2389167900026628,0.0607359226068734,0.13884202586759364,0.03268039154623055,0.04797961120181145,0.0908254406943764,0.23022308036176575,15.416000366210938,17.95800018310547,82.0655587230454,124.22116468294428,732.282656,483.9542195
w72561441_b1_B,car_2e84f0c3e245,motorcycle_5ab8604a14df,9,9,50.0,50.0,116,109,3.8666280000000004,3.633297,32.66235672276664,15.227076171856815,19.19005634068533,0.0,0.0,0.0,0.09102426349268937,2.3472291916746335,33.62068965517241,1.834862385321101,0.2762109807935121,0.3047122371878697,0.4208180571186762,0.24462198461057477,7.241451724862076,5.22941009226606,70.6896551724138,55.96330275229357,34.909603546717015,41.1294677500708,15.1260491490715,60.504196596286,0.03333333333333333,0.08333333333333333,2.138015697710216,2.1195532754063606,-0.04869660993718625,-0.03444572010331305,0.2413793103448276,0.06962025316455696,-0.2413793103448276,0.047021943573667714,0.07529350074048072,0.13861870455304867,0.025640123838699812,0.03802623036998649,0.11356949061311959,0.2537512330480685,15.416000366210938,16.291000366210938,73.20494412722925,126.02682470875536,819.616772,476.1605995
w72561441_b0_B,car_2e84f0c3e245,motorcycle_5ab8604a14df,10,10,50.0,50.0,86,83,2.866638,2.766639,27.469988772169085,17.352668684447785,0.05178807646429721,0.0,0.0593216667257957,0.0009542274895862982,0.179724198132135,0.04746629112870112,12.790697674418606,8.433734939759036,0.29194756511570646,0.3476290690703715,0.14120436149969973,0.38651401630694865,4.534929070220935,11.566380724048203,86.04651162790698,66.26506024096386,25.94840507133767,45.32693095161946,20.224723646005312,40.449433657367,0.044444444444444446,0.06666666666666667,2.1345665445551276,2.1118371514603496,-0.0498124648198677,-0.07455811772771534,0.08695652173913043,0.40069686411149824,-0.02654867256637168,-0.3448275862068966,0.09100056770720165,0.16090537640192867,0.032070144233182954,0.05654788089708631,0.14023520237305798,0.3307871135831737,14.0,15.387999534606934,77.61817845992549,126.52948100327464,773.014791,474.22987
w695751889_b0_B,car_2e84f0c3e245,motorcycle_5ab8604a14df,11,11,50.0,50.0,104,82,3.466632,2.7333060000000002,39.01438382040296,24.570821482293077,0.0,0.0,0.0,0.0,0.1670942343345247,0.20937388813603675,42.30769230769231,18.292682926829265,0.3144705695507247,0.31470522681966784,0.3845781247503922,0.3754191983959261,9.230861539384625,10.24400487907318,86.53846153846155,28.04878048780488,26.30286877126025,59.526793433791035,45.378158887085526,40.449433657367,0.125,0.06666666666666667,2.1260109497234225,2.1403884747996926,-0.04225978963046584,-0.1504991834166674,0.6375,0.616519174041298,-0.6,-0.5842293906810035,0.16241327622313784,0.18409479597688302,0.0740689783354681,0.05732758807299575,0.1333539917515671,0.3106188005557189,13.874500274658203,13.25,82.81216501780546,123.48427604635775,728.306094,485.891823
w22868496_b0_B,car_2e84f0c3e245,motorcycle_5ab8604a14df,12,12,50.0,50.0,90,142,2.9999700000000002,4.7332860000000005,39.07516325013862,53.82949055850459,0.0,0.0,0.0,0.0,0.07047829991533044,0.22409442228232368,44.44444444444445,57.74647887323944,0.3331854534132317,0.29840598200303126,0.3481351243799001,0.3712946064209213,9.333426667600008,10.352216198218319,83.33333333333334,61.267605633802816,40.326638661391065,38.556072586952055,0.0,12.080536101977442,0.0,0.05333333333333334,2.090447465889156,2.1142647601664066,-0.05494090130991067,-0.06123324830203773,0.5496688741721855,0.7003484320557491,-0.5466666666666666,-0.7003484320557491,0.14660980746395508,0.23071057764608818,0.058000174527408896,0.06349233233269912,0.11126972809043419,0.40076680155687344,13.305000305175781,9.861000061035156,85.12717499895646,128.6234666860848,705.090885,466.477864
w72561505_b0_A,car_2e84f0c3e245,motorcycle_5ab8604a14df,13,13,50.0,50.0,191,170,6.3666030000000005,5.66661,77.50711533500476,51.47010711018009,1.3458205348393975,0.0,0.19050284063504475,0.0,3.607972282572637,1.481010875776809,83.24607329842932,45.88235294117647,0.1545456879838087,0.26713957596340937,0.31644396776220646,0.5226657761425076,4.083810471612569,8.470672942023537,57.59162303664922,50.0,51.10801392336973,98.5251367569756,34.44976406217838,30.167596080022566,0.0761904761904762,0.05,2.072475734166801,2.2100465139374137,-0.051242738133425864,0.07770669871924249,0.49650076070419474,1.5046429573202238,-0.49650076070419474,-1.3061478322672353,0.15252782992381578,0.4910366519752275,0.08507364282610294,0.39822059701216334,0.09775389153986831,0.34931574906635743,9.65250015258789,6.277500152587891,87.2734533395044,125.4978487826948,687.582396,478.127291
w23064623_b1_A,car_2e84f0c3e245,motorcycle_5ab8604a14df,14,14,50.0,50.0,203,90,6.766599,2.9999700000000002,41.84866492031446,42.63534184996447,1.811354687257759,0.0,0.2572576123440424,5.816182324794018,1.0576752783561751,0.019228687203656464,38.423645320197046,37.77777777777778,0.18277415647791603,0.20755006168425708,0.42794062800143695,0.35402877723578025,6.206958621310351,7.666743334100007,43.84236453201971,78.88888888888889,45.56849335459635,45.71289656096322,23.136249760443413,0.0,0.125,0.0,2.1873293444514275,2.3472330067306757,0.052469769899717196,0.09504559003257942,0.5105882352941177,0.7105884557721139,-0.5105882352941177,-0.7105884557721139,0.31452493718606866,0.379947407179226,0.1688663428836781,0.21001516305794057,0.15392851290857257,0.504731917092455,1.972000002861023,8.555000305175781,102.30359872260895,106.69832106093922,586.5930205,563.643594
w23064623_b2_A,car_2e84f0c3e245,motorcycle_5ab8604a14df,15,15,50.0,50.0,155,82,5.166615,2.7333060000000002,30.914835939124142,31.506056946754974,14.805943123939343,0.0,0.0,0.03797086133505787,0.0002714517763223489,0.8713551284711459,27.096774193548388,23.170731707317074,0.22893299170479214,0.22457076649696872,0.43364538867173114,0.39139893340850607,6.967811613600007,6.219574390865859,36.774193548387096,46.34146341463415,58.94107836520348,67.06777372826475,52.63158818098038,40.449433657367,0.09883720930232558,0.06666666666666667,2.196807530708611,2.3724600323475897,0.027171152460989025,0.10242882514558066,7.828878748370274,0.22376738305941846,-7.828878748370274,0.22376738305941846,0.4010996044189241,0.47763035984074326,0.19809926708736406,0.2592852463386689,0.25065408773129494,1.221065012813594,3.888000011444092,10.527000427246094,88.26798897017922,136.60359765837302,679.748125,439.227085
w23064624_b0_A,car_2e84f0c3e245,motorcycle_5ab8604a14df,16,16,50.0,50.0,93,78,3.099969,2.599974,31.077025147436345,37.51245543231757,0.39936266430068235,13.632575127620736,0.14994717507346092,0.2692281996745041,0.12296970137364541,0.4375524304198141,11.827956989247312,35.8974358974359,0.2851566907497973,0.27706224910084165,0.14752876737074427,0.5905975178178117,5.161341936000005,10.00010000100001,68.81720430107528,33.33333333333333,28.66891372681316,67.00980357938255,18.947366426593007,40.449433657367,0.03125,0.1,2.1535088308155537,2.227518940344453,0.014886367726453,0.024570390052488372,0.25405405405405407,0.5987743052335466,-0.22388059701492538,0.5987743052335466,0.1709972558702795,0.3001260868813863,0.05671985230640484,0.11997173520750214,0.23444339907605116,0.6452139256515922,6.513499975204468,12.305000305175781,98.85138903710552,138.6659699367795,640.9635675,433.400806
w862981944_b8_B,car_2e84f0c3e245,motorcycle_5ab8604a14df,17,17,50.0,50.0,69,86,2.299977,2.866638,29.58174776613294,30.13514619798504,15.619741221335781,0.0,0.1440084593322339,1.2012633654511735,0.0,0.0,17.391304347826086,25.58139534883721,0.2994882982237792,0.34931371992998556,0.35654569744464687,0.40034552148544916,6.087017391913049,8.721017442732567,81.15942028985508,41.86046511627907,30.961006781167985,61.900386819923874,24.65753762432022,40.449433657367,0.05405405405405406,0.044444444444444446,2.1563225891441107,2.2365954937413335,0.0025117718939339333,-0.03437258590078922,0.3029901665663255,0.19811320754716982,-0.27571743929359827,0.1589958158995816,0.0778335856421421,0.22073239820899318,0.022619542026972243,0.08622748188514866,0.10500414723756457,0.4328348334768593,10.137999534606934,11.387999534606934,79.64724769608864,133.63136943127313,753.6416664999999,449.004817
w862981944_b7_B,car_2e84f0c3e245,motorcycle_5ab8604a14df,18,18,50.0,50.0,82,113,2.7333060000000002,3.766629,34.230982447963136,23.4708422115223,52.81744003051328,0.0,0.0,0.0012989672382258649,0.0,0.06434061450619688,23.170731707317074,14.15929203539823,0.22380564417592816,0.2842305846989873,0.43180427017069367,0.20508003257601265,5.12200243953659,7.4337026556106265,89.02439024390245,50.442477876106196,28.978858118850475,48.27392416727361,20.2247168286835,45.378147447214495,0.08888888888888889,0.058333333333333334,2.1650816779583693,2.1701239747926593,-0.005228641994075439,-0.10753899288221905,0.198992133726647,0.13757389301419068,-0.198992133726647,0.13757389301419068,0.09966833226546534,0.14978281808684074,0.047677964224635945,0.043391483999756286,0.11233742740411007,0.3389456302745557,11.055000305175781,12.472000122070312,87.02809961436654,128.63255797879404,689.481745,466.444895
w862981944_b6_B,car_2e84f0c3e245,motorcycle_5ab8604a14df,19,19,50.0,50.0,120,107,3.99996,3.566631,61.24054898522897,28.9571936221044,6.204725350839457,0.0,0.0,0.0,0.014153875522153117,0.04477699531611584,65.0,28.037383177570096,0.22332731084671092,0.2731321964420048,0.37432132378381155,0.5256801855766065,4.250042500425004,10.373935515056084,87.5,56.074766355140184,36.488659355658164,68.06807305664583,0.0,60.504196596286,0.0,0.08333333333333333,2.1508080535568297,2.165173995308578,-0.02580145751207466,-0.1143336537880969,0.22034613761080624,0.4228855721393035,-0.22034613761080624,0.4164588528678304,0.14784775776138362,0.1870145687316712,0.05054274669309357,0.04612332763570404,0.16753291249000957,0.4649772734732912,11.27750015258789,11.791000366210938,89.02509497214871,118.57550837220124,673.972787,507.264817
w862981944_b5_B,car_2e84f0c3e245,motorcycle_5ab8604a14df,20,20,50.0,50.0,173,99,5.766609,3.299967,43.17381224773151,38.89611123096148,5.292238550346256,0.6715395821258087,0.006046172232677931,0.000947799845658761,0.21581816193311565,0.06549058910066315,43.93063583815029,42.42424242424242,0.2838198387115306,0.2666792348833091,0.4666446295423219,0.5207583030552353,7.109897688572262,11.515266667818192,82.65895953757226,36.36363636363637,33.849105137716975,57.07181623748916,20.111734090696547,90.75629489442899,0.03333333333333333,0.11666666666666667,2.180802635848522,2.190501894801855,-0.006859085829299949,-0.05792343809555688,0.13725490196078433,0.3649025069637883,-0.030612244897959183,0.3649025069637883,0.11343480718163516,0.19739202347406412,0.05944979703136998,0.06619264111260148,0.08844402930475759,0.35110645400496676,8.708000183105469,11.416500091552734,93.05258281416997,115.4206953412589,644.796718,520.882708
w862981944_b4_B,car_2e84f0c3e245,motorcycle_5ab8604a14df,21,21,50.0,50.0,137,110,4.5666210000000005,3.66663,29.917611360132597,36.86126985311268,4.479230655325284,0.0,9.942811887143452e-05,0.0,0.0,0.3183113286080406,24.087591240875913,40.909090909090914,0.2755502218880913,0.25653431517104464,0.35377247277150986,0.3564932221312882,6.788389051773729,9.000090000900009,79.56204379562044,52.72727272727272,37.118892836871716,53.142512549295475,36.241615602901426,45.378147447214495,0.06666666666666667,0.075,2.158903400413692,2.151571912690997,-0.02046641626668195,-0.03856328782601403,0.056,0.09225874867444327,0.014492753623188406,0.09225874867444327,0.17466303387684073,0.15286721715557064,0.07699167605767082,0.03935142266117907,0.21929526265219867,0.3578101370496215,9.277000427246094,12.235499858856201,79.61686580755611,113.077275677686,753.609168,530.6179420000001
w862981944_b3_B,car_2e84f0c3e245,motorcycle_5ab8604a14df,22,22,50.0,50.0,116,160,3.8666280000000004,5.33328,21.160135459785437,22.647701060997594,0.0,0.0,0.0,1.1716729175450584,0.7811470362292,1.180180845242833,6.0344827586206895,12.5,0.2873637548877503,0.28901456248175317,0.1996702825414694,0.23049320822155378,2.3276094829913814,5.437554375543755,97.41379310344827,56.25,30.115237886740307,44.86289407818529,15.254238580867675,40.223461440030086,0.025210084033613446,0.10555555555555556,2.135281218215823,2.1313710603863,-0.047246462067641014,-0.06557353667371174,0.27388535031847133,0.27492447129909364,-0.10588235294117647,-0.23595505617977527,0.09448143765612221,0.14532215089666176,0.05142302904090939,0.03752842825224241,0.11168592487827403,0.3558446463511607,10.98550033569336,9.444000244140625,66.68284073962663,119.65145292460159,924.6053909999999,501.45651
w862981944_b2_B,car_2e84f0c3e245,motorcycle_5ab8604a14df,23,23,50.0,50.0,138,97,4.599954,3.233301,17.078637573341727,51.39509830604025,0.0,0.05656248611540909,0.019277207464210352,0.15169910651211047,0.8628770300519284,0.0,9.420289855072463,46.39175257731958,0.2097948259893027,0.19262223259186284,0.23046804106145816,0.3800179734428919,6.087017391913049,10.206287629886608,82.6086956521739,45.36082474226804,39.99176942302751,67.60225442004972,24.16107706860095,60.504196596286,0.07333333333333333,0.1,2.2000568569637835,2.161793992854655,0.003943783548157522,-0.07201852160057098,0.108003108003108,0.3946151787235078,-0.108003108003108,-0.3946151787235078,0.12448841520057954,0.16964642933912244,0.05319178295688718,0.0851078806394819,0.14999797593588515,0.26066311562714095,11.722000122070312,10.333000183105469,72.79843934625664,120.12337960920976,825.5113015,499.49395849999996
w862981944_b1_B,car_2e84f0c3e245,motorcycle_5ab8604a14df,24,24,50.0,50.0,115,137,3.833295,4.5666210000000005,64.52279430701327,33.07771392095665,0.3270346167107383,0.0,0.0,0.5187239683360351,0.007811176946948891,0.007155251245512056,76.52173913043478,29.197080291970803,0.22121619770372794,0.1757536484229857,0.20124846789756745,0.2919677603298905,5.739187826660875,9.197172263693439,81.73913043478261,33.57664233576642,46.06430593177461,66.980670872017,15.1260491490715,36.241608305932324,0.025,0.08,2.165328711271286,2.198549162130803,-0.022022792487542617,-0.10170295701457302,0.4766927683095348,0.4240769230769231,-0.4066011235955056,-0.35266613609231995,0.15289628004835834,0.1799115288940799,0.0514645762024723,0.05209723473962132,0.1367247387074904,0.25578481632561845,11.555000305175781,11.527000427246094,68.94717428153466,110.25817348250354,870.231458,544.177344
w862981944_b0_B,car_2e84f0c3e245,motorcycle_5ab8604a14df,25,25,50.0,50.0,175,150,5.833275,4.99995,58.74198108694891,49.74219648368607,0.5808725362880801,0.0,0.191557386551113,0.03985636119652113,0.2928080804764836,0.5451727280193668,57.714285714285715,45.33333333333333,0.20445442729131053,0.29824947694028253,0.31759030882914524,0.39469065634452466,4.628617714748576,6.200062000620006,89.14285714285714,61.33333333333333,36.21533291353554,56.87510594554831,10.055867045348274,0.0,0.027777777777777776,0.0,2.160280477255583,2.178878814447671,-0.07733093338346558,-0.13710852891651035,0.8334676336287941,0.7721518987341772,-0.6264528559885636,-0.5122749590834698,0.14141851928116764,0.26619611563464296,0.06090951280348034,0.13404000577598854,0.12051756218105558,0.4145332487113586,10.026999950408936,10.416000366210938,75.7198363028003,110.25918676649836,792.39474,544.172343
w245122745_b0_A,car_2e84f0c3e245,motorcycle_5ab8604a14df,26,26,50.0,50.0,176,138,5.866608,4.599954,21.691137002063364,45.63227747114112,0.7039333431471976,0.0,0.06933825179348022,0.0,0.5955558714989817,5.842224924678809,19.886363636363637,39.1304347826087,0.13864070062289285,0.1916366228242727,0.28834233191622594,0.40266955913720587,4.090950000409094,5.8696239136304404,74.43181818181817,65.94202898550725,33.92469023458488,46.0571458428939,63.1579030470925,36.241608305932324,0.13744075829383887,0.06666666666666667,2.3056072532199323,2.365615335293114,0.01650553033392889,-0.30997802254309825,0.557498675145734,0.24183006535947713,-0.5247058823529411,-0.10434782608695652,0.22142295734181944,0.24302863989527665,0.11539151620634447,0.07267789495530996,0.1431561465161487,0.44754236366694855,5.83299994468689,9.666000366210938,90.59553609768753,106.45310017322421,662.2899735000001,563.628489
w245122745_b1_A,car_2e84f0c3e245,motorcycle_5ab8604a14df,27,27,50.0,50.0,112,112,3.733296,3.733296,8.761652778504848,18.288514893929797,0.0,0.0,0.0,0.8236671259320874,0.0,0.16623292916912843,2.6785714285714284,2.6785714285714284,0.10557672939732628,0.20958999800210595,0.06431177000420622,0.05185814678501462,1.6071589287321444,1.339299107276787,89.28571428571429,58.92857142857143,39.76164959309135,48.74718940618867,30.252105924723686,45.378147447214495,0.058333333333333334,0.06666666666666667,2.2465474321506917,2.2439942695200443,0.020395145325504977,-0.3284061666993391,0.7759209344115005,0.11001941328731665,-0.7759209344115005,-0.11001941328731665,0.1376712479908234,0.16212708708602874,0.06706133606822681,0.03722953994327325,0.138852334891073,0.3203391362556473,10.291000366210938,11.444000244140625,104.72243227465592,108.70417560530534,573.001614,551.956718
w245122745_b2_A,car_2e84f0c3e245,motorcycle_5ab8604a14df,28,28,50.0,50.0,113,111,3.766629,3.6999630000000003,22.70099835857912,24.826423101879588,7.653059929276772,0.0,0.00016053813678609723,0.0004674436516352112,0.06784261648487602,0.30754779867834786,13.274336283185841,12.612612612612612,0.1801760274928052,0.24021831653777925,0.2621372376292955,0.20816621481755102,5.044298230592926,6.756824325000006,87.61061946902655,39.63963963963964,41.62935517417287,53.32663584734402,30.252105924723686,45.378147447214495,0.058333333333333334,0.06666666666666667,2.165303216315806,2.1810191683471203,-0.06799293180830175,-0.14941695755258788,1.6,1.165796963946869,-1.6,-1.165796963946869,0.19131704883638057,0.18936696703981104,0.10919074681857296,0.1009906452993988,0.128141347065832,0.4790864504669746,12.721499919891357,12.055500030517578,98.07957060741755,120.655929996677,611.8037240000001,497.554844
w245122745_b3_A,car_2e84f0c3e245,motorcycle_5ab8604a14df,29,29,50.0,50.0,104,167,3.466632,5.566611,34.83988346280198,48.40335818923998,12.014841220424396,0.0,0.0,0.0,0.00029810410881548683,0.16821231459324484,35.57692307692307,47.90419161676647,0.16710739312186332,0.20848551397883253,0.447694098621086,0.45435824650849993,6.634681731432699,5.9282029946047965,61.53846153846154,34.13173652694611,72.43481768589193,83.21595650681736,33.96226735493089,30.167596080022566,0.028037383177570093,0.07222222222222222,2.284189104102552,2.2562899393960834,0.017051700251231698,-0.013523725116006396,1.19505625427346,0.9821548821548821,-1.19505625427346,-0.9821548821548821,0.562625129490141,0.36444914578337345,0.4121988497908914,0.1936739615522307,0.21202235992079305,0.478003168011108,10.861000061035156,7.527500152587891,87.25190573176717,107.93188800626807,687.664063,555.906147
w716932550_b0_A,car_2e84f0c3e245,motorcycle_5ab8604a14df,30,30,50.0,50.0,174,113,5.799942000000001,3.766629,45.33045082235945,55.93551362343185,8.536771415868746,0.0,2.104599262642719,0.0,0.00921218744381185,0.11191282849019281,43.10344827586207,52.21238938053097,0.228586233703821,0.21546883824631372,0.439816196693082,0.3596105494937269,6.034543104051729,4.513319469477881,76.4367816091954,58.4070796460177,57.334320403163964,45.89990284109901,29.18919234477755,30.252098298143,0.06451612903225806,0.05,2.3172861547209322,2.1913570817559958,0.06898667630616216,-0.12917948446747404,4.993421052631579,0.8344519015659956,3.2175925925925926,-0.8344519015659956,0.32734717781951483,0.30269548090920584,0.16956612474694796,0.1895608327645613,0.19446051201247125,0.33591677563817535,7.083000183105469,4.665999889373779,77.82314236037818,117.83023007489484,771.101484,509.207187
w25626902_b0_A,car_2e84f0c3e245,motorcycle_5ab8604a14df,31,31,50.0,50.0,157,82,5.233281,2.7333060000000002,30.31090564496027,12.199775974524538,0.0,0.0,0.0,0.0,0.2680279829528779,4.624534792430265,33.12101910828025,2.4390243902439024,0.15020944835295605,0.17954998584734108,0.23449800330647524,0.04858525552572859,3.821694267898093,1.4634292684390258,80.89171974522293,70.73170731707317,39.50017016475037,55.17536219663383,32.142857142857146,40.449433657367,0.0650887573964497,0.07777777777777778,2.181036164984107,2.2586953127756715,-0.010890680130155265,-0.15727757388938735,0.18181818181818182,0.45714285714285713,0.18181818181818182,0.45714285714285713,0.13089709881360867,0.18814654800667976,0.0698145274494432,0.0807861957998786,0.12873141118620557,0.3244265960121097,9.887999534606934,13.387999534606934,66.8557045604948,122.11230790490481,899.3060425,491.726562
w25626902_b1_A,car_2e84f0c3e245,motorcycle_5ab8604a14df,32,32,50.0,50.0,78,110,2.599974,3.66663,24.322759059172547,14.858029889166227,0.0,0.0,0.08532694211061445,0.0,0.0,0.6052629852479908,24.358974358974358,10.0,0.1613433456887089,0.20957484516861538,0.2475567779862229,0.17039520767112892,4.6154307696923125,4.636410000463641,89.74358974358975,56.36363636363636,34.738490882215565,45.0948844559944,40.449433657367,45.378147447214495,0.12222222222222222,0.075,2.2125932155176997,2.2982421214692295,0.0018589603333544862,-0.19510621370994516,0.13636363636363635,0.391304347826087,0.13636363636363635,0.391304347826087,0.09278747753969736,0.14049504939539986,0.043879870824429304,0.054864938998065015,0.14686892687909264,0.2885056756584544,9.777000427246094,13.819000244140625,51.67947225673944,128.66071769858482,1161.4704689999999,466.47200499999997
w717185017_b0_A,car_2e84f0c3e245,motorcycle_5ab8604a14df,33,33,50.0,50.0,109,78,3.633297,2.599974,24.13332589120694,13.449574424062307,0.0,0.0,0.0,0.0,0.0,0.0,33.02752293577982,2.564102564102564,0.24760269915217092,0.2789061556318166,0.3794670364258635,0.35595057980495615,3.8532495416697286,5.76928846211539,93.57798165137615,48.717948717948715,23.099504829476437,49.65782493066715,30.252105924723686,101.1235841434175,0.09166666666666666,0.13333333333333333,2.1805554861202836,2.25007813423872,-0.0272906010114057,-0.1267759201552766,0.11163101604278075,0.06571482216181357,-0.11163101604278075,-0.056343102263777874,0.07664002728984654,0.12438965783819465,0.039742531505732565,0.04247304118540398,0.09641060528910939,0.3202197967694397,11.124500274658203,16.722000122070312,59.868456427124464,120.6236892029554,1002.2574215,497.53632849999997
w717185017_b1_A,car_2e84f0c3e245,motorcycle_5ab8604a14df,34,34,50.0,50.0,116,52,3.8666280000000004,1.733316,26.508808228948872,8.752644800541082,0.0,0.0,0.004976053336809898,0.0,0.0,0.0,6.896551724137931,0.0,0.26661774987105813,0.2275911301763058,0.303742376170203,0.27423068404858436,4.3965956900948315,1.730786538634617,85.34482758620689,44.230769230769226,39.08495580737173,38.99934868219559,15.1260491490715,30.50846940534417,0.03333333333333333,0.13333333333333333,2.1313265315257013,2.2954445448704064,-0.04667180874046877,-0.17348165621419892,0.42105263157894735,0.6001291815808596,-0.37894736842105264,-0.43598045014475606,0.1269537991013353,0.14907039627060636,0.04932190395727702,0.032902810554383655,0.1847460062968443,0.534461482891708,11.555000305175781,17.95800018310547,77.61787088159531,125.24507021661879,773.037214,483.935937
w717185016_b0_A,car_2e84f0c3e245,motorcycle_5ab8604a14df,35,35,50.0,50.0,144,87,4.799952,2.8999710000000003,17.432197922708916,11.252686906609789,15.76745375508467,0.0,0.0,0.008053374956278102,0.005521409315036286,0.0,2.083333333333333,1.1494252873563218,0.19149984127679176,0.1713374461039774,0.3303009162852511,0.2713330838426476,2.9166958336250026,2.06898620710345,78.47222222222221,31.03448275862069,34.11157305402401,49.69729602331838,24.16107706860095,20.2247168286835,0.04,0.03333333333333333,2.150463522411883,2.1713372552767396,-0.0036009324508123972,-0.07730005098437967,0.4339622641509434,0.39255014326647564,-0.2898550724637681,-0.3443708609271523,0.12933510192326902,0.24306756601260116,0.046408431110717505,0.054863249702765515,0.24878353576238615,0.9427810364242809,11.333000183105469,16.416000366210938,86.77577170528994,127.70327646339246,691.437239,470.3544265
w717148552_b0_A,car_2e84f0c3e245,motorcycle_5ab8604a14df,36,36,50.0,50.0,140,173,4.66662,5.766609,31.362363348868143,45.438581011488914,5.622866158059712,0.0,0.6161547130172269,0.07088706428730161,0.2419346382064547,1.5644074289381436,22.857142857142858,36.99421965317919,0.22155862257637934,0.24984717613792848,0.410216269811727,0.4856735888437634,7.500075000750008,8.15037052104625,77.14285714285715,31.213872832369944,47.68696062724701,71.01969709340703,24.16107706860095,20.111730720015043,0.06666666666666667,0.03888888888888889,2.188646700233221,2.2228253073990345,0.0061378102572976975,0.018072183667726047,0.2611464968152866,0.4552174915209589,-0.2611464968152866,-0.436437139638147,0.16297945489266236,0.35874163314780744,0.07643287989972361,0.16049518970210394,0.19038092931999326,0.9882974354393474,9.583000183105469,6.819000005722046,98.14814546921977,,611.8192174999999,
w69488562_b0_B,car_2e84f0c3e245,motorcycle_5ab8604a14df,37,37,50.0,50.0,108,72,3.599964,2.399976,30.529626567311464,43.20676235574233,1.012972334697142,2.4605235828531256,0.0,0.0002394172980124527,0.003498750114746637,4.022485631291027,24.074074074074073,33.333333333333336,0.35884739836680085,0.245959810457423,0.4886502183968846,0.397443128536215,10.277880556583344,6.250062500625006,59.25925925925925,51.388888888888886,40.13895831576608,76.64373627576587,45.378158887085526,80.898867314734,0.075,0.12222222222222222,2.2235820651985705,2.241028123535216,0.028816418308081834,-0.0420622773817398,1.4,0.11707317073170732,-1.035294117647059,-0.11707317073170732,0.10505765996801018,0.19595011456251915,0.05488386874857773,0.08412139480863655,0.13133671866269303,0.5106959933860244,10.083000183105469,15.166000366210938,58.284569766605244,144.24879304811023,1029.431979,415.948021
w137735208_b0_A,car_2e84f0c3e245,motorcycle_5ab8604a14df,38,38,50.0,50.0,116,79,3.8666280000000004,2.6333070000000003,33.029941590947956,23.873337047854,0.49730907657956835,12.967316862945989,0.0,0.0,0.0,0.013591110807202296,25.0,10.126582278481013,0.3364313114512842,0.2142419483145567,0.23888184854042915,0.27184423517764505,6.465581897198281,4.557007595392409,84.48275862068965,68.35443037974683,39.50156717085354,77.09016234273832,15.126052962361843,60.6741504860505,0.03333333333333333,0.1,2.093710529152304,2.211799961514771,-0.038096678069093545,-0.03738954891909906,5.727913533834586,0.5316698656429942,5.727913533834586,-0.5316698656429942,0.08731949195546804,0.1555171996905565,0.04356396705090162,0.052283675347599354,0.12927716079547344,0.29759425799137845,12.457499980926514,19.166000366210938,70.09365346087688,108.70532419074694,856.5305205,551.950886
w137735208_b1_A,car_2e84f0c3e245,motorcycle_5ab8604a14df,39,39,50.0,50.0,113,51,3.766629,1.699983,52.68338973994542,17.681648099465512,2.0062001191503427,0.0,0.0,0.0,0.0,0.20944434426236574,56.637168141592916,5.88235294117647,0.2261860879024091,0.24188063017894545,0.501927468805113,0.11780658258412673,9.557617700070805,3.529447059176474,66.3716814159292,43.13725490196079,60.03267753938684,45.08374422638506,45.378158887085526,61.01693881068834,0.05,0.13333333333333333,2.0915920613333583,2.135623595677316,-0.028301952207590228,-0.05722799534869753,,0.29267109295199184,,-0.29267109295199184,0.08085027785430993,0.1255088542742999,0.04480145657391645,0.031253281169912696,0.11059758585774564,0.31440968530779767,12.388500213623047,18.597000122070312,76.45765321197806,113.08460686973666,784.748125,530.583308
w137735208_b2_A,car_2e84f0c3e245,motorcycle_5ab8604a14df,40,40,50.0,50.0,116,116,3.8666280000000004,3.8666280000000004,30.40103075665516,9.900078891192324,0.7830781364705703,0.0,0.0,0.0,0.00020684992319136396,0.0,35.3448275862069,0.0,0.2631908158319358,0.30566522505431676,0.38261070161073196,0.24154578746820293,4.913842241870694,8.01732155252587,76.72413793103449,64.65517241379311,40.68156703888949,37.38971290580185,15.126052962361843,45.378147447214495,0.03333333333333333,0.03333333333333333,2.139630843885243,2.105193678289652,-0.013435025235301271,-0.06576720065113936,0.5934959349593496,0.2271029767566567,-0.5934959349593496,-0.2271029767566567,0.10501722670047021,0.1453271274640866,0.04943593056819688,0.050520629339457626,0.10621847298292096,0.32338987222120996,12.041000366210938,16.055500030517578,68.95339761178252,108.70334470788828,870.152916,551.960937
w137735208_b3_A,car_2e84f0c3e245,motorcycle_5ab8604a14df,41,41,50.0,50.0,171,110,5.699943,3.66663,42.25564791878252,17.269023916108377,6.208375875198238,0.0,0.0,0.0,0.0,2.694431749462989,43.27485380116959,9.09090909090909,0.26821345556330844,0.22317745455773733,0.4017199591621767,0.37813966576061947,7.017614035789481,9.545550000954554,85.38011695906432,32.72727272727273,39.13262312741894,91.42822262477425,30.16760113604482,60.504196596286,0.044444444444444446,0.075,2.1384305437095463,2.120847289916128,-0.056953299432075916,-0.04098649678998005,0.4772727272727273,0.6804209224020976,-0.4772727272727273,-0.6804209224020976,0.0916886802627202,0.2498174382645752,0.03370400831922582,0.1042299885752325,0.07773029412845694,0.45827145406289693,9.763500213623047,12.055500030517578,70.20190126475359,119.68443703363447,854.677707,501.4392975
