candidate_id,domain,recording_id,start_ns,end_ns,duration_s,state,manoeuvre,evidence_source_count,evidence_sources,review_status,automatic_label_is_not_final,evidence_peak_lateral_offset_m,evidence_mean_lateral_offset_m,evidence_crossed_to_left,evidence_duration_beyond_s,evidence_distance_beyond_m,evidence_mean_speed_mps,evidence_mean_heading_error_deg,evidence_median_gps_accuracy_m,evidence_road_class,evidence_road_oneway,evidence_against_oneway,evidence_min_distance_to_junction_m,evidence_min_distance_to_roundabout_m,evidence_marking_continuity,evidence_marking_reason,evidence_marking_start_ns,evidence_marking_end_ns,evidence_marking_observed_frames,evidence_marking_frame_interval_s,evidence_marking_continuity_side,evidence_marking_continuity_confidence,evidence_marking_continuity_reason,evidence_marking_duty_cycle_left,evidence_marking_duty_cycle_right,evidence_marking_mean_marking_pixels,evidence_marking_vision_lateral_offset
car_slc_001,car,car_2e84f0c3e245,1167118134150,1177118138524,10.000004374,not_evaluable,junction_manoeuvre,2,signed_lateral_offset|heading_vs_road,pending_human_review,True,7.386920696002406,5.883848126134325,False,10.000004374,150.65155597896108,14.30027285489169,1.6581374461511793,10.0,secondary,None,False,2.302811081710455,565.8837674074769,,no dense frozen semantic block covers this window,,,,,,,,,,,
car_slc_002,car,car_2e84f0c3e245,1179118139358,1219118157483,40.000018125,not_evaluable,roundabout_manoeuvre,2,signed_lateral_offset|heading_vs_road,pending_human_review,True,17.536527800263894,-9.941754942602167,True,40.000018125,564.668696500851,14.041263316806994,5.848446781713027,16.0,secondary,None,False,2.0718004046333567,3.602328083549521,,no dense frozen semantic block covers this window,,,,,,,,,,,
car_slc_003,car,car_2e84f0c3e245,1222118158889,1235118164931,13.000006042,not_evaluable,roundabout_manoeuvre,3,signed_lateral_offset|map_direction_conflict|heading_vs_road,pending_human_review,True,6.841497627230531,0.3046465994148799,False,13.000006042,24.520067363534167,2.205749988555908,30.97713012034048,33.5,secondary,True,True,26.42265420704278,0.6421989509112401,,no dense frozen semantic block covers this window,,,,,,,,,,,
car_slc_004,car,car_2e84f0c3e245,1237118165868,1358118214357,121.000048489,not_evaluable,roundabout_manoeuvre,4,signed_lateral_offset|heading_vs_road|lane_marking_continuity|lane_marking_presence,pending_human_review,True,28.153096265352687,-15.81687228855235,True,121.000048489,1309.5260349864816,9.453940076828003,6.759412319765379,23.5,secondary,True,False,0.0,0.0,solid,,1235364468985.0,1265262269475.0,300.0,0.099992397,left,0.9733333333333334,,0.9733333333333334,0.8433333333333334,16631.876666666667,"{'frames': 300, 'frames_with_offset': 47, 'coverage_fraction': 0.15666666666666668, 'offset_m': {'median': -0.2987804878048781, 'p05': -0.6071454172977114, 'p95': 0.46053382565345, 'range_m': 1.0676792429511615}, 'unavailable_reasons': {'no lane marking in the measurement band': 149, 'only one lane boundary visible': 104}, 'assumed_lane_width_m': 3.5, 'caveat': 'the pixel-to-metre scale assumes a 3.5 m lane. The measured offset scales linearly with that assumption, so its absolute value is only as good as the lane width; changes over time within one block do not depend on it.'}"
car_slc_005,car,car_2e84f0c3e245,1360118215087,1406118230972,46.000015885,not_evaluable,roundabout_manoeuvre,2,signed_lateral_offset|heading_vs_road,pending_human_review,True,23.992006695411362,-17.250685510404317,True,46.000015885,457.54601231114475,8.062232655148174,9.731681009577226,36.0,unclassified,True,False,0.0,0.0,,no dense frozen semantic block covers this window,,,,,,,,,,,
motorcycle_slc_001,motorcycle,motorcycle_5ab8604a14df,2181248203955,2236248177080,54.999973125,not_evaluable,junction_manoeuvre,2,signed_lateral_offset|heading_vs_road,pending_human_review,True,12.452313790881384,8.1310382853641,False,54.999973125,300.84433581957705,4.844767779111862,7.02656592005235,5.0,residential,None,False,0.0,395.10320846959115,,no dense frozen semantic block covers this window,,,,,,,,,,,
motorcycle_slc_002,motorcycle,motorcycle_5ab8604a14df,2240248174788,2243248173018,2.99999823,not_evaluable,lane_keeping_or_drift,2,signed_lateral_offset|heading_vs_road,pending_human_review,True,2.331593272708286,-1.923549857576356,True,2.99999823,52.76861137152355,13.860750198364258,1.5114871539543806,9.0,unclassified,None,False,75.57539834547873,306.07647076391436,,no dense frozen semantic block covers this window,,,,,,,,,,,
motorcycle_slc_003,motorcycle,motorcycle_5ab8604a14df,2258248163747,2271248155466,12.999991719,not_evaluable,junction_manoeuvre,2,signed_lateral_offset|heading_vs_road,pending_human_review,True,6.550059042483721,-4.886365584224718,True,12.999991719,41.90620876401624,2.33907145687512,37.67743556893485,4.0,unclassified,None,False,3.1714429417797168,132.18327610532296,,no dense frozen semantic block covers this window,,,,,,,,,,,
motorcycle_slc_004,motorcycle,motorcycle_5ab8604a14df,2273248154164,2276248152236,2.999998072,not_evaluable,lane_keeping_or_drift,2,signed_lateral_offset|heading_vs_road,pending_human_review,True,2.785279633187127,1.9798009792603968,False,2.999998072,52.33440418599116,17.409250259399414,3.40260803664626,4.0,primary,True,False,35.44604443842278,48.58899233400594,,no dense frozen semantic block covers this window,,,,,,,,,,,
motorcycle_slc_005,motorcycle,motorcycle_5ab8604a14df,2278248150882,2289248143591,10.999992709,not_evaluable,roundabout_manoeuvre,2,signed_lateral_offset|heading_vs_road,pending_human_review,True,9.574449815529817,5.379690830302937,False,10.999992709,146.34157248739166,10.552916844685873,11.363306949228383,4.0,primary,True,False,85.18216293128685,0.0,,no dense frozen semantic block covers this window,,,,,,,,,,,
motorcycle_slc_006,motorcycle,motorcycle_5ab8604a14df,2291248142237,2293248140882,1.999998645,not_evaluable,roundabout_manoeuvre,2,signed_lateral_offset|heading_vs_road,pending_human_review,True,1.9681281806225859,-1.705230336083865,True,1.999998645,25.65874786203051,12.25866667429606,4.64757869983709,4.0,primary,True,False,41.30156595223062,4.855014642049714,,no dense frozen semantic block covers this window,,,,,,,,,,,
motorcycle_slc_007,motorcycle,motorcycle_5ab8604a14df,2306248131559,2312248127132,5.999995573,not_evaluable,junction_manoeuvre,2,signed_lateral_offset|heading_vs_road,pending_human_review,True,3.0707080202247123,-2.2435798252624592,True,5.999995573,104.53040411252027,17.19414302280971,1.882160108745072,3.0,primary,None,False,1.0391843889933987,220.23445467732714,,no dense frozen semantic block covers this window,,,,,,,,,,,
motorcycle_slc_008,motorcycle,motorcycle_5ab8604a14df,2319248121820,2337248119112,17.999997292,not_evaluable,junction_manoeuvre,2,signed_lateral_offset|heading_vs_road,pending_human_review,True,2.5601029936274244,1.9450700152357445,False,17.999997292,335.22591678809795,18.37389494243421,1.5142656381952435,2.0,primary,None,False,7.6148582569626395,225.14467086123818,,no dense frozen semantic block covers this window,,,,,,,,,,,
motorcycle_slc_009,motorcycle,motorcycle_5ab8604a14df,2339248119580,2341248120049,2.000000469,not_evaluable,junction_manoeuvre,2,signed_lateral_offset|heading_vs_road,pending_human_review,True,1.2863643010694183,1.2762130759702697,False,2.000000469,40.802437568873074,17.749666849772137,0.2526280625685236,2.0,primary,None,False,8.294115127797948,154.20903511244435,,no dense frozen semantic block covers this window,,,,,,,,,,,
motorcycle_slc_010,motorcycle,motorcycle_5ab8604a14df,2348248121612,2351248122289,3.000000677,not_evaluable,roundabout_manoeuvre,2,signed_lateral_offset|heading_vs_road,pending_human_review,True,1.9641220654950606,1.7526399858232775,False,3.000000677,27.85279623592828,9.805000066757202,5.230869840114298,3.0,primary,True,False,14.436309349339222,20.422698401928457,,no dense frozen semantic block covers this window,,,,,,,,,,,
motorcycle_slc_011,motorcycle,motorcycle_5ab8604a14df,2354248122914,2359248123955,5.000001041,not_evaluable,roundabout_manoeuvre,2,signed_lateral_offset|heading_vs_road,pending_human_review,True,8.720708905926953,6.195990525328469,False,5.000001041,56.2277992029035,8.893333435058594,21.26730196206555,3.0,primary,True,False,54.100718396987176,0.2845071428780702,,no dense frozen semantic block covers this window,,,,,,,,,,,
motorcycle_slc_012,motorcycle,motorcycle_5ab8604a14df,2366248125205,2379248127549,13.000002344,not_evaluable,lane_keeping_or_drift,2,signed_lateral_offset|heading_vs_road,pending_human_review,True,4.423264935611755,2.531571633886041,False,13.000002344,212.38258776057137,16.33285733631679,2.0432127446203014,3.0,primary,None,False,36.3789412631094,86.98131795345488,,no dense frozen semantic block covers this window,,,,,,,,,,,
motorcycle_slc_013,motorcycle,motorcycle_5ab8604a14df,2386248128747,2391248129476,5.000000729,not_evaluable,lane_keeping_or_drift,2,signed_lateral_offset|heading_vs_road,pending_human_review,True,3.74444878123969,2.526544713146708,False,5.000000729,144.23860584798786,27.20800018310547,2.0011836895280104,3.0,primary,None,False,120.32046885355912,301.9315411240892,,no dense frozen semantic block covers this window,,,,,,,,,,,
motorcycle_slc_014,motorcycle,motorcycle_5ab8604a14df,2399248130674,2400248130830,1.000000156,not_evaluable,junction_manoeuvre,2,signed_lateral_offset|heading_vs_road,pending_human_review,True,1.537479057648168,-1.5194214625566143,True,1.000000156,31.674192804171525,31.597000122070312,0.07819829366695075,3.0,primary,None,False,4.63289192136857,395.4339285264145,,no dense frozen semantic block covers this window,,,,,,,,,,,
motorcycle_slc_015,motorcycle,motorcycle_5ab8604a14df,2407248131872,2408248132028,1.000000156,not_evaluable,lane_keeping_or_drift,2,signed_lateral_offset|heading_vs_road,pending_human_review,True,1.5457823936382542,1.4712526384909648,False,1.000000156,28.48888076803587,28.347000122070312,1.9188521819317188,3.0,primary,None,False,245.34599949818394,574.0408956892743,,no dense frozen semantic block covers this window,,,,,,,,,,,
motorcycle_slc_016,motorcycle,motorcycle_5ab8604a14df,2410248132341,2412248132653,2.000000312,not_evaluable,lane_keeping_or_drift,2,signed_lateral_offset|heading_vs_road,pending_human_review,True,1.7587040796834152,1.5823488102845975,False,2.000000312,58.54900194759148,29.21233367919922,2.896277501988237,3.0,primary,None,False,226.29325728633836,629.5635719541624,,no dense frozen semantic block covers this window,,,,,,,,,,,
motorcycle_slc_017,motorcycle,motorcycle_5ab8604a14df,2416248133226,2440248136091,24.000002865,not_evaluable,junction_manoeuvre,2,signed_lateral_offset|heading_vs_road,pending_human_review,True,4.2016135923589975,2.4158555776409263,False,24.000002865,572.7146780438125,23.19852020263672,0.9975799581235583,3.0,primary,None,False,1.0659512644622016,122.78445120699416,,no dense frozen semantic block covers this window,,,,,,,,,,,
motorcycle_slc_018,motorcycle,motorcycle_5ab8604a14df,2448248136611,2469248137080,21.000000469,not_evaluable,junction_manoeuvre,2,signed_lateral_offset|heading_vs_road,pending_human_review,True,3.655232431169882,-2.7736699143340178,True,21.000000469,494.18237896109804,23.04886384443803,1.0538244815948317,2.0,primary,None,False,2.292370993000685,106.14848926421992,,no dense frozen semantic block covers this window,,,,,,,,,,,
motorcycle_slc_019,motorcycle,motorcycle_5ab8604a14df,2473248137028,2482248136872,8.999999844,not_evaluable,roundabout_manoeuvre,2,signed_lateral_offset|heading_vs_road,pending_human_review,True,4.644628994726682,0.3903523806901396,False,8.999999844,113.50913168275929,11.610800075531007,9.24515950243487,3.0,primary,True,False,38.318313824632234,0.00010825499855654852,,no dense frozen semantic block covers this window,,,,,,,,,,,
motorcycle_slc_020,motorcycle,motorcycle_5ab8604a14df,2488248136716,2493248136611,4.999999895,not_evaluable,junction_manoeuvre,2,signed_lateral_offset|heading_vs_road,pending_human_review,True,3.2573566558778957,2.4254571587914406,False,4.999999895,118.51882102726813,22.550500233968098,2.1756932062994374,3.0,primary,True,False,19.54738482610243,61.920253704770495,,no dense frozen semantic block covers this window,,,,,,,,,,,
motorcycle_slc_021,motorcycle,motorcycle_5ab8604a14df,2501248136455,2507248136351,5.999999896,not_evaluable,junction_manoeuvre,2,signed_lateral_offset|heading_vs_road,pending_human_review,True,2.837289025482142,2.231889663859628,False,5.999999896,117.3471815507719,19.25357164655413,1.4005578578801103,2.0,primary,None,False,7.686973010199367,230.2329699421731,,no dense frozen semantic block covers this window,,,,,,,,,,,
motorcycle_slc_022,motorcycle,motorcycle_5ab8604a14df,2564248135101,2565248135049,0.999999948,not_evaluable,lane_keeping_or_drift,2,signed_lateral_offset|heading_vs_road,pending_human_review,True,1.2534621781204551,-1.228374295486898,True,0.999999948,15.346276286137254,15.291000366210938,0.1873363412339515,2.0,primary,None,False,27.952101270665814,389.42353947930013,,no dense frozen semantic block covers this window,,,,,,,,,,,
motorcycle_slc_023,motorcycle,motorcycle_5ab8604a14df,2568248134945,2576248134632,7.999999687,not_evaluable,junction_manoeuvre,2,signed_lateral_offset|heading_vs_road,pending_human_review,True,1.715710686931537,-1.5275101360056849,True,7.999999687,127.72176627948465,15.397777875264486,0.6123719369866336,3.0,primary,None,False,0.030306768033017788,372.43182939518096,,no dense frozen semantic block covers this window,,,,,,,,,,,
motorcycle_slc_024,motorcycle,motorcycle_5ab8604a14df,2603248133851,2619248133226,15.999999375,not_evaluable,roundabout_manoeuvre,2,signed_lateral_offset|heading_vs_road,pending_human_review,True,3.3920701478389956,-2.15098780595447,True,15.999999375,173.63642068061563,10.524058846866383,3.6945659777442454,4.0,primary,None,False,0.558218457886826,0.37268140319003634,,no dense frozen semantic block covers this window,,,,,,,,,,,
motorcycle_slc_025,motorcycle,motorcycle_5ab8604a14df,2622248133070,2632248132497,9.999999427,not_evaluable,roundabout_manoeuvre,2,signed_lateral_offset|heading_vs_road,pending_human_review,True,4.2983189768366685,-1.2776095747219687,True,9.999999427,164.24251921855375,14.590454708446156,6.30367090803448,3.0,primary,True,False,3.66646929297227,1.1190227864474664,,no dense frozen semantic block covers this window,,,,,,,,,,,
motorcycle_slc_026,motorcycle,motorcycle_5ab8604a14df,2649248131820,2650248131768,0.999999948,not_evaluable,lane_keeping_or_drift,2,signed_lateral_offset|heading_vs_road,pending_human_review,True,1.2899228930911486,1.2642621725192327,False,0.999999948,20.307968993463874,20.555500030517578,0.24925886854974522,3.0,primary,None,False,83.89223095265629,461.27996987240635,,no dense frozen semantic block covers this window,,,,,,,,,,,
motorcycle_slc_027,motorcycle,motorcycle_5ab8604a14df,2652248131716,2720248129737,67.999998021,not_evaluable,junction_manoeuvre,2,signed_lateral_offset|heading_vs_road,pending_human_review,True,3.51529195175178,2.0507565155813277,False,67.999998021,744.7669115316667,10.936347906140314,1.7184418868707374,3.0,primary,None,False,0.1396736191582446,517.4941990001074,,no dense frozen semantic block covers this window,,,,,,,,,,,
motorcycle_slc_028,motorcycle,motorcycle_5ab8604a14df,2723248129684,2736248129372,12.999999688,not_evaluable,junction_manoeuvre,2,signed_lateral_offset|heading_vs_road,pending_human_review,True,1.7282449974074754,1.4890309902178256,False,12.999999688,10.727746343347462,0.9720714177404132,4.161507381815663,4.0,primary,None,False,7.5244321835612045,1044.7333650076234,,no dense frozen semantic block covers this window,,,,,,,,,,,
motorcycle_slc_029,motorcycle,motorcycle_5ab8604a14df,2738248129372,2747248129216,8.999999844,not_evaluable,junction_manoeuvre,2,signed_lateral_offset|heading_vs_road,pending_human_review,True,1.797772512359418,1.522618179857463,False,8.999999844,240.23754231525163,24.713500213623046,0.6932889032608145,5.0,primary,None,False,3.502741822592995,800.5401194930547,,no dense frozen semantic block covers this window,,,,,,,,,,,
motorcycle_slc_030,motorcycle,motorcycle_5ab8604a14df,2752248129060,2753248129060,1.0,not_evaluable,lane_keeping_or_drift,2,signed_lateral_offset|heading_vs_road,pending_human_review,True,1.3069243896957357,-1.2720338636232134,True,1.0,25.73129001727102,25.902000427246094,0.40286518549977046,5.0,primary,None,False,90.18946836876933,654.2809713278588,,no dense frozen semantic block covers this window,,,,,,,,,,,
motorcycle_slc_031,motorcycle,motorcycle_5ab8604a14df,2757248128955,2776248128799,18.999999844,not_evaluable,junction_manoeuvre,2,signed_lateral_offset|heading_vs_road,pending_human_review,True,3.636814596569599,2.252329978243421,False,18.999999844,429.28330030428333,22.42035026550293,1.6411061256266002,3.0,primary,None,False,1.0981392536640646,193.22457405239683,,no dense frozen semantic block covers this window,,,,,,,,,,,
motorcycle_slc_032,motorcycle,motorcycle_5ab8604a14df,2798248129060,2801248129111,3.000000051,not_evaluable,junction_manoeuvre,2,signed_lateral_offset|heading_vs_road,pending_human_review,True,2.434906715131851,1.834480278809046,False,3.000000051,55.17627524285854,18.076000213623047,2.5299081713169898,3.0,primary,None,False,7.69017320684571,230.13710563593656,,no dense frozen semantic block covers this window,,,,,,,,,,,
motorcycle_slc_033,motorcycle,motorcycle_5ab8604a14df,2803248129164,2804248129164,1.0,not_evaluable,lane_keeping_or_drift,2,signed_lateral_offset|heading_vs_road,pending_human_review,True,1.8057434878997594,1.6200929652687015,False,1.0,15.861913141652622,15.888500213623047,4.600655560772168,3.0,primary,None,False,43.577427284254775,184.45957163111987,,no dense frozen semantic block covers this window,,,,,,,,,,,
motorcycle_slc_034,motorcycle,motorcycle_5ab8604a14df,2816248129268,2825248129476,9.000000208,not_evaluable,roundabout_manoeuvre,2,signed_lateral_offset|heading_vs_road,pending_human_review,True,7.161168788943787,3.765552697645012,False,9.000000208,121.33007620670651,10.457900094985963,13.778580713132886,3.0,primary,True,False,33.15882275636232,0.0,,no dense frozen semantic block covers this window,,,,,,,,,,,
motorcycle_slc_035,motorcycle,motorcycle_5ab8604a14df,2827248129528,2830248129632,3.000000104,not_evaluable,junction_manoeuvre,2,signed_lateral_offset|heading_vs_road,pending_human_review,True,2.6991904032239744,-1.9982150515245185,True,3.000000104,77.01324078547077,22.839750289916992,2.9066555831920198,3.0,primary,True,False,2.468124160544311,31.79981263511276,,no dense frozen semantic block covers this window,,,,,,,,,,,
motorcycle_slc_036,motorcycle,motorcycle_5ab8604a14df,2834248129789,2839248129893,5.000000104,not_evaluable,junction_manoeuvre,2,signed_lateral_offset|heading_vs_road,pending_human_review,True,1.7103177142285402,1.4155037652982425,False,5.000000104,115.50916210068135,23.10616683959961,0.441307702018553,3.0,primary,None,False,0.001850895261789918,198.9943158110946,,no dense frozen semantic block covers this window,,,,,,,,,,,
motorcycle_slc_037,motorcycle,motorcycle_5ab8604a14df,2846248130049,2849248130153,3.000000104,not_evaluable,lane_keeping_or_drift,2,signed_lateral_offset|heading_vs_road,pending_human_review,True,2.07944935606214,1.7535414070534363,False,3.000000104,72.15221613706672,23.819000244140625,1.0119553305124356,3.0,primary,None,False,49.4823345199163,470.97807995839526,,no dense frozen semantic block covers this window,,,,,,,,,,,
motorcycle_slc_038,motorcycle,motorcycle_5ab8604a14df,2854248130362,2876248131143,22.000000781,not_evaluable,junction_manoeuvre,2,signed_lateral_offset|heading_vs_road,pending_human_review,True,3.109994866084325,2.1562409366654047,False,22.000000781,513.8946634322692,23.39091325842816,0.6582161427331367,3.0,primary,None,False,6.480767243557674,85.16221682828424,,no dense frozen semantic block covers this window,,,,,,,,,,,
motorcycle_slc_039,motorcycle,motorcycle_5ab8604a14df,2881248131403,2885248131664,4.000000261,not_evaluable,roundabout_manoeuvre,2,signed_lateral_offset|heading_vs_road,pending_human_review,True,6.906108599013354,4.286259435892191,False,4.000000261,58.380631357931634,12.17720012664795,8.944202811153776,3.0,primary,True,False,8.75456623800591,0.6039356421649015,,no dense frozen semantic block covers this window,,,,,,,,,,,
motorcycle_slc_040,motorcycle,motorcycle_5ab8604a14df,2887248131820,2891248132132,4.000000312,not_evaluable,roundabout_manoeuvre,2,signed_lateral_offset|heading_vs_road,pending_human_review,True,5.032960366322838,-4.2097478867892635,True,4.000000312,68.24280408969753,15.066200256347656,4.2643242939823125,4.0,secondary,True,False,3.5515810874376212,3.185036178559771,,no dense frozen semantic block covers this window,,,,,,,,,,,
motorcycle_slc_041,motorcycle,motorcycle_5ab8604a14df,2895248132445,2900248132810,5.000000365,not_evaluable,junction_manoeuvre,2,signed_lateral_offset|heading_vs_road,pending_human_review,True,1.9868032745255437,1.7293629591985822,False,5.000000365,114.25561335811835,22.786666870117188,0.7131834763994741,3.0,secondary,None,False,0.11463207765713578,152.81533644062435,,no dense frozen semantic block covers this window,,,,,,,,,,,
motorcycle_slc_042,motorcycle,motorcycle_5ab8604a14df,2917248134164,2926248134997,9.000000833,not_evaluable,junction_manoeuvre,2,signed_lateral_offset|heading_vs_road,pending_human_review,True,2.395082058868222,1.8822330587573937,False,9.000000833,147.14714003374502,16.796700191497802,1.2231381471506666,3.0,secondary,None,False,4.554738890290726,553.5619246244574,,no dense frozen semantic block covers this window,,,,,,,,,,,
motorcycle_slc_043,motorcycle,motorcycle_5ab8604a14df,2956248137705,2958248137914,2.000000209,not_evaluable,junction_manoeuvre,2,signed_lateral_offset|heading_vs_road,pending_human_review,True,1.5122302201489193,-1.3870533736178448,True,2.000000209,20.826540417790966,10.925666809082031,2.042691986946475,3.0,secondary,None,False,3.1338011793099994,55.928759747141534,,no dense frozen semantic block covers this window,,,,,,,,,,,
motorcycle_slc_044,motorcycle,motorcycle_5ab8604a14df,2961248138122,2971248138955,10.000000833,not_evaluable,roundabout_manoeuvre,2,signed_lateral_offset|heading_vs_road,pending_human_review,True,8.244877151694963,5.360625615576466,False,10.000000833,88.98125952498594,7.471818230368874,12.687934717877875,3.0,secondary,True,False,5.343653807789852,1.4210678791235947,,no dense frozen semantic block covers this window,,,,,,,,,,,
motorcycle_slc_045,motorcycle,motorcycle_5ab8604a14df,2973248139112,2984248140049,11.000000937,not_evaluable,roundabout_manoeuvre,2,signed_lateral_offset|heading_vs_road,pending_human_review,True,2.509177880105789,-1.9881810705370213,True,11.000000937,136.7052664024177,11.976333459218344,2.6159116843282,3.0,secondary,True,False,3.0732617242776135,8.942158815552892,,no dense frozen semantic block covers this window,,,,,,,,,,,
motorcycle_slc_046,motorcycle,motorcycle_5ab8604a14df,2992248140518,2998248140882,6.000000364,not_evaluable,junction_manoeuvre,2,signed_lateral_offset|heading_vs_road,pending_human_review,True,1.844226607908025,-1.504403316668308,True,6.000000364,65.62528442802068,11.039143017360143,1.3833494006771372,3.0,secondary,None,False,0.19986781847159857,230.69995551938993,,no dense frozen semantic block covers this window,,,,,,,,,,,
motorcycle_slc_047,motorcycle,motorcycle_5ab8604a14df,3014248141872,3020248142237,6.000000365,not_evaluable,junction_manoeuvre,2,signed_lateral_offset|heading_vs_road,pending_human_review,True,2.9850613756203437,-0.7860290562478583,True,6.000000365,63.393844957174224,8.682000228336879,8.007700268149204,4.0,secondary,None,False,1.5039840488456684,160.35801824218143,,no dense frozen semantic block covers this window,,,,,,,,,,,
motorcycle_slc_048,motorcycle,motorcycle_5ab8604a14df,3022248142289,3032248142862,10.000000573,not_evaluable,lane_keeping_or_drift,2,signed_lateral_offset|heading_vs_road,pending_human_review,True,3.188113610600168,2.6046017484675983,False,10.000000573,115.463027628286,11.221818403764205,1.5159395492579868,4.0,unclassified,True,False,35.62857249506102,31.282184298921546,,no dense frozen semantic block covers this window,,,,,,,,,,,
motorcycle_slc_049,motorcycle,motorcycle_5ab8604a14df,3038248143278,3040248143435,2.000000157,not_evaluable,roundabout_manoeuvre,2,signed_lateral_offset|heading_vs_road,pending_human_review,True,3.5844247286379622,2.9459960386618333,False,2.000000157,12.095873664029568,4.1939999262491865,14.164210267793857,3.0,unclassified,True,False,14.641751957080409,0.462521230750274,,no dense frozen semantic block covers this window,,,,,,,,,,,
motorcycle_slc_050,motorcycle,motorcycle_5ab8604a14df,3042248143591,3046248143903,4.000000312,not_evaluable,roundabout_manoeuvre,2,signed_lateral_offset|heading_vs_road,pending_human_review,True,3.2387092249904943,-2.441820419306013,True,4.000000312,46.17969373575761,9.54960012435913,3.87250024869216,3.0,unclassified,True,False,1.0833702294483794,2.4374105259348235,,no dense frozen semantic block covers this window,,,,,,,,,,,
motorcycle_slc_051,motorcycle,motorcycle_5ab8604a14df,3064248145310,3067248145570,3.00000026,not_evaluable,junction_manoeuvre,2,signed_lateral_offset|heading_vs_road,pending_human_review,True,2.400163064076964,-1.9737570536334244,True,3.00000026,37.0894677813867,11.221750020980835,4.526920778935949,3.0,unclassified,None,False,2.44093556557642,26.570268203417925,,no dense frozen semantic block covers this window,,,,,,,,,,,
motorcycle_slc_052,motorcycle,motorcycle_5ab8604a14df,3071248145934,3073248146143,2.000000209,not_evaluable,roundabout_manoeuvre,2,signed_lateral_offset|heading_vs_road,pending_human_review,True,4.056854678695705,-3.324607210986335,True,2.000000209,8.436523804684839,4.369999965031941,10.524284676074544,4.0,unclassified,True,False,1.15094720331244,0.854612096481267,,no dense frozen semantic block covers this window,,,,,,,,,,,
motorcycle_slc_053,motorcycle,motorcycle_5ab8604a14df,3075248146351,3093248148070,18.000001719,not_evaluable,roundabout_manoeuvre,2,signed_lateral_offset|heading_vs_road,pending_human_review,True,5.282265855498422,-2.1675119974920576,True,18.000001719,304.8305502811563,14.67794754630641,5.139768732544881,4.0,unclassified,True,False,2.339716604544957,0.7337868619747946,,no dense frozen semantic block covers this window,,,,,,,,,,,
motorcycle_slc_054,motorcycle,motorcycle_5ab8604a14df,3100248148851,3114248150309,14.000001458,not_evaluable,roundabout_manoeuvre,4,signed_lateral_offset|heading_vs_road|lane_marking_continuity|lane_marking_presence,pending_human_review,True,7.608351007537731,-3.1677578285735137,True,14.000001458,283.56675019299473,18.540266863505046,8.74485538802298,3.0,tertiary,True,False,4.477072964917323,0.8521467412238528,solid,,3099822119217.0,3129751762010.0,450.0,0.066661407,right,0.9866666666666667,,0.9533333333333334,0.9866666666666667,104267.21555555555,"{'frames': 450, 'frames_with_offset': 254, 'coverage_fraction': 0.5644444444444444, 'offset_m': {'median': -0.021478891751222334, 'p05': -1.1978186862691511, 'p95': 1.262228406311054, 'range_m': 2.460047092580205}, 'unavailable_reasons': {'only one lane boundary visible': 98, 'apparent lane width 1 px is implausibly narrow': 74, 'apparent lane width 96 px is implausibly narrow': 1, 'apparent lane width 57 px is implausibly narrow': 1, 'no lane marking in the measurement band': 21, 'apparent lane width 25 px is implausibly narrow': 1}, 'assumed_lane_width_m': 3.5, 'caveat': 'the pixel-to-metre scale assumes a 3.5 m lane. The measured offset scales linearly with that assumption, so its absolute value is only as good as the lane width; changes over time within one block do not depend on it.'}"
motorcycle_slc_055,motorcycle,motorcycle_5ab8604a14df,3118248150726,3120248150934,2.000000208,not_evaluable,roundabout_manoeuvre,4,signed_lateral_offset|heading_vs_road|lane_marking_continuity|lane_marking_presence,pending_human_review,True,4.478997547397936,-3.625247186797086,True,2.000000208,32.99248444944715,13.249666849772135,13.71982148561859,4.0,tertiary,None,False,1.4869648208507966,7.6861971468812085,solid,,3099822119217.0,3129751762010.0,450.0,0.066661407,right,0.9866666666666667,,0.9533333333333334,0.9866666666666667,104267.21555555555,"{'frames': 450, 'frames_with_offset': 254, 'coverage_fraction': 0.5644444444444444, 'offset_m': {'median': -0.021478891751222334, 'p05': -1.1978186862691511, 'p95': 1.262228406311054, 'range_m': 2.460047092580205}, 'unavailable_reasons': {'only one lane boundary visible': 98, 'apparent lane width 1 px is implausibly narrow': 74, 'apparent lane width 96 px is implausibly narrow': 1, 'apparent lane width 57 px is implausibly narrow': 1, 'no lane marking in the measurement band': 21, 'apparent lane width 25 px is implausibly narrow': 1}, 'assumed_lane_width_m': 3.5, 'caveat': 'the pixel-to-metre scale assumes a 3.5 m lane. The measured offset scales linearly with that assumption, so its absolute value is only as good as the lane width; changes over time within one block do not depend on it.'}"
motorcycle_slc_056,motorcycle,motorcycle_5ab8604a14df,3124248151403,3127248151716,3.000000313,not_evaluable,roundabout_manoeuvre,4,signed_lateral_offset|heading_vs_road|lane_marking_continuity|lane_marking_presence,pending_human_review,True,3.3716572191727963,-2.6200414467392856,True,3.000000313,29.29648250548962,7.853750228881836,9.18955512438138,4.0,residential,True,False,3.733869673616758,4.641073022647324,solid,,3099822119217.0,3129751762010.0,450.0,0.066661407,right,0.9866666666666667,,0.9533333333333334,0.9866666666666667,104267.21555555555,"{'frames': 450, 'frames_with_offset': 254, 'coverage_fraction': 0.5644444444444444, 'offset_m': {'median': -0.021478891751222334, 'p05': -1.1978186862691511, 'p95': 1.262228406311054, 'range_m': 2.460047092580205}, 'unavailable_reasons': {'only one lane boundary visible': 98, 'apparent lane width 1 px is implausibly narrow': 74, 'apparent lane width 96 px is implausibly narrow': 1, 'apparent lane width 57 px is implausibly narrow': 1, 'no lane marking in the measurement band': 21, 'apparent lane width 25 px is implausibly narrow': 1}, 'assumed_lane_width_m': 3.5, 'caveat': 'the pixel-to-metre scale assumes a 3.5 m lane. The measured offset scales linearly with that assumption, so its absolute value is only as good as the lane width; changes over time within one block do not depend on it.'}"
