domain,recording_id,source_frame_index,timestamp_ns,timestamp_s,image_path,selection_reason,failure_mode_candidate,confidence,entropy,split_group,route_segment,route_progression,pairing_id,strata_covered,expected_classes,hand_visibility_candidate,provenance
car,car_2e84f0c3e245,2340,1289259554796,1289.259554796,output/article1/ingestion/scout/car_2e84f0c3e245/frames/rectified/frame_002340.jpg,"[external_validation] adds 14 previously uncovered strata: cockpit:prominent, domain:car, geometry:turning, hand:left:visible, hand:right:out_of_frame, light:normal",,,,external_validation,q2,0.5664984740326751,,cockpit:prominent;domain:car;geometry:turning;hand:left:visible;hand:right:out_of_frame;light:normal;motion:high;route:q2;scene:boundary;scene:markings;scene:pedestrian;scene:signage;scene:traffic;scene:two_wheeler,other_environment;pedestrian;regulatory_road_marking;road_boundary_or_obstacle;road_surface;traffic_sign;two_wheeler;vehicle,"{""left"": ""visible"", ""right"": ""out_of_frame""}",{}
car,car_2e84f0c3e245,2110,1266262212538,1266.262212538,output/article1/ingestion/scout/car_2e84f0c3e245/frames/rectified/frame_002110.jpg,"[external_validation] adds 7 previously uncovered strata: geometry:straight, hand:left:partially_visible, hand:right:visible, light:dark, motion:low, route:q1",,,,external_validation,q1,0.48087274234624655,,cockpit:prominent;domain:car;geometry:straight;hand:left:partially_visible;hand:right:visible;light:dark;motion:low;route:q1;scene:boundary;scene:clear;scene:markings;scene:pedestrian;scene:signage,other_environment;regulatory_road_marking;road_boundary_or_obstacle;road_surface;traffic_sign;vehicle,"{""left"": ""partially_visible"", ""right"": ""visible""}",{}
car,car_2e84f0c3e245,870,1142271674307,1142.271674307,output/article1/ingestion/scout/car_2e84f0c3e245/frames/rectified/frame_000870.jpg,"[external_validation] adds 3 previously uncovered strata: hand:right:partially_visible, motion:medium, route:q0",,,,external_validation,q0,0.0,,cockpit:prominent;domain:car;geometry:straight;hand:left:visible;hand:right:partially_visible;light:dark;motion:medium;route:q0;scene:boundary;scene:markings;scene:pedestrian;scene:traffic,lane_marking;other_environment;pedestrian;regulatory_road_marking;road_boundary_or_obstacle;road_surface;vehicle,"{""left"": ""visible"", ""right"": ""partially_visible""}",{}
car,car_2e84f0c3e245,2400,1295258580411,1295.258580411,output/article1/ingestion/scout/car_2e84f0c3e245/frames/rectified/frame_002400.jpg,"[external_validation] adds 2 previously uncovered strata: cockpit:minimal, hand:left:out_of_frame",,,,external_validation,q2,0.5717370226020317,,cockpit:minimal;domain:car;geometry:turning;hand:left:out_of_frame;hand:right:out_of_frame;light:normal;motion:high;route:q2;scene:boundary;scene:markings;scene:signage;scene:traffic,lane_marking;other_environment;road_boundary_or_obstacle;road_surface;traffic_sign;vehicle,"{""left"": ""out_of_frame"", ""right"": ""out_of_frame""}",{}
car,car_2e84f0c3e245,3760,1431249542724,1431.249542724,output/article1/ingestion/scout/car_2e84f0c3e245/frames/rectified/frame_003760.jpg,"[external_validation] adds 2 previously uncovered strata: hand:right:not_visible, route:q3",,,,external_validation,q3,1.0,,cockpit:prominent;domain:car;geometry:turning;hand:left:visible;hand:right:not_visible;light:dark;motion:high;route:q3;scene:boundary;scene:clear;scene:pedestrian;scene:signage,other_environment;pedestrian;road_boundary_or_obstacle;road_surface;traffic_sign,"{""left"": ""visible"", ""right"": ""not_visible""}",{}
car,car_2e84f0c3e245,2370,1292259339693,1292.259339693,output/article1/ingestion/scout/car_2e84f0c3e245/frames/rectified/frame_002370.jpg,[external_validation] adds 1 previously uncovered strata: light:bright,,,,external_validation,q2,0.5699013375958301,,cockpit:prominent;domain:car;geometry:turning;hand:left:visible;hand:right:out_of_frame;light:bright;motion:high;route:q2;scene:boundary;scene:markings;scene:pedestrian;scene:signage;scene:traffic;scene:two_wheeler,lane_marking;other_environment;pedestrian;road_boundary_or_obstacle;road_surface;traffic_sign;two_wheeler;vehicle,"{""left"": ""visible"", ""right"": ""out_of_frame""}",{}
car,car_2e84f0c3e245,10,1056278117536,1056.278117536,output/article1/ingestion/scout/car_2e84f0c3e245/frames/rectified/frame_000010.jpg,[external_validation] adds 1 previously uncovered strata: hand:left:not_visible,,,,external_validation,q0,0.0,,cockpit:prominent;domain:car;geometry:turning;hand:left:not_visible;hand:right:out_of_frame;light:dark;motion:high;route:q0;scene:boundary;scene:signage;scene:traffic,other_environment;regulatory_road_marking;road_boundary_or_obstacle;road_surface;traffic_light;vehicle,"{""left"": ""not_visible"", ""right"": ""out_of_frame""}",{}
car,car_2e84f0c3e245,1810,1236264350027,1236.264350027,output/article1/ingestion/scout/car_2e84f0c3e245/frames/rectified/frame_001810.jpg,[external_validation] adds 1 previously uncovered strata: cockpit:partial,,,,external_validation,q1,0.3409224329978936,,cockpit:partial;domain:car;geometry:turning;hand:left:visible;hand:right:out_of_frame;light:normal;motion:high;route:q1;scene:boundary;scene:pedestrian;scene:traffic,other_environment;pedestrian;road_boundary_or_obstacle;road_surface;vehicle,"{""left"": ""visible"", ""right"": ""out_of_frame""}",{}
car,car_2e84f0c3e245,1560,1211266549339,1211.266549339,output/article1/ingestion/scout/car_2e84f0c3e245/frames/rectified/frame_001560.jpg,[external_validation] extends coverage of already represented conditions,,,,external_validation,q1,0.29371805013912444,,cockpit:prominent;domain:car;geometry:turning;hand:left:visible;hand:right:out_of_frame;light:dark;motion:high;route:q1;scene:boundary;scene:clear;scene:markings;scene:pedestrian;scene:signage,lane_marking;other_environment;pedestrian;regulatory_road_marking;road_boundary_or_obstacle;road_surface;traffic_sign;vehicle,"{""left"": ""visible"", ""right"": ""out_of_frame""}",{}
car,car_2e84f0c3e245,1680,1223265645495,1223.265645495,output/article1/ingestion/scout/car_2e84f0c3e245/frames/rectified/frame_001680.jpg,[external_validation] extends coverage of already represented conditions,,,,external_validation,q1,0.3282383319508213,,cockpit:prominent;domain:car;geometry:straight;hand:left:visible;hand:right:out_of_frame;light:dark;motion:medium;route:q1;scene:boundary;scene:markings;scene:pedestrian;scene:signage;scene:traffic,lane_marking;other_environment;pedestrian;regulatory_road_marking;road_boundary_or_obstacle;road_surface;traffic_sign;vehicle,"{""left"": ""visible"", ""right"": ""out_of_frame""}",{}
car,car_2e84f0c3e245,3350,1390252744912,1390.252744912,output/article1/ingestion/scout/car_2e84f0c3e245/frames/rectified/frame_003350.jpg,[external_validation] extends coverage of already represented conditions,,,,external_validation,q3,0.9789866803146396,,cockpit:prominent;domain:car;geometry:straight;hand:left:visible;hand:right:out_of_frame;light:normal;motion:low;route:q3;scene:boundary;scene:markings;scene:pedestrian;scene:signage;scene:traffic,lane_marking;other_environment;pedestrian;regulatory_road_marking;road_boundary_or_obstacle;road_surface;traffic_sign;vehicle,"{""left"": ""visible"", ""right"": ""out_of_frame""}",{}
car,car_2e84f0c3e245,620,1117273519620,1117.27351962,output/article1/ingestion/scout/car_2e84f0c3e245/frames/rectified/frame_000620.jpg,[external_validation] extends coverage of already represented conditions,,,,external_validation,q0,0.0,,cockpit:prominent;domain:car;geometry:turning;hand:left:partially_visible;hand:right:visible;light:normal;motion:high;route:q0;scene:boundary;scene:markings;scene:signage;scene:traffic,lane_marking;other_environment;regulatory_road_marking;road_boundary_or_obstacle;road_surface;traffic_sign;vehicle,"{""left"": ""partially_visible"", ""right"": ""visible""}",{}
car,car_2e84f0c3e245,720,1127273001922,1127.273001922,output/article1/ingestion/scout/car_2e84f0c3e245/frames/rectified/frame_000720.jpg,[external_validation] extends coverage of already represented conditions,,,,external_validation,q0,0.0,,cockpit:prominent;domain:car;geometry:straight;hand:left:visible;hand:right:out_of_frame;light:dark;motion:medium;route:q0;scene:boundary;scene:markings;scene:pedestrian;scene:signage;scene:traffic,lane_marking;other_environment;pedestrian;road_boundary_or_obstacle;road_surface;traffic_sign;vehicle,"{""left"": ""visible"", ""right"": ""out_of_frame""}",{}
car,car_2e84f0c3e245,760,1131272559516,1131.272559516,output/article1/ingestion/scout/car_2e84f0c3e245/frames/rectified/frame_000760.jpg,[external_validation] extends coverage of already represented conditions,,,,external_validation,q0,0.0,,cockpit:prominent;domain:car;geometry:straight;hand:left:visible;hand:right:visible;light:dark;motion:medium;route:q0;scene:boundary;scene:clear;scene:pedestrian;scene:signage,lane_marking;other_environment;pedestrian;road_boundary_or_obstacle;road_surface;traffic_sign;vehicle,"{""left"": ""visible"", ""right"": ""visible""}",{}
car,car_2e84f0c3e245,980,1153270909506,1153.270909506,output/article1/ingestion/scout/car_2e84f0c3e245/frames/rectified/frame_000980.jpg,[external_validation] extends coverage of already represented conditions,,,,external_validation,q0,0.0,,cockpit:prominent;domain:car;geometry:turning;hand:left:visible;hand:right:visible;light:normal;motion:high;route:q0;scene:boundary;scene:markings;scene:pedestrian;scene:traffic;scene:two_wheeler,lane_marking;other_environment;pedestrian;road_boundary_or_obstacle;road_surface;two_wheeler;vehicle,"{""left"": ""visible"", ""right"": ""visible""}",{}
car,car_2e84f0c3e245,1360,1191268122859,1191.268122859,output/article1/ingestion/scout/car_2e84f0c3e245/frames/rectified/frame_001360.jpg,[external_validation] extends coverage of already represented conditions,,,,external_validation,q0,0.16352413562535703,,cockpit:prominent;domain:car;geometry:straight;hand:left:visible;hand:right:partially_visible;light:dark;motion:medium;route:q0;scene:boundary;scene:clear;scene:pedestrian;scene:signage,lane_marking;other_environment;pedestrian;road_boundary_or_obstacle;road_surface;traffic_sign;vehicle,"{""left"": ""visible"", ""right"": ""partially_visible""}",{}
car,car_2e84f0c3e245,1610,1216266170120,1216.26617012,output/article1/ingestion/scout/car_2e84f0c3e245/frames/rectified/frame_001610.jpg,[external_validation] extends coverage of already represented conditions,,,,external_validation,q1,0.3169261314867071,,cockpit:prominent;domain:car;geometry:straight;hand:left:visible;hand:right:out_of_frame;light:dark;motion:medium;route:q1;scene:boundary;scene:markings;scene:pedestrian;scene:signage;scene:traffic,lane_marking;other_environment;pedestrian;regulatory_road_marking;road_boundary_or_obstacle;road_surface;vehicle,"{""left"": ""visible"", ""right"": ""out_of_frame""}",{}
car,car_2e84f0c3e245,1650,1220265854130,1220.26585413,output/article1/ingestion/scout/car_2e84f0c3e245/frames/rectified/frame_001650.jpg,[external_validation] extends coverage of already represented conditions,,,,external_validation,q1,0.32523210960120696,,cockpit:prominent;domain:car;geometry:straight;hand:left:visible;hand:right:out_of_frame;light:normal;motion:medium;route:q1;scene:boundary;scene:markings;scene:pedestrian;scene:signage;scene:traffic,lane_marking;other_environment;pedestrian;road_boundary_or_obstacle;road_surface;traffic_sign;vehicle,"{""left"": ""visible"", ""right"": ""out_of_frame""}",{}
car,car_2e84f0c3e245,2030,1258262826141,1258.262826141,output/article1/ingestion/scout/car_2e84f0c3e245/frames/rectified/frame_002030.jpg,[external_validation] extends coverage of already represented conditions,,,,external_validation,q1,0.44464406341350393,,cockpit:prominent;domain:car;geometry:straight;hand:left:visible;hand:right:visible;light:dark;motion:low;route:q1;scene:boundary;scene:markings;scene:signage;scene:traffic,lane_marking;other_environment;regulatory_road_marking;road_boundary_or_obstacle;road_surface;traffic_sign;vehicle,"{""left"": ""visible"", ""right"": ""visible""}",{}
car,car_2e84f0c3e245,2490,1304258680370,1304.25868037,output/article1/ingestion/scout/car_2e84f0c3e245/frames/rectified/frame_002490.jpg,[external_validation] extends coverage of already represented conditions,,,,external_validation,q2,0.5998973673846895,,cockpit:prominent;domain:car;geometry:straight;hand:left:visible;hand:right:out_of_frame;light:normal;motion:low;route:q2;scene:boundary;scene:clear;scene:markings;scene:pedestrian;scene:signage,lane_marking;other_environment;pedestrian;road_boundary_or_obstacle;road_surface;traffic_sign;vehicle,"{""left"": ""visible"", ""right"": ""out_of_frame""}",{}
car,car_2e84f0c3e245,2590,1314257136401,1314.257136401,output/article1/ingestion/scout/car_2e84f0c3e245/frames/rectified/frame_002590.jpg,[external_validation] extends coverage of already represented conditions,,,,external_validation,q2,0.6496504566916403,,cockpit:prominent;domain:car;geometry:turning;hand:left:visible;hand:right:out_of_frame;light:normal;motion:high;route:q2;scene:boundary;scene:markings;scene:pedestrian;scene:signage;scene:traffic,lane_marking;other_environment;pedestrian;road_boundary_or_obstacle;road_surface;traffic_sign;vehicle,"{""left"": ""visible"", ""right"": ""out_of_frame""}",{}
car,car_2e84f0c3e245,2660,1321257887838,1321.257887838,output/article1/ingestion/scout/car_2e84f0c3e245/frames/rectified/frame_002660.jpg,[external_validation] extends coverage of already represented conditions,,,,external_validation,q2,0.6735568433177518,,cockpit:prominent;domain:car;geometry:turning;hand:left:visible;hand:right:out_of_frame;light:normal;motion:high;route:q2;scene:boundary;scene:pedestrian;scene:signage;scene:traffic,lane_marking;other_environment;pedestrian;road_boundary_or_obstacle;road_surface;traffic_sign;vehicle,"{""left"": ""visible"", ""right"": ""out_of_frame""}",{}
car,car_2e84f0c3e245,2760,1331257241359,1331.257241359,output/article1/ingestion/scout/car_2e84f0c3e245/frames/rectified/frame_002760.jpg,[external_validation] extends coverage of already represented conditions,,,,external_validation,q2,0.712051762652842,,cockpit:prominent;domain:car;geometry:turning;hand:left:visible;hand:right:partially_visible;light:dark;motion:high;route:q2;scene:boundary;scene:clear;scene:markings;scene:pedestrian;scene:signage,lane_marking;other_environment;pedestrian;road_boundary_or_obstacle;road_surface;traffic_sign;vehicle,"{""left"": ""visible"", ""right"": ""partially_visible""}",{}
car,car_2e84f0c3e245,2930,1348256117932,1348.256117932,output/article1/ingestion/scout/car_2e84f0c3e245/frames/rectified/frame_002930.jpg,[external_validation] extends coverage of already represented conditions,,,,external_validation,q3,0.7985392137122708,,cockpit:prominent;domain:car;geometry:straight;hand:left:visible;hand:right:out_of_frame;light:dark;motion:low;route:q3;scene:boundary;scene:markings;scene:pedestrian;scene:signage;scene:traffic,lane_marking;other_environment;pedestrian;regulatory_road_marking;road_boundary_or_obstacle;road_surface;vehicle,"{""left"": ""visible"", ""right"": ""out_of_frame""}",{}
car,car_2e84f0c3e245,2970,1352255737921,1352.255737921,output/article1/ingestion/scout/car_2e84f0c3e245/frames/rectified/frame_002970.jpg,[external_validation] extends coverage of already represented conditions,,,,external_validation,q3,0.8169633039408656,,cockpit:prominent;domain:car;geometry:straight;hand:left:visible;hand:right:out_of_frame;light:dark;motion:medium;route:q3;scene:boundary;scene:markings;scene:pedestrian;scene:traffic,lane_marking;other_environment;pedestrian;regulatory_road_marking;road_boundary_or_obstacle;road_surface;vehicle,"{""left"": ""visible"", ""right"": ""out_of_frame""}",{}
car,car_2e84f0c3e245,3000,1355255193600,1355.2551936,output/article1/ingestion/scout/car_2e84f0c3e245/frames/rectified/frame_003000.jpg,[external_validation] extends coverage of already represented conditions,,,,external_validation,q3,0.828674350886004,,cockpit:prominent;domain:car;geometry:straight;hand:left:visible;hand:right:out_of_frame;light:normal;motion:medium;route:q3;scene:boundary;scene:markings;scene:pedestrian;scene:signage;scene:traffic,lane_marking;other_environment;pedestrian;road_boundary_or_obstacle;road_surface;traffic_sign;vehicle,"{""left"": ""visible"", ""right"": ""out_of_frame""}",{}
car,car_2e84f0c3e245,3090,1364254534069,1364.254534069,output/article1/ingestion/scout/car_2e84f0c3e245/frames/rectified/frame_003090.jpg,[external_validation] extends coverage of already represented conditions,,,,external_validation,q3,0.8538791640843425,,cockpit:prominent;domain:car;geometry:straight;hand:left:visible;hand:right:out_of_frame;light:dark;motion:medium;route:q3;scene:boundary;scene:clear;scene:markings;scene:pedestrian;scene:signage,lane_marking;other_environment;pedestrian;road_boundary_or_obstacle;road_surface;traffic_sign;vehicle,"{""left"": ""visible"", ""right"": ""out_of_frame""}",{}
car,car_2e84f0c3e245,320,1087275350725,1087.275350725,output/article1/ingestion/scout/car_2e84f0c3e245/frames/rectified/frame_000320.jpg,[external_validation] extends coverage of already represented conditions,,,,external_validation,q0,0.0,,cockpit:prominent;domain:car;geometry:straight;hand:left:out_of_frame;hand:right:out_of_frame;light:normal;motion:medium;route:q0;scene:boundary;scene:markings;scene:pedestrian;scene:traffic,lane_marking;other_environment;pedestrian;road_boundary_or_obstacle;road_surface;vehicle,"{""left"": ""out_of_frame"", ""right"": ""out_of_frame""}",{}
car,car_2e84f0c3e245,790,1134272306548,1134.272306548,output/article1/ingestion/scout/car_2e84f0c3e245/frames/rectified/frame_000790.jpg,[external_validation] extends coverage of already represented conditions,,,,external_validation,q0,0.0,,cockpit:prominent;domain:car;geometry:straight;hand:left:visible;hand:right:out_of_frame;light:dark;motion:medium;route:q0;scene:boundary;scene:clear;scene:markings;scene:pedestrian;scene:signage,lane_marking;other_environment;pedestrian;road_boundary_or_obstacle;road_surface;vehicle,"{""left"": ""visible"", ""right"": ""out_of_frame""}",{}
car,car_2e84f0c3e245,920,1147271016974,1147.271016974,output/article1/ingestion/scout/car_2e84f0c3e245/frames/rectified/frame_000920.jpg,[external_validation] extends coverage of already represented conditions,,,,external_validation,q0,0.0,,cockpit:prominent;domain:car;geometry:turning;hand:left:visible;hand:right:visible;light:normal;motion:high;route:q0;scene:boundary;scene:markings;scene:pedestrian;scene:traffic,lane_marking;other_environment;pedestrian;road_boundary_or_obstacle;road_surface;vehicle,"{""left"": ""visible"", ""right"": ""visible""}",{}
car,car_2e84f0c3e245,3730,1428249637953,1428.249637953,output/article1/ingestion/scout/car_2e84f0c3e245/frames/rectified/frame_003730.jpg,[cockpit_training] extends coverage of already represented conditions,,,,cockpit_training,q3,1.0,,cockpit:prominent;domain:car;geometry:straight;hand:left:visible;hand:right:out_of_frame;light:dark;motion:medium;route:q3;scene:boundary;scene:clear;scene:pedestrian,lane_marking;other_environment;pedestrian;road_boundary_or_obstacle;road_surface,"{""left"": ""visible"", ""right"": ""out_of_frame""}",{}
car,car_2e84f0c3e245,3710,1426249379381,1426.249379381,output/article1/ingestion/scout/car_2e84f0c3e245/frames/rectified/frame_003710.jpg,[cockpit_training] extends coverage of already represented conditions,,,,cockpit_training,q3,1.0,,cockpit:prominent;domain:car;geometry:turning;hand:left:visible;hand:right:out_of_frame;light:dark;motion:high;route:q3;scene:boundary;scene:clear;scene:pedestrian;scene:signage,other_environment;pedestrian;road_boundary_or_obstacle;road_surface;traffic_sign,"{""left"": ""visible"", ""right"": ""out_of_frame""}",{}
car,car_2e84f0c3e245,2440,1299258276402,1299.258276402,output/article1/ingestion/scout/car_2e84f0c3e245/frames/rectified/frame_002440.jpg,[cockpit_training] extends coverage of already represented conditions,,,,cockpit_training,q2,0.5793415136551976,,cockpit:prominent;domain:car;geometry:turning;hand:left:visible;hand:right:out_of_frame;light:normal;motion:high;route:q2;scene:clear;scene:markings;scene:two_wheeler,lane_marking;other_environment;road_boundary_or_obstacle;road_surface;vehicle,"{""left"": ""visible"", ""right"": ""out_of_frame""}",{}
car,car_2e84f0c3e245,3640,1419249495099,1419.249495099,output/article1/ingestion/scout/car_2e84f0c3e245/frames/rectified/frame_003640.jpg,[cockpit_training] extends coverage of already represented conditions,,,,cockpit_training,q3,1.0,,cockpit:prominent;domain:car;geometry:straight;hand:left:out_of_frame;hand:right:out_of_frame;light:normal;motion:medium;route:q3;scene:boundary;scene:traffic,other_environment;road_boundary_or_obstacle;road_surface;vehicle,"{""left"": ""out_of_frame"", ""right"": ""out_of_frame""}",{}
car,car_2e84f0c3e245,1850,1240264369296,1240.264369296,output/article1/ingestion/scout/car_2e84f0c3e245/frames/rectified/frame_001850.jpg,[cockpit_training] extends coverage of already represented conditions,,,,cockpit_training,q1,0.35549596138732314,,cockpit:prominent;domain:car;geometry:straight;hand:left:visible;hand:right:partially_visible;light:dark;motion:medium;route:q1;scene:boundary;scene:clear,other_environment;road_boundary_or_obstacle;road_surface;vehicle,"{""left"": ""visible"", ""right"": ""partially_visible""}",{}
car,car_2e84f0c3e245,2260,1281260611423,1281.260611423,output/article1/ingestion/scout/car_2e84f0c3e245/frames/rectified/frame_002260.jpg,[cockpit_training] extends coverage of already represented conditions,,,,cockpit_training,q2,0.5543351153933821,,cockpit:prominent;domain:car;geometry:straight;hand:left:visible;hand:right:partially_visible;light:normal;motion:medium;route:q2;scene:pedestrian;scene:traffic;scene:two_wheeler,lane_marking;other_environment;pedestrian;road_boundary_or_obstacle;road_surface;vehicle,"{""left"": ""visible"", ""right"": ""partially_visible""}",{}
car,car_2e84f0c3e245,1470,1202267029255,1202.267029255,output/article1/ingestion/scout/car_2e84f0c3e245/frames/rectified/frame_001470.jpg,[cockpit_training] extends coverage of already represented conditions,,,,cockpit_training,q0,0.23840614346078146,,cockpit:prominent;domain:car;geometry:straight;hand:left:visible;hand:right:partially_visible;light:dark;motion:medium;route:q0;scene:boundary;scene:markings;scene:pedestrian;scene:traffic,lane_marking;other_environment;pedestrian;road_boundary_or_obstacle;road_surface;vehicle,"{""left"": ""visible"", ""right"": ""partially_visible""}",{}
car,car_2e84f0c3e245,2800,1335256614579,1335.256614579,output/article1/ingestion/scout/car_2e84f0c3e245/frames/rectified/frame_002800.jpg,[cockpit_training] extends coverage of already represented conditions,,,,cockpit_training,q2,0.7312099102026837,,cockpit:prominent;domain:car;geometry:straight;hand:left:visible;hand:right:out_of_frame;light:dark;motion:low;route:q2;scene:boundary;scene:clear;scene:pedestrian;scene:signage,other_environment;pedestrian;road_boundary_or_obstacle;road_surface;traffic_sign;vehicle,"{""left"": ""visible"", ""right"": ""out_of_frame""}",{}
car,car_2e84f0c3e245,2550,1310258685849,1310.258685849,output/article1/ingestion/scout/car_2e84f0c3e245/frames/rectified/frame_002550.jpg,[cockpit_training] extends coverage of already represented conditions,,,,cockpit_training,q2,0.6268287778327624,,cockpit:prominent;domain:car;geometry:straight;hand:left:visible;hand:right:out_of_frame;light:dark;motion:medium;route:q2;scene:markings;scene:pedestrian;scene:traffic,lane_marking;other_environment;pedestrian;road_boundary_or_obstacle;road_surface;vehicle,"{""left"": ""visible"", ""right"": ""out_of_frame""}",{}
car,car_2e84f0c3e245,1250,1180268830536,1180.268830536,output/article1/ingestion/scout/car_2e84f0c3e245/frames/rectified/frame_001250.jpg,[cockpit_training] extends coverage of already represented conditions,,,,cockpit_training,q0,0.08085446194778512,,cockpit:prominent;domain:car;geometry:turning;hand:left:visible;hand:right:visible;light:dark;motion:high;route:q0;scene:boundary;scene:clear;scene:markings,lane_marking;other_environment;road_boundary_or_obstacle;road_surface;vehicle,"{""left"": ""visible"", ""right"": ""visible""}",{}
car,car_2e84f0c3e245,1760,1231264855662,1231.264855662,output/article1/ingestion/scout/car_2e84f0c3e245/frames/rectified/frame_001760.jpg,[cockpit_training] extends coverage of already represented conditions,,,,cockpit_training,q1,0.3325789499865,,cockpit:prominent;domain:car;geometry:turning;hand:left:visible;hand:right:not_visible;light:dark;motion:high;route:q1;scene:boundary;scene:pedestrian;scene:traffic,other_environment;pedestrian;road_boundary_or_obstacle;road_surface;vehicle,"{""left"": ""visible"", ""right"": ""not_visible""}",{}
car,car_2e84f0c3e245,3400,1395252351807,1395.252351807,output/article1/ingestion/scout/car_2e84f0c3e245/frames/rectified/frame_003400.jpg,[cockpit_training] extends coverage of already represented conditions,,,,cockpit_training,q3,0.98687717652271,,cockpit:prominent;domain:car;geometry:straight;hand:left:visible;hand:right:visible;light:dark;motion:medium;route:q3;scene:boundary;scene:pedestrian;scene:traffic,other_environment;pedestrian;road_boundary_or_obstacle;road_surface;vehicle,"{""left"": ""visible"", ""right"": ""visible""}",{}
car,car_2e84f0c3e245,3240,1379253809881,1379.253809881,output/article1/ingestion/scout/car_2e84f0c3e245/frames/rectified/frame_003240.jpg,[cockpit_training] extends coverage of already represented conditions,,,,cockpit_training,q3,0.9346982570136254,,cockpit:prominent;domain:car;geometry:straight;hand:left:visible;hand:right:out_of_frame;light:dark;motion:low;route:q3;scene:boundary;scene:clear;scene:markings;scene:pedestrian,lane_marking;other_environment;pedestrian;road_boundary_or_obstacle;road_surface;vehicle,"{""left"": ""visible"", ""right"": ""out_of_frame""}",{}
car,car_2e84f0c3e245,660,1121272925787,1121.272925787,output/article1/ingestion/scout/car_2e84f0c3e245/frames/rectified/frame_000660.jpg,[cockpit_training] extends coverage of already represented conditions,,,,cockpit_training,q0,0.0,,cockpit:prominent;domain:car;geometry:turning;hand:left:visible;hand:right:visible;light:normal;motion:high;route:q0;scene:boundary;scene:pedestrian;scene:traffic,other_environment;pedestrian;road_boundary_or_obstacle;road_surface;vehicle,"{""left"": ""visible"", ""right"": ""visible""}",{}
car,car_2e84f0c3e245,3310,1386253036652,1386.253036652,output/article1/ingestion/scout/car_2e84f0c3e245/frames/rectified/frame_003310.jpg,[cockpit_training] extends coverage of already represented conditions,,,,cockpit_training,q3,0.9680807740977627,,cockpit:prominent;domain:car;geometry:straight;hand:left:visible;hand:right:out_of_frame;light:normal;motion:low;route:q3;scene:boundary;scene:markings;scene:pedestrian;scene:traffic,lane_marking;other_environment;pedestrian;road_boundary_or_obstacle;road_surface;vehicle,"{""left"": ""visible"", ""right"": ""out_of_frame""}",{}
car,car_2e84f0c3e245,2520,1307258515756,1307.258515756,output/article1/ingestion/scout/car_2e84f0c3e245/frames/rectified/frame_002520.jpg,[cockpit_training] extends coverage of already represented conditions,,,,cockpit_training,q2,0.6096926052653721,,cockpit:prominent;domain:car;geometry:straight;hand:left:visible;hand:right:out_of_frame;light:normal;motion:medium;route:q2;scene:clear;scene:markings;scene:pedestrian,lane_marking;other_environment;pedestrian;road_boundary_or_obstacle;road_surface;vehicle,"{""left"": ""visible"", ""right"": ""out_of_frame""}",{}
car,car_2e84f0c3e245,2460,1301259009683,1301.259009683,output/article1/ingestion/scout/car_2e84f0c3e245/frames/rectified/frame_002460.jpg,[cockpit_training] extends coverage of already represented conditions,,,,cockpit_training,q2,0.5879999990248586,,cockpit:prominent;domain:car;geometry:turning;hand:left:visible;hand:right:out_of_frame;light:normal;motion:high;route:q2;scene:boundary;scene:clear;scene:pedestrian,lane_marking;other_environment;pedestrian;road_boundary_or_obstacle;road_surface;vehicle,"{""left"": ""visible"", ""right"": ""out_of_frame""}",{}
car,car_2e84f0c3e245,3030,1358254693162,1358.254693162,output/article1/ingestion/scout/car_2e84f0c3e245/frames/rectified/frame_003030.jpg,[cockpit_training] extends coverage of already represented conditions,,,,cockpit_training,q3,0.8374826677543055,,cockpit:prominent;domain:car;geometry:turning;hand:left:visible;hand:right:out_of_frame;light:normal;motion:high;route:q3;scene:boundary;scene:pedestrian;scene:signage;scene:traffic,other_environment;pedestrian;road_boundary_or_obstacle;road_surface;traffic_sign;vehicle,"{""left"": ""visible"", ""right"": ""out_of_frame""}",{}
car,car_2e84f0c3e245,690,1124272792714,1124.272792714,output/article1/ingestion/scout/car_2e84f0c3e245/frames/rectified/frame_000690.jpg,[cockpit_training] extends coverage of already represented conditions,,,,cockpit_training,q0,0.0,,cockpit:prominent;domain:car;geometry:turning;hand:left:partially_visible;hand:right:partially_visible;light:normal;motion:high;route:q0;scene:boundary;scene:clear;scene:signage,other_environment;road_boundary_or_obstacle;road_surface;vehicle,"{""left"": ""partially_visible"", ""right"": ""partially_visible""}",{}
car,car_2e84f0c3e245,3060,1361254376475,1361.254376475,output/article1/ingestion/scout/car_2e84f0c3e245/frames/rectified/frame_003060.jpg,[cockpit_training] extends coverage of already represented conditions,,,,cockpit_training,q3,0.8449916351932272,,cockpit:prominent;domain:car;geometry:straight;hand:left:out_of_frame;hand:right:out_of_frame;light:normal;motion:medium;route:q3;scene:boundary;scene:markings;scene:traffic,lane_marking;other_environment;road_boundary_or_obstacle;road_surface;vehicle,"{""left"": ""out_of_frame"", ""right"": ""out_of_frame""}",{}
car,car_2e84f0c3e245,3440,1399251908224,1399.251908224,output/article1/ingestion/scout/car_2e84f0c3e245/frames/rectified/frame_003440.jpg,[cockpit_training] extends coverage of already represented conditions,,,,cockpit_training,q3,0.9944609982609859,,cockpit:prominent;domain:car;geometry:turning;hand:left:visible;hand:right:out_of_frame;light:normal;motion:high;route:q3;scene:boundary;scene:markings;scene:signage;scene:traffic,lane_marking;other_environment;road_boundary_or_obstacle;road_surface;vehicle,"{""left"": ""visible"", ""right"": ""out_of_frame""}",{}
car,car_2e84f0c3e245,2630,1318257262182,1318.257262182,output/article1/ingestion/scout/car_2e84f0c3e245/frames/rectified/frame_002630.jpg,[cockpit_training] extends coverage of already represented conditions,,,,cockpit_training,q2,0.6654406626762606,,cockpit:prominent;domain:car;geometry:turning;hand:left:visible;hand:right:out_of_frame;light:normal;motion:high;route:q2;scene:boundary;scene:pedestrian;scene:traffic,other_environment;pedestrian;road_boundary_or_obstacle;road_surface;vehicle,"{""left"": ""visible"", ""right"": ""out_of_frame""}",{}
car,car_2e84f0c3e245,1790,1234264173182,1234.264173182,output/article1/ingestion/scout/car_2e84f0c3e245/frames/rectified/frame_001790.jpg,[cockpit_training] extends coverage of already represented conditions,,,,cockpit_training,q1,0.33639653258630625,,cockpit:prominent;domain:car;geometry:turning;hand:left:visible;hand:right:out_of_frame;light:normal;motion:high;route:q1;scene:boundary;scene:pedestrian;scene:signage;scene:traffic,other_environment;pedestrian;road_boundary_or_obstacle;road_surface;traffic_sign;vehicle,"{""left"": ""visible"", ""right"": ""out_of_frame""}",{}
car,car_2e84f0c3e245,1210,1176267711349,1176.267711349,output/article1/ingestion/scout/car_2e84f0c3e245/frames/rectified/frame_001210.jpg,[cockpit_training] extends coverage of already represented conditions,,,,cockpit_training,q0,0.06019577217557601,,cockpit:prominent;domain:car;geometry:turning;hand:left:visible;hand:right:visible;light:normal;motion:high;route:q0;scene:boundary;scene:pedestrian;scene:traffic,lane_marking;other_environment;pedestrian;road_boundary_or_obstacle;road_surface;vehicle,"{""left"": ""visible"", ""right"": ""visible""}",{}
car,car_2e84f0c3e245,2310,1286260326308,1286.260326308,output/article1/ingestion/scout/car_2e84f0c3e245/frames/rectified/frame_002310.jpg,[cockpit_training] extends coverage of already represented conditions,,,,cockpit_training,q2,0.5641739925480451,,cockpit:prominent;domain:car;geometry:straight;hand:left:visible;hand:right:visible;light:normal;motion:medium;route:q2;scene:boundary;scene:pedestrian;scene:signage;scene:traffic;scene:two_wheeler,other_environment;road_boundary_or_obstacle;road_surface;traffic_sign;vehicle,"{""left"": ""visible"", ""right"": ""visible""}",{}
car,car_2e84f0c3e245,140,1069277105735,1069.277105735,output/article1/ingestion/scout/car_2e84f0c3e245/frames/rectified/frame_000140.jpg,[cockpit_training] extends coverage of already represented conditions,,,,cockpit_training,q0,0.0,,cockpit:prominent;domain:car;geometry:turning;hand:left:visible;hand:right:out_of_frame;light:normal;motion:high;route:q0;scene:clear;scene:pedestrian,other_environment;pedestrian;road_boundary_or_obstacle;road_surface;vehicle,"{""left"": ""visible"", ""right"": ""out_of_frame""}",{}
car,car_2e84f0c3e245,2070,1262262585402,1262.262585402,output/article1/ingestion/scout/car_2e84f0c3e245/frames/rectified/frame_002070.jpg,[cockpit_training] extends coverage of already represented conditions,,,,cockpit_training,q1,0.46176855345174617,,cockpit:prominent;domain:car;geometry:straight;hand:left:visible;hand:right:visible;light:dark;motion:medium;route:q1;scene:markings;scene:traffic,lane_marking;other_environment;road_boundary_or_obstacle;road_surface;vehicle,"{""left"": ""visible"", ""right"": ""visible""}",{}
car,car_2e84f0c3e245,1720,1227265500412,1227.265500412,output/article1/ingestion/scout/car_2e84f0c3e245/frames/rectified/frame_001720.jpg,[cockpit_training] extends coverage of already represented conditions,,,,cockpit_training,q1,0.33159581348186734,,cockpit:prominent;domain:car;geometry:straight;hand:left:out_of_frame;hand:right:out_of_frame;light:normal;motion:low;route:q1;scene:boundary;scene:markings;scene:signage;scene:traffic,lane_marking;other_environment;road_boundary_or_obstacle;road_surface;vehicle,"{""left"": ""out_of_frame"", ""right"": ""out_of_frame""}",{}
car,car_2e84f0c3e245,3480,1403251294516,1403.251294516,output/article1/ingestion/scout/car_2e84f0c3e245/frames/rectified/frame_003480.jpg,[cockpit_training] extends coverage of already represented conditions,,,,cockpit_training,q3,1.0,,cockpit:prominent;domain:car;geometry:straight;hand:left:out_of_frame;hand:right:out_of_frame;light:normal;motion:low;route:q3;scene:boundary;scene:clear;scene:markings;scene:signage,lane_marking;other_environment;road_boundary_or_obstacle;road_surface;vehicle,"{""left"": ""out_of_frame"", ""right"": ""out_of_frame""}",{}
car,car_2e84f0c3e245,1880,1243264097391,1243.264097391,output/article1/ingestion/scout/car_2e84f0c3e245/frames/rectified/frame_001880.jpg,[cockpit_training] extends coverage of already represented conditions,,,,cockpit_training,q1,0.3725330316181016,,cockpit:prominent;domain:car;geometry:straight;hand:left:visible;hand:right:visible;light:dark;motion:medium;route:q1;scene:boundary;scene:markings;scene:traffic,lane_marking;other_environment;road_boundary_or_obstacle;road_surface;vehicle,"{""left"": ""visible"", ""right"": ""visible""}",{}
car,car_2e84f0c3e245,2690,1324257691297,1324.257691297,output/article1/ingestion/scout/car_2e84f0c3e245/frames/rectified/frame_002690.jpg,[cockpit_training] extends coverage of already represented conditions,,,,cockpit_training,q2,0.6855200043312296,,cockpit:prominent;domain:car;geometry:straight;hand:left:visible;hand:right:partially_visible;light:normal;motion:medium;route:q2;scene:boundary;scene:clear;scene:markings;scene:pedestrian,lane_marking;other_environment;pedestrian;road_boundary_or_obstacle;road_surface;vehicle,"{""left"": ""visible"", ""right"": ""partially_visible""}",{}
car,car_2e84f0c3e245,3550,1410249926819,1410.249926819,output/article1/ingestion/scout/car_2e84f0c3e245/frames/rectified/frame_003550.jpg,[cockpit_training] extends coverage of already represented conditions,,,,cockpit_training,q3,1.0,,cockpit:prominent;domain:car;geometry:straight;hand:left:out_of_frame;hand:right:out_of_frame;light:normal;motion:medium;route:q3;scene:boundary;scene:clear;scene:markings;scene:signage,lane_marking;other_environment;road_boundary_or_obstacle;road_surface;traffic_sign;vehicle,"{""left"": ""out_of_frame"", ""right"": ""out_of_frame""}",{}
car,car_2e84f0c3e245,240,1079276279266,1079.276279266,output/article1/ingestion/scout/car_2e84f0c3e245/frames/rectified/frame_000240.jpg,[cockpit_training] extends coverage of already represented conditions,,,,cockpit_training,q0,0.0,,cockpit:prominent;domain:car;geometry:turning;hand:left:out_of_frame;hand:right:out_of_frame;light:normal;motion:high;route:q0;scene:boundary;scene:traffic,other_environment;road_boundary_or_obstacle;road_surface;vehicle,"{""left"": ""out_of_frame"", ""right"": ""out_of_frame""}",{}
car,car_2e84f0c3e245,1140,1169269411943,1169.269411943,output/article1/ingestion/scout/car_2e84f0c3e245/frames/rectified/frame_001140.jpg,[cockpit_training] extends coverage of already represented conditions,,,,cockpit_training,q0,0.012530418440680185,,cockpit:prominent;domain:car;geometry:straight;hand:left:visible;hand:right:visible;light:normal;motion:low;route:q0;scene:boundary;scene:pedestrian;scene:traffic,lane_marking;other_environment;road_boundary_or_obstacle;road_surface;vehicle,"{""left"": ""visible"", ""right"": ""visible""}",{}
car,car_2e84f0c3e245,1440,1199267415006,1199.267415006,output/article1/ingestion/scout/car_2e84f0c3e245/frames/rectified/frame_001440.jpg,[cockpit_training] extends coverage of already represented conditions,,,,cockpit_training,q0,0.21852579396422647,,cockpit:prominent;domain:car;geometry:straight;hand:left:visible;hand:right:partially_visible;light:dark;motion:medium;route:q0;scene:pedestrian;scene:signage;scene:traffic,other_environment;pedestrian;road_boundary_or_obstacle;road_surface;traffic_sign;vehicle,"{""left"": ""visible"", ""right"": ""partially_visible""}",{}
car,car_2e84f0c3e245,480,1103274264569,1103.274264569,output/article1/ingestion/scout/car_2e84f0c3e245/frames/rectified/frame_000480.jpg,[cockpit_training] extends coverage of already represented conditions,,,,cockpit_training,q0,0.0,,cockpit:prominent;domain:car;geometry:straight;hand:left:out_of_frame;hand:right:out_of_frame;light:dark;motion:medium;route:q0;scene:boundary;scene:traffic,other_environment;road_boundary_or_obstacle;road_surface;vehicle,"{""left"": ""out_of_frame"", ""right"": ""out_of_frame""}",{}
car,car_2e84f0c3e245,1970,1252263281766,1252.263281766,output/article1/ingestion/scout/car_2e84f0c3e245/frames/rectified/frame_001970.jpg,[cockpit_training] extends coverage of already represented conditions,,,,cockpit_training,q1,0.4202354948935874,,cockpit:prominent;domain:car;geometry:straight;hand:left:visible;hand:right:out_of_frame;light:dark;motion:low;route:q1;scene:boundary;scene:signage;scene:traffic,lane_marking;other_environment;road_boundary_or_obstacle;road_surface;traffic_sign;vehicle,"{""left"": ""visible"", ""right"": ""out_of_frame""}",{}
car,car_2e84f0c3e245,560,1111273999391,1111.273999391,output/article1/ingestion/scout/car_2e84f0c3e245/frames/rectified/frame_000560.jpg,[cockpit_training] extends coverage of already represented conditions,,,,cockpit_training,q0,0.0,,cockpit:prominent;domain:car;geometry:straight;hand:left:out_of_frame;hand:right:out_of_frame;light:dark;motion:medium;route:q0;scene:boundary;scene:markings;scene:traffic,lane_marking;other_environment;road_boundary_or_obstacle;road_surface;vehicle,"{""left"": ""out_of_frame"", ""right"": ""out_of_frame""}",{}
car,car_2e84f0c3e245,3690,1424249234360,1424.24923436,output/article1/ingestion/scout/car_2e84f0c3e245/frames/rectified/frame_003690.jpg,[cockpit_training] extends coverage of already represented conditions,,,,cockpit_training,q3,1.0,,cockpit:prominent;domain:car;geometry:turning;hand:left:out_of_frame;hand:right:out_of_frame;light:normal;motion:high;route:q3;scene:boundary;scene:signage;scene:traffic,other_environment;road_boundary_or_obstacle;road_surface;vehicle,"{""left"": ""out_of_frame"", ""right"": ""out_of_frame""}",{}
car,car_2e84f0c3e245,530,1108272766401,1108.272766401,output/article1/ingestion/scout/car_2e84f0c3e245/frames/rectified/frame_000530.jpg,[cockpit_training] extends coverage of already represented conditions,,,,cockpit_training,q0,0.0,,cockpit:prominent;domain:car;geometry:straight;hand:left:out_of_frame;hand:right:out_of_frame;light:normal;motion:medium;route:q0;scene:boundary;scene:traffic,other_environment;road_boundary_or_obstacle;road_surface;vehicle,"{""left"": ""out_of_frame"", ""right"": ""out_of_frame""}",{}
motorcycle,motorcycle_5ab8604a14df,1439,2270820429935,2270.820429935,output/article1/ingestion/scout/motorcycle_5ab8604a14df/frames/rectified/frame_001439.jpg,"[external_validation] adds 15 previously uncovered strata: cockpit:partial, domain:motorcycle, geometry:straight, hand:left:not_visible, hand:right:not_visible, light:normal",,,,external_validation,q0,0.04564144829528547,,cockpit:partial;domain:motorcycle;geometry:straight;hand:left:not_visible;hand:right:not_visible;light:normal;motion:low;quality:low_sharpness;route:q0;scene:boundary;scene:clear;scene:markings;scene:pedestrian;scene:signage;scene:two_wheeler,lane_marking;other_environment;pedestrian;road_boundary_or_obstacle;road_surface;two_wheeler;vehicle,"{""left"": ""not_visible"", ""right"": ""not_visible""}",{}
motorcycle,motorcycle_5ab8604a14df,4049,2444806970394,2444.806970394,output/article1/ingestion/scout/motorcycle_5ab8604a14df/frames/rectified/frame_004049.jpg,"[external_validation] adds 7 previously uncovered strata: cockpit:minimal, hand:left:out_of_frame, hand:right:out_of_frame, light:bright, motion:medium, route:q1",,,,external_validation,q1,0.27976189822587066,,cockpit:minimal;domain:motorcycle;geometry:straight;hand:left:out_of_frame;hand:right:out_of_frame;light:bright;motion:medium;quality:low_sharpness;route:q1;scene:boundary;scene:markings;scene:traffic,lane_marking;other_environment;road_boundary_or_obstacle;road_surface;vehicle,"{""left"": ""out_of_frame"", ""right"": ""out_of_frame""}",{}
motorcycle,motorcycle_5ab8604a14df,14415,3135815587623,3135.815587623,output/article1/ingestion/scout/motorcycle_5ab8604a14df/frames/rectified/frame_014415.jpg,"[external_validation] adds 5 previously uncovered strata: geometry:turning, hand:left:partially_visible, hand:right:visible, motion:high, route:q3",,,,external_validation,q3,1.0,,cockpit:minimal;domain:motorcycle;geometry:turning;hand:left:partially_visible;hand:right:visible;light:normal;motion:high;route:q3;scene:boundary;scene:signage;scene:traffic;scene:two_wheeler,other_environment;road_boundary_or_obstacle;road_surface;traffic_sign;two_wheeler,"{""left"": ""partially_visible"", ""right"": ""visible""}",{}
motorcycle,motorcycle_5ab8604a14df,7110,2648857209321,2648.857209321,output/article1/ingestion/scout/motorcycle_5ab8604a14df/frames/rectified/frame_007110.jpg,"[external_validation] adds 2 previously uncovered strata: hand:left:visible, route:q2",,,,external_validation,q2,0.504719431731389,,cockpit:minimal;domain:motorcycle;geometry:turning;hand:left:visible;hand:right:not_visible;light:normal;motion:high;route:q2;scene:boundary;scene:markings;scene:signage;scene:traffic;scene:two_wheeler,lane_marking;other_environment;road_boundary_or_obstacle;road_surface;two_wheeler;vehicle,"{""left"": ""visible"", ""right"": ""not_visible""}",{}
motorcycle,motorcycle_5ab8604a14df,13950,3104821549760,3104.82154976,output/article1/ingestion/scout/motorcycle_5ab8604a14df/frames/rectified/frame_013950.jpg,[external_validation] adds 1 previously uncovered strata: cockpit:prominent,,,,external_validation,q3,0.9709789103401247,,cockpit:prominent;domain:motorcycle;geometry:turning;hand:left:out_of_frame;hand:right:not_visible;light:bright;motion:high;route:q3;scene:boundary;scene:clear;scene:markings;scene:pedestrian;scene:two_wheeler,lane_marking;other_environment;pedestrian;road_boundary_or_obstacle;road_surface;two_wheeler;vehicle,"{""left"": ""out_of_frame"", ""right"": ""not_visible""}",{}
motorcycle,motorcycle_5ab8604a14df,6344,2597794918727,2597.794918727,output/article1/ingestion/scout/motorcycle_5ab8604a14df/frames/rectified/frame_006344.jpg,[external_validation] extends coverage of already represented conditions,,,,external_validation,q1,0.45473116829798244,,cockpit:minimal;domain:motorcycle;geometry:turning;hand:left:not_visible;hand:right:not_visible;light:bright;motion:high;route:q1;scene:boundary;scene:markings;scene:signage;scene:traffic,lane_marking;other_environment;regulatory_road_marking;road_boundary_or_obstacle;road_surface;traffic_light;traffic_sign;vehicle,"{""left"": ""not_visible"", ""right"": ""not_visible""}",{}
motorcycle,motorcycle_5ab8604a14df,10005,2841842399457,2841.842399457,output/article1/ingestion/scout/motorcycle_5ab8604a14df/frames/rectified/frame_010005.jpg,[external_validation] extends coverage of already represented conditions,,,,external_validation,q2,0.7076060606253538,,cockpit:minimal;domain:motorcycle;geometry:straight;hand:left:out_of_frame;hand:right:not_visible;light:normal;motion:medium;route:q2;scene:boundary;scene:clear;scene:markings;scene:signage,lane_marking;other_environment;regulatory_road_marking;road_boundary_or_obstacle;road_surface;traffic_light;traffic_sign;vehicle,"{""left"": ""out_of_frame"", ""right"": ""not_visible""}",{}
motorcycle,motorcycle_5ab8604a14df,1289,2260821207791,2260.821207791,output/article1/ingestion/scout/motorcycle_5ab8604a14df/frames/rectified/frame_001289.jpg,[external_validation] extends coverage of already represented conditions,,,,external_validation,q0,0.04454940495456551,,cockpit:minimal;domain:motorcycle;geometry:straight;hand:left:out_of_frame;hand:right:not_visible;light:normal;motion:medium;quality:low_sharpness;route:q0;scene:boundary;scene:markings;scene:pedestrian;scene:signage;scene:traffic,lane_marking;other_environment;pedestrian;regulatory_road_marking;road_boundary_or_obstacle;road_surface;vehicle,"{""left"": ""out_of_frame"", ""right"": ""not_visible""}",{}
motorcycle,motorcycle_5ab8604a14df,6614,2615793545405,2615.793545405,output/article1/ingestion/scout/motorcycle_5ab8604a14df/frames/rectified/frame_006614.jpg,[external_validation] extends coverage of already represented conditions,,,,external_validation,q1,0.4681113586056589,,cockpit:minimal;domain:motorcycle;geometry:straight;hand:left:not_visible;hand:right:not_visible;light:normal;motion:medium;route:q1;scene:markings;scene:signage;scene:traffic,lane_marking;other_environment;regulatory_road_marking;road_boundary_or_obstacle;road_surface;traffic_sign;vehicle,"{""left"": ""not_visible"", ""right"": ""not_visible""}",{}
motorcycle,motorcycle_5ab8604a14df,6720,2622859655352,2622.859655352,output/article1/ingestion/scout/motorcycle_5ab8604a14df/frames/rectified/frame_006720.jpg,[external_validation] extends coverage of already represented conditions,,,,external_validation,q1,0.4710888048056309,,cockpit:partial;domain:motorcycle;geometry:straight;hand:left:not_visible;hand:right:not_visible;light:normal;motion:low;quality:low_sharpness;route:q1;scene:boundary;scene:markings;scene:signage;scene:traffic,lane_marking;other_environment;regulatory_road_marking;road_boundary_or_obstacle;road_surface;traffic_sign;vehicle,"{""left"": ""not_visible"", ""right"": ""not_visible""}",{}
motorcycle,motorcycle_5ab8604a14df,9555,2811844652436,2811.844652436,output/article1/ingestion/scout/motorcycle_5ab8604a14df/frames/rectified/frame_009555.jpg,[external_validation] extends coverage of already represented conditions,,,,external_validation,q2,0.6710160782961516,,cockpit:minimal;domain:motorcycle;geometry:straight;hand:left:out_of_frame;hand:right:not_visible;light:bright;motion:medium;route:q2;scene:boundary;scene:markings;scene:signage;scene:traffic,lane_marking;other_environment;regulatory_road_marking;road_boundary_or_obstacle;road_surface;traffic_sign;vehicle,"{""left"": ""out_of_frame"", ""right"": ""not_visible""}",{}
motorcycle,motorcycle_5ab8604a14df,10890,2900837618864,2900.837618864,output/article1/ingestion/scout/motorcycle_5ab8604a14df/frames/rectified/frame_010890.jpg,[external_validation] extends coverage of already represented conditions,,,,external_validation,q3,0.7934290702331733,,cockpit:minimal;domain:motorcycle;geometry:turning;hand:left:partially_visible;hand:right:out_of_frame;light:normal;motion:high;route:q3;scene:boundary;scene:clear;scene:markings;scene:pedestrian;scene:signage,lane_marking;other_environment;pedestrian;road_boundary_or_obstacle;road_surface;traffic_sign;vehicle,"{""left"": ""partially_visible"", ""right"": ""out_of_frame""}",{}
motorcycle,motorcycle_5ab8604a14df,10950,2904837425633,2904.837425633,output/article1/ingestion/scout/motorcycle_5ab8604a14df/frames/rectified/frame_010950.jpg,[external_validation] extends coverage of already represented conditions,,,,external_validation,q3,0.7989807356282655,,cockpit:minimal;domain:motorcycle;geometry:straight;hand:left:partially_visible;hand:right:out_of_frame;light:normal;motion:medium;route:q3;scene:boundary;scene:markings;scene:signage;scene:traffic,lane_marking;other_environment;regulatory_road_marking;road_boundary_or_obstacle;road_surface;traffic_sign;vehicle,"{""left"": ""partially_visible"", ""right"": ""out_of_frame""}",{}
motorcycle,motorcycle_5ab8604a14df,11175,2919836074612,2919.836074612,output/article1/ingestion/scout/motorcycle_5ab8604a14df/frames/rectified/frame_011175.jpg,[external_validation] extends coverage of already represented conditions,,,,external_validation,q3,0.8197295778864973,,cockpit:minimal;domain:motorcycle;geometry:straight;hand:left:out_of_frame;hand:right:out_of_frame;light:bright;motion:medium;route:q3;scene:boundary;scene:clear;scene:markings;scene:signage,lane_marking;other_environment;regulatory_road_marking;road_boundary_or_obstacle;road_surface;traffic_sign;vehicle,"{""left"": ""out_of_frame"", ""right"": ""out_of_frame""}",{}
motorcycle,motorcycle_5ab8604a14df,11595,2947834052239,2947.834052239,output/article1/ingestion/scout/motorcycle_5ab8604a14df/frames/rectified/frame_011595.jpg,[external_validation] extends coverage of already represented conditions,,,,external_validation,q3,0.8518819129247657,,cockpit:minimal;domain:motorcycle;geometry:straight;hand:left:out_of_frame;hand:right:out_of_frame;light:normal;motion:medium;route:q3;scene:boundary;scene:markings;scene:pedestrian;scene:signage;scene:traffic,lane_marking;other_environment;pedestrian;road_boundary_or_obstacle;road_surface;traffic_sign;vehicle,"{""left"": ""out_of_frame"", ""right"": ""out_of_frame""}",{}
motorcycle,motorcycle_5ab8604a14df,11640,2950833766145,2950.833766145,output/article1/ingestion/scout/motorcycle_5ab8604a14df/frames/rectified/frame_011640.jpg,[external_validation] extends coverage of already represented conditions,,,,external_validation,q3,0.8550842616897578,,cockpit:minimal;domain:motorcycle;geometry:straight;hand:left:not_visible;hand:right:out_of_frame;light:bright;motion:medium;route:q3;scene:boundary;scene:clear;scene:markings;scene:signage,lane_marking;other_environment;regulatory_road_marking;road_boundary_or_obstacle;road_surface;traffic_sign;vehicle,"{""left"": ""not_visible"", ""right"": ""out_of_frame""}",{}
motorcycle,motorcycle_5ab8604a14df,11715,2955833431362,2955.833431362,output/article1/ingestion/scout/motorcycle_5ab8604a14df/frames/rectified/frame_011715.jpg,[external_validation] extends coverage of already represented conditions,,,,external_validation,q3,0.8596698764542527,,cockpit:minimal;domain:motorcycle;geometry:straight;hand:left:not_visible;hand:right:out_of_frame;light:normal;motion:medium;route:q3;scene:boundary;scene:clear;scene:markings;scene:signage,lane_marking;other_environment;regulatory_road_marking;road_boundary_or_obstacle;road_surface;traffic_sign;vehicle,"{""left"": ""not_visible"", ""right"": ""out_of_frame""}",{}
motorcycle,motorcycle_5ab8604a14df,11820,2962832964935,2962.832964935,output/article1/ingestion/scout/motorcycle_5ab8604a14df/frames/rectified/frame_011820.jpg,[external_validation] extends coverage of already represented conditions,,,,external_validation,q3,0.8637725676276565,,cockpit:minimal;domain:motorcycle;geometry:straight;hand:left:not_visible;hand:right:out_of_frame;light:normal;motion:medium;route:q3;scene:boundary;scene:markings;scene:signage;scene:traffic,lane_marking;other_environment;regulatory_road_marking;road_boundary_or_obstacle;road_surface;traffic_sign;vehicle,"{""left"": ""not_visible"", ""right"": ""out_of_frame""}",{}
motorcycle,motorcycle_5ab8604a14df,12045,2977831610998,2977.831610998,output/article1/ingestion/scout/motorcycle_5ab8604a14df/frames/rectified/frame_012045.jpg,[external_validation] extends coverage of already represented conditions,,,,external_validation,q3,0.8737313843715587,,cockpit:partial;domain:motorcycle;geometry:straight;hand:left:out_of_frame;hand:right:not_visible;light:normal;motion:medium;route:q3;scene:boundary;scene:markings;scene:signage;scene:traffic;scene:two_wheeler,lane_marking;other_environment;road_boundary_or_obstacle;road_surface;traffic_sign;two_wheeler;vehicle,"{""left"": ""out_of_frame"", ""right"": ""not_visible""}",{}
motorcycle,motorcycle_5ab8604a14df,12150,2984831156020,2984.83115602,output/article1/ingestion/scout/motorcycle_5ab8604a14df/frames/rectified/frame_012150.jpg,[external_validation] extends coverage of already represented conditions,,,,external_validation,q3,0.8796394918235377,,cockpit:minimal;domain:motorcycle;geometry:straight;hand:left:out_of_frame;hand:right:not_visible;light:normal;motion:medium;route:q3;scene:boundary;scene:markings;scene:signage;scene:traffic,lane_marking;other_environment;regulatory_road_marking;road_boundary_or_obstacle;road_surface;traffic_sign;vehicle,"{""left"": ""out_of_frame"", ""right"": ""not_visible""}",{}
motorcycle,motorcycle_5ab8604a14df,12225,2989830738270,2989.83073827,output/article1/ingestion/scout/motorcycle_5ab8604a14df/frames/rectified/frame_012225.jpg,[external_validation] extends coverage of already represented conditions,,,,external_validation,q3,0.8836979326651987,,cockpit:partial;domain:motorcycle;geometry:straight;hand:left:not_visible;hand:right:not_visible;light:normal;motion:medium;route:q3;scene:boundary;scene:markings;scene:pedestrian;scene:signage;scene:traffic,lane_marking;other_environment;regulatory_road_marking;road_boundary_or_obstacle;road_surface;traffic_sign;vehicle,"{""left"": ""not_visible"", ""right"": ""not_visible""}",{}
motorcycle,motorcycle_5ab8604a14df,12330,2996830187718,2996.830187718,output/article1/ingestion/scout/motorcycle_5ab8604a14df/frames/rectified/frame_012330.jpg,[external_validation] extends coverage of already represented conditions,,,,external_validation,q3,0.8893157797468401,,cockpit:minimal;domain:motorcycle;geometry:straight;hand:left:partially_visible;hand:right:not_visible;light:normal;motion:medium;route:q3;scene:boundary;scene:markings;scene:signage;scene:traffic,lane_marking;other_environment;regulatory_road_marking;road_boundary_or_obstacle;road_surface;traffic_sign;vehicle,"{""left"": ""partially_visible"", ""right"": ""not_visible""}",{}
motorcycle,motorcycle_5ab8604a14df,12510,3008829017312,3008.829017312,output/article1/ingestion/scout/motorcycle_5ab8604a14df/frames/rectified/frame_012510.jpg,[external_validation] extends coverage of already represented conditions,,,,external_validation,q3,0.8981274923170758,,cockpit:minimal;domain:motorcycle;geometry:straight;hand:left:not_visible;hand:right:not_visible;light:normal;motion:medium;route:q3;scene:boundary;scene:clear;scene:markings;scene:signage,lane_marking;other_environment;regulatory_road_marking;road_boundary_or_obstacle;road_surface;traffic_sign;vehicle,"{""left"": ""not_visible"", ""right"": ""not_visible""}",{}
motorcycle,motorcycle_5ab8604a14df,12675,3019827703436,3019.827703436,output/article1/ingestion/scout/motorcycle_5ab8604a14df/frames/rectified/frame_012675.jpg,[external_validation] extends coverage of already represented conditions,,,,external_validation,q3,0.9052046358631651,,cockpit:minimal;domain:motorcycle;geometry:straight;hand:left:not_visible;hand:right:not_visible;light:normal;motion:medium;route:q3;scene:boundary;scene:clear;scene:markings;scene:signage,lane_marking;other_environment;regulatory_road_marking;road_boundary_or_obstacle;road_surface;traffic_sign;vehicle,"{""left"": ""not_visible"", ""right"": ""not_visible""}",{}
motorcycle,motorcycle_5ab8604a14df,12885,3033827242310,3033.82724231,output/article1/ingestion/scout/motorcycle_5ab8604a14df/frames/rectified/frame_012885.jpg,[external_validation] extends coverage of already represented conditions,,,,external_validation,q3,0.9158860779167588,,cockpit:minimal;domain:motorcycle;geometry:turning;hand:left:not_visible;hand:right:not_visible;light:normal;motion:high;route:q3;scene:boundary;scene:markings;scene:signage;scene:traffic,lane_marking;other_environment;regulatory_road_marking;road_boundary_or_obstacle;road_surface;traffic_sign;vehicle,"{""left"": ""not_visible"", ""right"": ""not_visible""}",{}
motorcycle,motorcycle_5ab8604a14df,13140,3050825812591,3050.825812591,output/article1/ingestion/scout/motorcycle_5ab8604a14df/frames/rectified/frame_013140.jpg,[external_validation] extends coverage of already represented conditions,,,,external_validation,q3,0.925775284487965,,cockpit:minimal;domain:motorcycle;geometry:straight;hand:left:not_visible;hand:right:not_visible;light:normal;motion:medium;route:q3;scene:boundary;scene:clear;scene:markings;scene:signage,lane_marking;other_environment;regulatory_road_marking;road_boundary_or_obstacle;road_surface;traffic_sign;vehicle,"{""left"": ""not_visible"", ""right"": ""not_visible""}",{}
motorcycle,motorcycle_5ab8604a14df,13380,3066824689383,3066.824689383,output/article1/ingestion/scout/motorcycle_5ab8604a14df/frames/rectified/frame_013380.jpg,[external_validation] extends coverage of already represented conditions,,,,external_validation,q3,0.9422336766768039,,cockpit:minimal;domain:motorcycle;geometry:straight;hand:left:out_of_frame;hand:right:not_visible;light:normal;motion:medium;route:q3;scene:boundary;scene:markings;scene:signage;scene:traffic,lane_marking;other_environment;regulatory_road_marking;road_boundary_or_obstacle;road_surface;traffic_sign;vehicle,"{""left"": ""out_of_frame"", ""right"": ""not_visible""}",{}
motorcycle,motorcycle_5ab8604a14df,13470,3072824237862,3072.824237862,output/article1/ingestion/scout/motorcycle_5ab8604a14df/frames/rectified/frame_013470.jpg,[external_validation] extends coverage of already represented conditions,,,,external_validation,q3,0.9441069586305589,,cockpit:minimal;domain:motorcycle;geometry:straight;hand:left:out_of_frame;hand:right:not_visible;light:normal;motion:medium;route:q3;scene:boundary;scene:clear;scene:signage;scene:two_wheeler,lane_marking;other_environment;road_boundary_or_obstacle;road_surface;traffic_sign;two_wheeler;vehicle,"{""left"": ""out_of_frame"", ""right"": ""not_visible""}",{}
motorcycle,motorcycle_5ab8604a14df,13590,3080823490207,3080.823490207,output/article1/ingestion/scout/motorcycle_5ab8604a14df/frames/rectified/frame_013590.jpg,[external_validation] extends coverage of already represented conditions,,,,external_validation,q3,0.949823556095374,,cockpit:minimal;domain:motorcycle;geometry:straight;hand:left:not_visible;hand:right:not_visible;light:normal;motion:medium;route:q3;scene:boundary;scene:clear;scene:markings;scene:signage,lane_marking;other_environment;regulatory_road_marking;road_boundary_or_obstacle;road_surface;traffic_sign;vehicle,"{""left"": ""not_visible"", ""right"": ""not_visible""}",{}
motorcycle,motorcycle_5ab8604a14df,13800,3094822587383,3094.822587383,output/article1/ingestion/scout/motorcycle_5ab8604a14df/frames/rectified/frame_013800.jpg,[external_validation] extends coverage of already represented conditions,,,,external_validation,q3,0.9655002208411027,,cockpit:minimal;domain:motorcycle;geometry:turning;hand:left:not_visible;hand:right:not_visible;light:normal;motion:high;route:q3;scene:boundary;scene:markings;scene:signage;scene:traffic,lane_marking;other_environment;regulatory_road_marking;road_boundary_or_obstacle;road_surface;traffic_sign;vehicle,"{""left"": ""not_visible"", ""right"": ""not_visible""}",{}
motorcycle,motorcycle_5ab8604a14df,8445,2737850366343,2737.850366343,output/article1/ingestion/scout/motorcycle_5ab8604a14df/frames/rectified/frame_008445.jpg,[cockpit_training] extends coverage of already represented conditions,,,,cockpit_training,q2,0.5628755806408711,,cockpit:prominent;domain:motorcycle;geometry:straight;hand:left:not_visible;hand:right:not_visible;light:normal;motion:medium;route:q2;scene:boundary;scene:signage;scene:traffic,other_environment;road_boundary_or_obstacle;road_surface;traffic_sign;vehicle,"{""left"": ""not_visible"", ""right"": ""not_visible""}",{}
motorcycle,motorcycle_5ab8604a14df,13980,3106821607759,3106.821607759,output/article1/ingestion/scout/motorcycle_5ab8604a14df/frames/rectified/frame_013980.jpg,[cockpit_training] extends coverage of already represented conditions,,,,cockpit_training,q3,0.9735929856284208,,cockpit:prominent;domain:motorcycle;geometry:turning;hand:left:out_of_frame;hand:right:not_visible;light:normal;motion:high;route:q3;scene:boundary;scene:clear;scene:markings;scene:signage,lane_marking;other_environment;road_boundary_or_obstacle;road_surface;traffic_sign,"{""left"": ""out_of_frame"", ""right"": ""not_visible""}",{}
motorcycle,motorcycle_5ab8604a14df,8535,2743849615937,2743.849615937,output/article1/ingestion/scout/motorcycle_5ab8604a14df/frames/rectified/frame_008535.jpg,[cockpit_training] extends coverage of already represented conditions,,,,cockpit_training,q2,0.5736097541540371,,cockpit:partial;domain:motorcycle;geometry:turning;hand:left:not_visible;hand:right:not_visible;light:normal;motion:high;route:q2;scene:boundary;scene:clear;scene:markings,lane_marking;other_environment;road_boundary_or_obstacle;road_surface,"{""left"": ""not_visible"", ""right"": ""not_visible""}",{}
motorcycle,motorcycle_5ab8604a14df,3554,2411809420019,2411.809420019,output/article1/ingestion/scout/motorcycle_5ab8604a14df/frames/rectified/frame_003554.jpg,[cockpit_training] extends coverage of already represented conditions,,,,cockpit_training,q0,0.22342947265405147,,cockpit:partial;domain:motorcycle;geometry:straight;hand:left:not_visible;hand:right:not_visible;light:normal;motion:medium;route:q0;scene:boundary;scene:clear;scene:markings,lane_marking;other_environment;road_boundary_or_obstacle;road_surface,"{""left"": ""not_visible"", ""right"": ""not_visible""}",{}
motorcycle,motorcycle_5ab8604a14df,3854,2431808028591,2431.808028591,output/article1/ingestion/scout/motorcycle_5ab8604a14df/frames/rectified/frame_003854.jpg,[cockpit_training] extends coverage of already represented conditions,,,,cockpit_training,q1,0.2569071839354528,,cockpit:partial;domain:motorcycle;geometry:straight;hand:left:out_of_frame;hand:right:not_visible;light:bright;motion:medium;route:q1;scene:boundary;scene:markings;scene:traffic,lane_marking;other_environment;road_boundary_or_obstacle;road_surface;vehicle,"{""left"": ""out_of_frame"", ""right"": ""not_visible""}",{}
motorcycle,motorcycle_5ab8604a14df,3194,2387811275103,2387.811275103,output/article1/ingestion/scout/motorcycle_5ab8604a14df/frames/rectified/frame_003194.jpg,[cockpit_training] extends coverage of already represented conditions,,,,cockpit_training,q0,0.17221411662070993,,cockpit:partial;domain:motorcycle;geometry:straight;hand:left:not_visible;hand:right:not_visible;light:normal;motion:medium;route:q0;scene:clear;scene:markings;scene:signage,lane_marking;other_environment;road_surface;traffic_sign,"{""left"": ""not_visible"", ""right"": ""not_visible""}",{}
motorcycle,motorcycle_5ab8604a14df,8625,2749849073550,2749.84907355,output/article1/ingestion/scout/motorcycle_5ab8604a14df/frames/rectified/frame_008625.jpg,[cockpit_training] extends coverage of already represented conditions,,,,cockpit_training,q2,0.585408627788008,,cockpit:partial;domain:motorcycle;geometry:turning;hand:left:not_visible;hand:right:not_visible;light:normal;motion:high;route:q2;scene:boundary;scene:markings;scene:traffic,lane_marking;other_environment;road_boundary_or_obstacle;road_surface;vehicle,"{""left"": ""not_visible"", ""right"": ""not_visible""}",{}
motorcycle,motorcycle_5ab8604a14df,6825,2629858914071,2629.858914071,output/article1/ingestion/scout/motorcycle_5ab8604a14df/frames/rectified/frame_006825.jpg,[cockpit_training] extends coverage of already represented conditions,,,,cockpit_training,q1,0.478238067011614,,cockpit:partial;domain:motorcycle;geometry:straight;hand:left:not_visible;hand:right:not_visible;light:bright;motion:medium;route:q1;scene:boundary;scene:clear;scene:markings,lane_marking;other_environment;road_boundary_or_obstacle;road_surface,"{""left"": ""not_visible"", ""right"": ""not_visible""}",{}
motorcycle,motorcycle_5ab8604a14df,4724,2489803461873,2489.803461873,output/article1/ingestion/scout/motorcycle_5ab8604a14df/frames/rectified/frame_004724.jpg,[cockpit_training] extends coverage of already represented conditions,,,,cockpit_training,q1,0.3393796082134688,,cockpit:partial;domain:motorcycle;geometry:straight;hand:left:out_of_frame;hand:right:not_visible;light:normal;motion:medium;quality:low_sharpness;route:q1;scene:boundary;scene:markings;scene:signage;scene:traffic,lane_marking;other_environment;road_boundary_or_obstacle;road_surface;vehicle,"{""left"": ""out_of_frame"", ""right"": ""not_visible""}",{}
motorcycle,motorcycle_5ab8604a14df,8490,2740850174738,2740.850174738,output/article1/ingestion/scout/motorcycle_5ab8604a14df/frames/rectified/frame_008490.jpg,[cockpit_training] extends coverage of already represented conditions,,,,cockpit_training,q2,0.5672767626757537,,cockpit:partial;domain:motorcycle;geometry:straight;hand:left:not_visible;hand:right:not_visible;light:bright;motion:medium;route:q2;scene:boundary;scene:clear;scene:markings;scene:signage,lane_marking;other_environment;road_boundary_or_obstacle;road_surface;traffic_sign;vehicle,"{""left"": ""not_visible"", ""right"": ""not_visible""}",{}
motorcycle,motorcycle_5ab8604a14df,10740,2890838540436,2890.838540436,output/article1/ingestion/scout/motorcycle_5ab8604a14df/frames/rectified/frame_010740.jpg,[cockpit_training] extends coverage of already represented conditions,,,,cockpit_training,q3,0.7777388203357225,,cockpit:partial;domain:motorcycle;geometry:straight;hand:left:not_visible;hand:right:out_of_frame;light:bright;motion:medium;route:q3;scene:boundary;scene:clear;scene:markings;scene:signage,lane_marking;other_environment;road_boundary_or_obstacle;road_surface;vehicle,"{""left"": ""not_visible"", ""right"": ""out_of_frame""}",{}
motorcycle,motorcycle_5ab8604a14df,13905,3101821923853,3101.821923853,output/article1/ingestion/scout/motorcycle_5ab8604a14df/frames/rectified/frame_013905.jpg,[cockpit_training] extends coverage of already represented conditions,,,,cockpit_training,q3,0.9688432683669137,,cockpit:partial;domain:motorcycle;geometry:straight;hand:left:out_of_frame;hand:right:not_visible;light:bright;motion:medium;route:q3;scene:boundary;scene:markings;scene:signage;scene:traffic,lane_marking;other_environment;regulatory_road_marking;road_boundary_or_obstacle;road_surface;vehicle,"{""left"": ""out_of_frame"", ""right"": ""not_visible""}",{}
motorcycle,motorcycle_5ab8604a14df,3599,2414809033072,2414.809033072,output/article1/ingestion/scout/motorcycle_5ab8604a14df/frames/rectified/frame_003599.jpg,[cockpit_training] extends coverage of already represented conditions,,,,cockpit_training,q0,0.22974444009499193,,cockpit:partial;domain:motorcycle;geometry:turning;hand:left:out_of_frame;hand:right:not_visible;light:bright;motion:high;route:q0;scene:boundary;scene:clear;scene:markings;scene:pedestrian,lane_marking;other_environment;road_boundary_or_obstacle;road_surface,"{""left"": ""out_of_frame"", ""right"": ""not_visible""}",{}
motorcycle,motorcycle_5ab8604a14df,3269,2392810794958,2392.810794958,output/article1/ingestion/scout/motorcycle_5ab8604a14df/frames/rectified/frame_003269.jpg,[cockpit_training] extends coverage of already represented conditions,,,,cockpit_training,q0,0.18340283321161618,,cockpit:partial;domain:motorcycle;geometry:straight;hand:left:not_visible;hand:right:not_visible;light:normal;motion:medium;route:q0;scene:clear;scene:markings,lane_marking;other_environment;road_surface,"{""left"": ""not_visible"", ""right"": ""not_visible""}",{}
motorcycle,motorcycle_5ab8604a14df,11880,2966832429894,2966.832429894,output/article1/ingestion/scout/motorcycle_5ab8604a14df/frames/rectified/frame_011880.jpg,[cockpit_training] extends coverage of already represented conditions,,,,cockpit_training,q3,0.8654131884968083,,cockpit:partial;domain:motorcycle;geometry:straight;hand:left:not_visible;hand:right:not_visible;light:bright;motion:medium;route:q3;scene:boundary;scene:traffic,other_environment;road_boundary_or_obstacle;road_surface;vehicle,"{""left"": ""not_visible"", ""right"": ""not_visible""}",{}
motorcycle,motorcycle_5ab8604a14df,9735,2823843697904,2823.843697904,output/article1/ingestion/scout/motorcycle_5ab8604a14df/frames/rectified/frame_009735.jpg,[cockpit_training] extends coverage of already represented conditions,,,,cockpit_training,q2,0.679672370197837,,cockpit:partial;domain:motorcycle;geometry:straight;hand:left:not_visible;hand:right:not_visible;light:normal;motion:medium;route:q2;scene:boundary;scene:clear;scene:markings,lane_marking;other_environment;road_boundary_or_obstacle;road_surface,"{""left"": ""not_visible"", ""right"": ""not_visible""}",{}
motorcycle,motorcycle_5ab8604a14df,1979,2306817577248,2306.817577248,output/article1/ingestion/scout/motorcycle_5ab8604a14df/frames/rectified/frame_001979.jpg,[cockpit_training] extends coverage of already represented conditions,,,,cockpit_training,q0,0.08009542728520722,,cockpit:partial;domain:motorcycle;geometry:straight;hand:left:not_visible;hand:right:not_visible;light:normal;motion:medium;route:q0;scene:boundary;scene:clear;scene:markings;scene:signage,lane_marking;other_environment;road_boundary_or_obstacle;road_surface;traffic_sign;vehicle,"{""left"": ""not_visible"", ""right"": ""not_visible""}",{}
motorcycle,motorcycle_5ab8604a14df,3509,2408809636092,2408.809636092,output/article1/ingestion/scout/motorcycle_5ab8604a14df/frames/rectified/frame_003509.jpg,[cockpit_training] extends coverage of already represented conditions,,,,cockpit_training,q0,0.21730889185304045,,cockpit:partial;domain:motorcycle;geometry:turning;hand:left:not_visible;hand:right:not_visible;light:bright;motion:high;route:q0;scene:boundary;scene:clear;scene:markings,lane_marking;other_environment;road_boundary_or_obstacle;road_surface,"{""left"": ""not_visible"", ""right"": ""not_visible""}",{}
motorcycle,motorcycle_5ab8604a14df,9780,2826843228676,2826.843228676,output/article1/ingestion/scout/motorcycle_5ab8604a14df/frames/rectified/frame_009780.jpg,[cockpit_training] extends coverage of already represented conditions,,,,cockpit_training,q2,0.683211703463426,,cockpit:partial;domain:motorcycle;geometry:straight;hand:left:not_visible;hand:right:not_visible;light:normal;motion:medium;route:q2;scene:boundary;scene:clear;scene:markings;scene:signage,lane_marking;other_environment;road_boundary_or_obstacle;road_surface,"{""left"": ""not_visible"", ""right"": ""not_visible""}",{}
motorcycle,motorcycle_5ab8604a14df,4094,2447806772759,2447.806772759,output/article1/ingestion/scout/motorcycle_5ab8604a14df/frames/rectified/frame_004094.jpg,[cockpit_training] extends coverage of already represented conditions,,,,cockpit_training,q1,0.2856529444102544,,cockpit:partial;domain:motorcycle;geometry:straight;hand:left:out_of_frame;hand:right:out_of_frame;light:bright;motion:medium;route:q1;scene:boundary;scene:markings;scene:signage;scene:traffic,lane_marking;other_environment;road_boundary_or_obstacle;road_surface;traffic_sign;vehicle,"{""left"": ""out_of_frame"", ""right"": ""out_of_frame""}",{}
motorcycle,motorcycle_5ab8604a14df,3404,2401810298249,2401.810298249,output/article1/ingestion/scout/motorcycle_5ab8604a14df/frames/rectified/frame_003404.jpg,[cockpit_training] extends coverage of already represented conditions,,,,cockpit_training,q0,0.20309699894304467,,cockpit:partial;domain:motorcycle;geometry:straight;hand:left:not_visible;hand:right:not_visible;light:normal;motion:medium;quality:low_sharpness;route:q0;scene:boundary;scene:clear;scene:markings;scene:two_wheeler,lane_marking;other_environment;road_boundary_or_obstacle;road_surface,"{""left"": ""not_visible"", ""right"": ""not_visible""}",{}
motorcycle,motorcycle_5ab8604a14df,8580,2746849474331,2746.849474331,output/article1/ingestion/scout/motorcycle_5ab8604a14df/frames/rectified/frame_008580.jpg,[cockpit_training] extends coverage of already represented conditions,,,,cockpit_training,q2,0.5796427956864614,,cockpit:partial;domain:motorcycle;geometry:turning;hand:left:not_visible;hand:right:not_visible;light:normal;motion:high;route:q2;scene:clear;scene:markings;scene:two_wheeler,lane_marking;other_environment;road_surface;two_wheeler,"{""left"": ""not_visible"", ""right"": ""not_visible""}",{}
motorcycle,motorcycle_5ab8604a14df,6389,2600794720707,2600.794720707,output/article1/ingestion/scout/motorcycle_5ab8604a14df/frames/rectified/frame_006389.jpg,[cockpit_training] extends coverage of already represented conditions,,,,cockpit_training,q1,0.45556329129500006,,cockpit:partial;domain:motorcycle;geometry:straight;hand:left:not_visible;hand:right:not_visible;light:normal;motion:medium;route:q1;scene:boundary;scene:markings;scene:traffic,lane_marking;other_environment;road_boundary_or_obstacle;road_surface;vehicle,"{""left"": ""not_visible"", ""right"": ""not_visible""}",{}
motorcycle,motorcycle_5ab8604a14df,914,2235823214759,2235.823214759,output/article1/ingestion/scout/motorcycle_5ab8604a14df/frames/rectified/frame_000914.jpg,[cockpit_training] extends coverage of already represented conditions,,,,cockpit_training,q0,0.01967407790574913,,cockpit:partial;domain:motorcycle;geometry:straight;hand:left:out_of_frame;hand:right:not_visible;light:normal;motion:medium;route:q0;scene:clear;scene:markings,lane_marking;other_environment;road_surface,"{""left"": ""out_of_frame"", ""right"": ""not_visible""}",{}
motorcycle,motorcycle_5ab8604a14df,3644,2417809088550,2417.80908855,output/article1/ingestion/scout/motorcycle_5ab8604a14df/frames/rectified/frame_003644.jpg,[cockpit_training] extends coverage of already represented conditions,,,,cockpit_training,q0,0.23597402707338427,,cockpit:partial;domain:motorcycle;geometry:straight;hand:left:out_of_frame;hand:right:not_visible;light:bright;motion:medium;route:q0;scene:boundary;scene:clear;scene:markings,lane_marking;other_environment;road_boundary_or_obstacle;road_surface;vehicle,"{""left"": ""out_of_frame"", ""right"": ""not_visible""}",{}
motorcycle,motorcycle_5ab8604a14df,14040,3110821027873,3110.821027873,output/article1/ingestion/scout/motorcycle_5ab8604a14df/frames/rectified/frame_014040.jpg,[cockpit_training] extends coverage of already represented conditions,,,,cockpit_training,q3,0.9813177723804043,,cockpit:partial;domain:motorcycle;geometry:turning;hand:left:out_of_frame;hand:right:not_visible;light:bright;motion:high;route:q3;scene:boundary;scene:markings;scene:traffic,lane_marking;other_environment;road_boundary_or_obstacle;road_surface;vehicle,"{""left"": ""out_of_frame"", ""right"": ""not_visible""}",{}
motorcycle,motorcycle_5ab8604a14df,8670,2752848925987,2752.848925987,output/article1/ingestion/scout/motorcycle_5ab8604a14df/frames/rectified/frame_008670.jpg,[cockpit_training] extends coverage of already represented conditions,,,,cockpit_training,q2,0.5909398254380238,,cockpit:partial;domain:motorcycle;geometry:turning;hand:left:not_visible;hand:right:not_visible;light:normal;motion:high;route:q2;scene:boundary;scene:clear;scene:markings,lane_marking;other_environment;road_boundary_or_obstacle;road_surface;vehicle,"{""left"": ""not_visible"", ""right"": ""not_visible""}",{}
motorcycle,motorcycle_5ab8604a14df,9660,2818844147602,2818.844147602,output/article1/ingestion/scout/motorcycle_5ab8604a14df/frames/rectified/frame_009660.jpg,[cockpit_training] extends coverage of already represented conditions,,,,cockpit_training,q2,0.6759006879535746,,cockpit:partial;domain:motorcycle;geometry:straight;hand:left:out_of_frame;hand:right:not_visible;light:normal;motion:medium;route:q2;scene:boundary;scene:traffic,other_environment;road_boundary_or_obstacle;road_surface;vehicle,"{""left"": ""out_of_frame"", ""right"": ""not_visible""}",{}
motorcycle,motorcycle_5ab8604a14df,4349,2464805248612,2464.805248612,output/article1/ingestion/scout/motorcycle_5ab8604a14df/frames/rectified/frame_004349.jpg,[cockpit_training] extends coverage of already represented conditions,,,,cockpit_training,q1,0.3137935449130312,,cockpit:partial;domain:motorcycle;geometry:straight;hand:left:not_visible;hand:right:out_of_frame;light:normal;motion:medium;quality:low_sharpness;route:q1;scene:boundary;scene:clear;scene:markings,lane_marking;other_environment;road_boundary_or_obstacle;road_surface,"{""left"": ""not_visible"", ""right"": ""out_of_frame""}",{}
motorcycle,motorcycle_5ab8604a14df,6765,2625859273477,2625.859273477,output/article1/ingestion/scout/motorcycle_5ab8604a14df/frames/rectified/frame_006765.jpg,[cockpit_training] extends coverage of already represented conditions,,,,cockpit_training,q1,0.4735774531458099,,cockpit:partial;domain:motorcycle;geometry:straight;hand:left:not_visible;hand:right:not_visible;light:normal;motion:medium;route:q1;scene:boundary;scene:markings;scene:signage;scene:traffic,lane_marking;other_environment;road_boundary_or_obstacle;road_surface;traffic_sign;vehicle,"{""left"": ""not_visible"", ""right"": ""not_visible""}",{}
motorcycle,motorcycle_5ab8604a14df,9825,2829842955467,2829.842955467,output/article1/ingestion/scout/motorcycle_5ab8604a14df/frames/rectified/frame_009825.jpg,[cockpit_training] extends coverage of already represented conditions,,,,cockpit_training,q2,0.6882169910968011,,cockpit:partial;domain:motorcycle;geometry:turning;hand:left:not_visible;hand:right:not_visible;light:normal;motion:high;route:q2;scene:boundary;scene:clear;scene:markings;scene:signage,lane_marking;other_environment;road_boundary_or_obstacle;road_surface;traffic_sign,"{""left"": ""not_visible"", ""right"": ""not_visible""}",{}
motorcycle,motorcycle_5ab8604a14df,4679,2486803596259,2486.803596259,output/article1/ingestion/scout/motorcycle_5ab8604a14df/frames/rectified/frame_004679.jpg,[cockpit_training] extends coverage of already represented conditions,,,,cockpit_training,q1,0.33523954860961547,,cockpit:partial;domain:motorcycle;geometry:straight;hand:left:not_visible;hand:right:not_visible;light:bright;motion:low;quality:low_sharpness;route:q1;scene:boundary;scene:markings;scene:signage;scene:traffic,lane_marking;other_environment;road_boundary_or_obstacle;road_surface;traffic_sign;vehicle,"{""left"": ""not_visible"", ""right"": ""not_visible""}",{}
motorcycle,motorcycle_5ab8604a14df,5309,2528799721342,2528.799721342,output/article1/ingestion/scout/motorcycle_5ab8604a14df/frames/rectified/frame_005309.jpg,[cockpit_training] extends coverage of already represented conditions,,,,cockpit_training,q1,0.3884331529342233,,cockpit:partial;domain:motorcycle;geometry:straight;hand:left:not_visible;hand:right:not_visible;light:normal;motion:medium;route:q1;scene:boundary;scene:clear;scene:markings;scene:signage,lane_marking;other_environment;road_boundary_or_obstacle;road_surface;traffic_sign;vehicle,"{""left"": ""not_visible"", ""right"": ""not_visible""}",{}
motorcycle,motorcycle_5ab8604a14df,8700,2754848938854,2754.848938854,output/article1/ingestion/scout/motorcycle_5ab8604a14df/frames/rectified/frame_008700.jpg,[cockpit_training] extends coverage of already represented conditions,,,,cockpit_training,q2,0.594404515790636,,cockpit:partial;domain:motorcycle;geometry:straight;hand:left:not_visible;hand:right:not_visible;light:normal;motion:medium;route:q2;scene:clear;scene:markings,lane_marking;other_environment;road_surface;vehicle,"{""left"": ""not_visible"", ""right"": ""not_visible""}",{}
motorcycle,motorcycle_5ab8604a14df,12000,2974831960019,2974.831960019,output/article1/ingestion/scout/motorcycle_5ab8604a14df/frames/rectified/frame_012000.jpg,[cockpit_training] extends coverage of already represented conditions,,,,cockpit_training,q3,0.8713675149456486,,cockpit:partial;domain:motorcycle;geometry:straight;hand:left:not_visible;hand:right:not_visible;light:normal;motion:medium;route:q3;scene:boundary;scene:markings;scene:signage;scene:traffic,lane_marking;other_environment;road_boundary_or_obstacle;road_surface;traffic_sign;vehicle,"{""left"": ""not_visible"", ""right"": ""not_visible""}",{}
motorcycle,motorcycle_5ab8604a14df,11025,2909836958373,2909.836958373,output/article1/ingestion/scout/motorcycle_5ab8604a14df/frames/rectified/frame_011025.jpg,[cockpit_training] extends coverage of already represented conditions,,,,cockpit_training,q3,0.8052928078876201,,cockpit:partial;domain:motorcycle;geometry:straight;hand:left:partially_visible;hand:right:out_of_frame;light:normal;motion:medium;route:q3;scene:boundary;scene:clear;scene:markings;scene:signage,lane_marking;other_environment;road_boundary_or_obstacle;road_surface;vehicle,"{""left"": ""partially_visible"", ""right"": ""out_of_frame""}",{}
motorcycle,motorcycle_5ab8604a14df,90,2180827683093,2180.827683093,output/article1/ingestion/scout/motorcycle_5ab8604a14df/frames/rectified/frame_000090.jpg,[cockpit_training] extends coverage of already represented conditions,,,,cockpit_training,q0,0.0,,cockpit:partial;domain:motorcycle;geometry:straight;hand:left:not_visible;hand:right:not_visible;light:normal;motion:medium;quality:low_sharpness;route:q0;scene:clear;scene:two_wheeler,other_environment;road_surface,"{""left"": ""not_visible"", ""right"": ""not_visible""}",{}
motorcycle,motorcycle_5ab8604a14df,3944,2437807507061,2437.807507061,output/article1/ingestion/scout/motorcycle_5ab8604a14df/frames/rectified/frame_003944.jpg,[cockpit_training] extends coverage of already represented conditions,,,,cockpit_training,q1,0.2669140542661653,,cockpit:partial;domain:motorcycle;geometry:straight;hand:left:out_of_frame;hand:right:not_visible;light:bright;motion:medium;route:q1;scene:boundary;scene:clear;scene:markings;scene:signage,lane_marking;other_environment;road_boundary_or_obstacle;road_surface;traffic_sign,"{""left"": ""out_of_frame"", ""right"": ""not_visible""}",{}
motorcycle,motorcycle_5ab8604a14df,13545,3077823725675,3077.823725675,output/article1/ingestion/scout/motorcycle_5ab8604a14df/frames/rectified/frame_013545.jpg,[cockpit_training] extends coverage of already represented conditions,,,,cockpit_training,q3,0.9467324991550805,,cockpit:partial;domain:motorcycle;geometry:turning;hand:left:not_visible;hand:right:not_visible;light:normal;motion:high;route:q3;scene:boundary;scene:clear;scene:markings;scene:pedestrian;scene:signage,lane_marking;other_environment;regulatory_road_marking;road_boundary_or_obstacle;road_surface;traffic_sign,"{""left"": ""not_visible"", ""right"": ""not_visible""}",{}
motorcycle,motorcycle_5ab8604a14df,9315,2795845017582,2795.845017582,output/article1/ingestion/scout/motorcycle_5ab8604a14df/frames/rectified/frame_009315.jpg,[cockpit_training] extends coverage of already represented conditions,,,,cockpit_training,q2,0.6531475544544902,,cockpit:partial;domain:motorcycle;geometry:turning;hand:left:not_visible;hand:right:not_visible;light:normal;motion:high;route:q2;scene:boundary;scene:clear;scene:markings,lane_marking;other_environment;road_boundary_or_obstacle;road_surface;vehicle,"{""left"": ""not_visible"", ""right"": ""not_visible""}",{}
