recording_id,domain,grid_index,grid_timestamp_ns,selected_source_frame_index,selected_timestamp_ns,temporal_error_ms,interpolated,synthetic,reused_real_frame
car_2e84f0c3e245,car,0,1055278217953,0,1055278217953,0.0,False,False,False
car_2e84f0c3e245,car,1,1055378217953,1,1055378203953,0.014,False,False,False
car_2e84f0c3e245,car,2,1055478217953,2,1055478196454,0.021499,False,False,False
car_2e84f0c3e245,car,3,1055578217953,3,1055578188954,0.028999,False,False,False
car_2e84f0c3e245,car,4,1055678217953,4,1055678181454,0.036499,False,False,False
car_2e84f0c3e245,car,5,1055778217953,5,1055778161349,0.056604,False,False,False
car_2e84f0c3e245,car,6,1055878217953,6,1055878135037,0.082916,False,False,False
car_2e84f0c3e245,car,7,1055978217953,7,1055978140037,0.077916,False,False,False
car_2e84f0c3e245,car,8,1056078217953,8,1056078132538,0.085415,False,False,False
car_2e84f0c3e245,car,9,1056178217953,9,1056178125036,0.092917,False,False,False
car_2e84f0c3e245,car,10,1056278217953,10,1056278117536,0.100417,False,False,False
car_2e84f0c3e245,car,11,1056378217953,11,1056378122693,0.09526,False,False,False
car_2e84f0c3e245,car,12,1056478217953,12,1056478108642,0.109311,False,False,False
car_2e84f0c3e245,car,13,1056578217953,13,1056578075882,0.142071,False,False,False
car_2e84f0c3e245,car,14,1056678217953,14,1056678055568,0.162385,False,False,False
car_2e84f0c3e245,car,15,1056778217953,15,1056778061068,0.156885,False,False,False
car_2e84f0c3e245,car,16,1056878217953,16,1056878053569,0.164384,False,False,False
car_2e84f0c3e245,car,17,1056978217953,17,1056978046069,0.171884,False,False,False
car_2e84f0c3e245,car,18,1057078217953,18,1057078013255,0.204698,False,False,False
car_2e84f0c3e245,car,19,1057178217953,19,1057177980287,0.237666,False,False,False
car_2e84f0c3e245,car,20,1057278217953,20,1057277941215,0.276738,False,False,False
car_2e84f0c3e245,car,21,1057378217953,21,1057377959215,0.258738,False,False,False
car_2e84f0c3e245,car,22,1057478217953,22,1057477976974,0.240979,False,False,False
car_2e84f0c3e245,car,23,1057578217953,23,1057578019703,0.19825,False,False,False
car_2e84f0c3e245,car,24,1057678217953,24,1057678005964,0.211989,False,False,False
car_2e84f0c3e245,car,25,1057778217953,25,1057777973308,0.244645,False,False,False
car_2e84f0c3e245,car,26,1057878217953,26,1057877933840,0.284113,False,False,False
car_2e84f0c3e245,car,27,1057978217953,27,1057977920026,0.297927,False,False,False
car_2e84f0c3e245,car,28,1058078217953,28,1058077925526,0.292427,False,False,False
car_2e84f0c3e245,car,29,1058178217953,29,1058177918027,0.299926,False,False,False
car_2e84f0c3e245,car,30,1058278217953,30,1058277910475,0.307478,False,False,False
car_2e84f0c3e245,car,31,1058378217953,31,1058377865057,0.352896,False,False,False
car_2e84f0c3e245,car,32,1058478217953,32,1058477851245,0.366708,False,False,False
car_2e84f0c3e245,car,33,1058578217953,33,1058577856193,0.36176,False,False,False
car_2e84f0c3e245,car,34,1058678217953,34,1058677848694,0.369259,False,False,False
car_2e84f0c3e245,car,35,1058778217953,35,1058777841192,0.376761,False,False,False
car_2e84f0c3e245,car,36,1058878217953,36,1058877833640,0.384313,False,False,False
car_2e84f0c3e245,car,37,1058978217953,37,1058977826089,0.391864,False,False,False
car_2e84f0c3e245,car,38,1059078217953,38,1059077818589,0.399364,False,False,False
car_2e84f0c3e245,car,39,1059178217953,39,1059177811038,0.406915,False,False,False
car_2e84f0c3e245,car,40,1059278217953,40,1059277803536,0.414417,False,False,False
car_2e84f0c3e245,car,41,1059378217953,41,1059377795985,0.421968,False,False,False
car_2e84f0c3e245,car,42,1059478217953,42,1059477788485,0.429468,False,False,False
car_2e84f0c3e245,car,43,1059578217953,43,1059577780933,0.43702,False,False,False
car_2e84f0c3e245,car,44,1059678217953,44,1059677773382,0.444571,False,False,False
car_2e84f0c3e245,car,45,1059778217953,45,1059777765880,0.452073,False,False,False
car_2e84f0c3e245,car,46,1059878217953,46,1059877758328,0.459625,False,False,False
car_2e84f0c3e245,car,47,1059978217953,47,1059977750829,0.467124,False,False,False
car_2e84f0c3e245,car,48,1060078217953,48,1060077743277,0.474676,False,False,False
car_2e84f0c3e245,car,49,1060178217953,49,1060177735724,0.482229,False,False,False
car_2e84f0c3e245,car,50,1060278217953,50,1060277728224,0.489729,False,False,False
car_2e84f0c3e245,car,51,1060378217953,51,1060377733328,0.484625,False,False,False
car_2e84f0c3e245,car,52,1060478217953,52,1060477719277,0.498676,False,False,False
car_2e84f0c3e245,car,53,1060578217953,53,1060577711777,0.506176,False,False,False
car_2e84f0c3e245,car,54,1060678217953,54,1060677704224,0.513729,False,False,False
car_2e84f0c3e245,car,55,1060778217953,55,1060777696672,0.521281,False,False,False
car_2e84f0c3e245,car,56,1060878217953,56,1060877689172,0.528781,False,False,False
car_2e84f0c3e245,car,57,1060978217953,57,1060977681621,0.536332,False,False,False
car_2e84f0c3e245,car,58,1061078217953,58,1061077674069,0.543884,False,False,False
car_2e84f0c3e245,car,59,1061178217953,59,1061177666515,0.551438,False,False,False
car_2e84f0c3e245,car,60,1061278217953,60,1061277659016,0.558937,False,False,False
car_2e84f0c3e245,car,61,1061378217953,61,1061377651464,0.566489,False,False,False
car_2e84f0c3e245,car,62,1061478217953,62,1061477669225,0.548728,False,False,False
car_2e84f0c3e245,car,63,1061578217953,63,1061577687090,0.530863,False,False,False
car_2e84f0c3e245,car,64,1061678217953,64,1061677685849,0.532104,False,False,False
car_2e84f0c3e245,car,65,1061778217953,65,1061777691109,0.526844,False,False,False
car_2e84f0c3e245,car,66,1061878217953,66,1061877683214,0.534739,False,False,False
car_2e84f0c3e245,car,67,1061978217953,67,1061977669662,0.548291,False,False,False
car_2e84f0c3e245,car,68,1062078217953,68,1062077662111,0.555842,False,False,False
car_2e84f0c3e245,car,69,1062178217953,69,1062177654609,0.563344,False,False,False
car_2e84f0c3e245,car,70,1062278217953,70,1062277672318,0.545635,False,False,False
car_2e84f0c3e245,car,71,1062378217953,71,1062377651818,0.566135,False,False,False
car_2e84f0c3e245,car,72,1062478217953,72,1062477644266,0.573687,False,False,False
car_2e84f0c3e245,car,73,1062578217953,73,1062577636715,0.581238,False,False,False
car_2e84f0c3e245,car,74,1062678217953,74,1062677629161,0.588792,False,False,False
car_2e84f0c3e245,car,75,1062778217953,75,1062777621609,0.596344,False,False,False
car_2e84f0c3e245,car,76,1062878217953,76,1062877614110,0.603843,False,False,False
car_2e84f0c3e245,car,77,1062978217953,77,1062977581246,0.636707,False,False,False
car_2e84f0c3e245,car,78,1063078217953,78,1063077586692,0.631261,False,False,False
car_2e84f0c3e245,car,79,1063178217953,79,1063177579193,0.63876,False,False,False
car_2e84f0c3e245,car,80,1063278217953,80,1063277571641,0.646312,False,False,False
car_2e84f0c3e245,car,81,1063378217953,81,1063377564089,0.653864,False,False,False
car_2e84f0c3e245,car,82,1063478217953,82,1063477556538,0.661415,False,False,False
car_2e84f0c3e245,car,83,1063578217953,83,1063577548984,0.668969,False,False,False
car_2e84f0c3e245,car,84,1063678217953,84,1063677554089,0.663864,False,False,False
car_2e84f0c3e245,car,85,1063778217953,85,1063777540037,0.677916,False,False,False
car_2e84f0c3e245,car,86,1063878217953,86,1063877532485,0.685468,False,False,False
car_2e84f0c3e245,car,87,1063978217953,87,1063977524934,0.693019,False,False,False
car_2e84f0c3e245,car,88,1064078217953,88,1064077542640,0.675313,False,False,False
car_2e84f0c3e245,car,89,1064178217953,89,1064177535245,0.682708,False,False,False
car_2e84f0c3e245,car,90,1064278217953,90,1064277546506,0.671447,False,False,False
car_2e84f0c3e245,car,91,1064378217953,91,1064377539110,0.678843,False,False,False
car_2e84f0c3e245,car,92,1064478217953,92,1064477525058,0.692895,False,False,False
car_2e84f0c3e245,car,93,1064578217953,93,1064577517505,0.700448,False,False,False
car_2e84f0c3e245,car,94,1064678217953,94,1064677522609,0.695344,False,False,False
car_2e84f0c3e245,car,95,1064778217953,95,1064777534318,0.683635,False,False,False
car_2e84f0c3e245,car,96,1064878217953,96,1064877539079,0.678874,False,False,False
car_2e84f0c3e245,car,97,1064978217953,97,1064977519027,0.698926,False,False,False
car_2e84f0c3e245,car,98,1065078217953,98,1065077511473,0.70648,False,False,False
car_2e84f0c3e245,car,99,1065178217953,99,1065177503922,0.714031,False,False,False
car_2e84f0c3e245,car,100,1065278217953,100,1065277496370,0.721583,False,False,False
car_2e84f0c3e245,car,101,1065378217953,101,1065377488818,0.729135,False,False,False
car_2e84f0c3e245,car,102,1065478217953,102,1065477481267,0.736686,False,False,False
car_2e84f0c3e245,car,103,1065578217953,103,1065577473713,0.74424,False,False,False
car_2e84f0c3e245,car,104,1065678217953,104,1065677466161,0.751792,False,False,False
car_2e84f0c3e245,car,105,1065778217953,105,1065777471266,0.746687,False,False,False
car_2e84f0c3e245,car,106,1065878217953,106,1065877482475,0.735478,False,False,False
car_2e84f0c3e245,car,107,1065978217953,107,1065977475079,0.742874,False,False,False
car_2e84f0c3e245,car,108,1066078217953,108,1066077461026,0.756927,False,False,False
car_2e84f0c3e245,car,109,1066178217953,109,1066177453474,0.764479,False,False,False
car_2e84f0c3e245,car,110,1066278217953,110,1066277445922,0.772031,False,False,False
car_2e84f0c3e245,car,111,1066378217953,111,1066377438371,0.779582,False,False,False
car_2e84f0c3e245,car,112,1066478217953,112,1066477430819,0.787134,False,False,False
car_2e84f0c3e245,car,113,1066578217953,113,1066577423265,0.794688,False,False,False
car_2e84f0c3e245,car,114,1066678217953,114,1066677415662,0.802291,False,False,False
car_2e84f0c3e245,car,115,1066778217953,115,1066777433422,0.784531,False,False,False
car_2e84f0c3e245,car,116,1066878217953,116,1066877426027,0.791926,False,False,False
car_2e84f0c3e245,car,117,1066978217953,117,1066977411923,0.80603,False,False,False
car_2e84f0c3e245,car,118,1067078217953,118,1067077404369,0.813584,False,False,False
car_2e84f0c3e245,car,119,1067178217953,119,1067177396818,0.821135,False,False,False
car_2e84f0c3e245,car,120,1067278217953,120,1067277389266,0.828687,False,False,False
car_2e84f0c3e245,car,121,1067378217953,121,1067377381715,0.836238,False,False,False
car_2e84f0c3e245,car,122,1067478217953,122,1067477374161,0.843792,False,False,False
car_2e84f0c3e245,car,123,1067578217953,123,1067577366609,0.851344,False,False,False
car_2e84f0c3e245,car,124,1067678217953,124,1067677359058,0.858895,False,False,False
car_2e84f0c3e245,car,125,1067778217953,125,1067777326194,0.891759,False,False,False
car_2e84f0c3e245,car,126,1067878217953,126,1067877306330,0.911623,False,False,False
car_2e84f0c3e245,car,127,1067978217953,127,1067977286015,0.931938,False,False,False
car_2e84f0c3e245,car,128,1068078217953,128,1068077265651,0.952302,False,False,False
car_2e84f0c3e245,car,129,1068178217953,129,1068177271100,0.946853,False,False,False
car_2e84f0c3e245,car,130,1068278217953,130,1068277263548,0.954405,False,False,False
car_2e84f0c3e245,car,131,1068378217953,131,1068377243338,0.974615,False,False,False
car_2e84f0c3e245,car,132,1068478217953,132,1068477203818,1.014135,False,False,False
car_2e84f0c3e245,car,133,1068578217953,133,1068577177350,1.040603,False,False,False
car_2e84f0c3e245,car,134,1068678217953,134,1068677150828,1.067125,False,False,False
car_2e84f0c3e245,car,135,1068778217953,135,1068777099047,1.118906,False,False,False
car_2e84f0c3e245,car,136,1068878217953,136,1068877059767,1.158186,False,False,False
car_2e84f0c3e245,car,137,1068978217953,137,1068977058901,1.159052,False,False,False
car_2e84f0c3e245,car,138,1069078217953,138,1069077089161,1.128792,False,False,False
car_2e84f0c3e245,car,139,1069178217953,139,1069177107026,1.110927,False,False,False
car_2e84f0c3e245,car,140,1069278217953,140,1069277105735,1.112218,False,False,False
car_2e84f0c3e245,car,141,1069378217953,141,1069377085183,1.13277,False,False,False
car_2e84f0c3e245,car,142,1069478217953,142,1069477077632,1.140321,False,False,False
car_2e84f0c3e245,car,143,1069578217953,143,1069577070078,1.147875,False,False,False
car_2e84f0c3e245,car,144,1069678217953,144,1069677062474,1.155479,False,False,False
car_2e84f0c3e245,car,145,1069778217953,145,1069777054922,1.163031,False,False,False
car_2e84f0c3e245,car,146,1069878217953,146,1069877047371,1.170582,False,False,False
car_2e84f0c3e245,car,147,1069978217953,147,1069977027161,1.190792,False,False,False
car_2e84f0c3e245,car,148,1070078217953,148,1070077000797,1.217156,False,False,False
car_2e84f0c3e245,car,149,1070178217953,149,1070176980433,1.23752,False,False,False
car_2e84f0c3e245,car,150,1070278217953,150,1070276947965,1.269988,False,False,False
car_2e84f0c3e245,car,151,1070378217953,151,1070376920995,1.296958,False,False,False
car_2e84f0c3e245,car,152,1070478217953,152,1070476894474,1.323479,False,False,False
car_2e84f0c3e245,car,153,1070578217953,153,1070576893266,1.324687,False,False,False
car_2e84f0c3e245,car,154,1070678217953,154,1070676892215,1.325738,False,False,False
car_2e84f0c3e245,car,155,1070778217953,155,1070776884661,1.333292,False,False,False
car_2e84f0c3e245,car,156,1070878217953,156,1070876877110,1.340843,False,False,False
car_2e84f0c3e245,car,157,1070978217953,157,1070976844245,1.373708,False,False,False
car_2e84f0c3e245,car,158,1071078217953,158,1071076823881,1.394072,False,False,False
car_2e84f0c3e245,car,159,1071178217953,159,1071176791411,1.426542,False,False,False
car_2e84f0c3e245,car,160,1071278217953,160,1071276726474,1.491479,False,False,False
car_2e84f0c3e245,car,161,1071378217953,161,1071376693694,1.524259,False,False,False
car_2e84f0c3e245,car,162,1071478217953,162,1071476667515,1.550438,False,False,False
car_2e84f0c3e245,car,163,1071578217953,163,1071576684964,1.532989,False,False,False
car_2e84f0c3e245,car,164,1071678217953,164,1071676677412,1.540541,False,False,False
car_2e84f0c3e245,car,165,1071778217953,165,1071776669808,1.548145,False,False,False
car_2e84f0c3e245,car,166,1071878217953,166,1071876662255,1.555698,False,False,False
car_2e84f0c3e245,car,167,1071978217953,167,1071976654703,1.56325,False,False,False
car_2e84f0c3e245,car,168,1072078217953,168,1072076647151,1.570802,False,False,False
car_2e84f0c3e245,car,169,1072178217953,169,1072176639548,1.578405,False,False,False
car_2e84f0c3e245,car,170,1072278217953,170,1072276631996,1.585957,False,False,False
car_2e84f0c3e245,car,171,1072378217953,171,1072376624442,1.593511,False,False,False
car_2e84f0c3e245,car,172,1072478217953,172,1072476642151,1.575802,False,False,False
car_2e84f0c3e245,car,173,1072578217953,173,1072576660016,1.557937,False,False,False
car_2e84f0c3e245,car,174,1072678217953,174,1072676658777,1.559176,False,False,False
car_2e84f0c3e245,car,175,1072778217953,175,1072776676642,1.541311,False,False,False
car_2e84f0c3e245,car,176,1072878217953,176,1072876700662,1.517291,False,False,False
car_2e84f0c3e245,car,177,1072978217953,177,1072976718184,1.499769,False,False,False
car_2e84f0c3e245,car,178,1073078217953,178,1073076748807,1.469146,False,False,False
car_2e84f0c3e245,car,179,1073178217953,179,1073176772484,1.445469,False,False,False
car_2e84f0c3e245,car,180,1073278217953,180,1073276809265,1.408688,False,False,False
car_2e84f0c3e245,car,181,1073378217953,181,1073376852255,1.365698,False,False,False
car_2e84f0c3e245,car,182,1073478217953,182,1073476889193,1.32876,False,False,False
car_2e84f0c3e245,car,183,1073578217953,183,1073576900318,1.317635,False,False,False
car_2e84f0c3e245,car,184,1073678217953,184,1073676899183,1.31877,False,False,False
car_2e84f0c3e245,car,185,1073778217953,185,1073776885287,1.332666,False,False,False
car_2e84f0c3e245,car,186,1073878217953,186,1073876871236,1.346717,False,False,False
car_2e84f0c3e245,car,187,1073978217953,187,1073976863682,1.354271,False,False,False
car_2e84f0c3e245,car,188,1074078217953,188,1074076856078,1.361875,False,False,False
car_2e84f0c3e245,car,189,1074178217953,189,1074176848527,1.369426,False,False,False
car_2e84f0c3e245,car,190,1074278217953,190,1074276840975,1.376978,False,False,False
car_2e84f0c3e245,car,191,1074378217953,191,1074376833371,1.384582,False,False,False
car_2e84f0c3e245,car,192,1074478217953,192,1074476825817,1.392136,False,False,False
car_2e84f0c3e245,car,193,1074578217953,193,1074576805610,1.412343,False,False,False
car_2e84f0c3e245,car,194,1074678217953,194,1074676779246,1.438707,False,False,False
car_2e84f0c3e245,car,195,1074778217953,195,1074776784142,1.433811,False,False,False
car_2e84f0c3e245,car,196,1074878217953,196,1074876776588,1.441365,False,False,False
car_2e84f0c3e245,car,197,1074978217953,197,1074976794297,1.423656,False,False,False
car_2e84f0c3e245,car,198,1075078217953,198,1075076799558,1.418395,False,False,False
car_2e84f0c3e245,car,199,1075178217953,199,1075176792110,1.425843,False,False,False
car_2e84f0c3e245,car,200,1075278217953,200,1075276778058,1.439895,False,False,False
car_2e84f0c3e245,car,201,1075378217953,201,1075376770453,1.4475,False,False,False
car_2e84f0c3e245,car,202,1075478217953,202,1075476762901,1.455052,False,False,False
car_2e84f0c3e245,car,203,1075578217953,203,1075576755349,1.462604,False,False,False
car_2e84f0c3e245,car,204,1075678217953,204,1075676747746,1.470207,False,False,False
car_2e84f0c3e245,car,205,1075778217953,205,1075776727538,1.490415,False,False,False
car_2e84f0c3e245,car,206,1075878217953,206,1075876701172,1.516781,False,False,False
car_2e84f0c3e245,car,207,1075978217953,207,1075976680860,1.537093,False,False,False
car_2e84f0c3e245,car,208,1076078217953,208,1076076647840,1.570113,False,False,False
car_2e84f0c3e245,car,209,1076178217953,209,1076176633974,1.583979,False,False,False
car_2e84f0c3e245,car,210,1076278217953,210,1076276626766,1.591187,False,False,False
car_2e84f0c3e245,car,211,1076378217953,211,1076376599902,1.618051,False,False,False
car_2e84f0c3e245,car,212,1076478217953,212,1076476592694,1.625259,False,False,False
car_2e84f0c3e245,car,213,1076578217953,213,1076576591140,1.626813,False,False,False
car_2e84f0c3e245,car,214,1076678217953,214,1076676583536,1.634417,False,False,False
car_2e84f0c3e245,car,215,1076778217953,215,1076776550672,1.667281,False,False,False
car_2e84f0c3e245,car,216,1076878217953,216,1076876542964,1.674989,False,False,False
car_2e84f0c3e245,car,217,1076978217953,217,1076976529257,1.688696,False,False,False
car_2e84f0c3e245,car,218,1077078217953,218,1077076502891,1.715062,False,False,False
car_2e84f0c3e245,car,219,1077178217953,219,1077176507839,1.710114,False,False,False
car_2e84f0c3e245,car,220,1077278217953,220,1077276487631,1.730322,False,False,False
car_2e84f0c3e245,car,221,1077378217953,221,1077376436005,1.781948,False,False,False
car_2e84f0c3e245,car,222,1077478217953,222,1077476390172,1.827781,False,False,False
car_2e84f0c3e245,car,223,1077578217953,223,1077576363548,1.854405,False,False,False
car_2e84f0c3e245,car,224,1077678217953,224,1077676381496,1.836457,False,False,False
car_2e84f0c3e245,car,225,1077778217953,225,1077776373890,1.844063,False,False,False
car_2e84f0c3e245,car,226,1077878217953,226,1077876366339,1.851614,False,False,False
car_2e84f0c3e245,car,227,1077978217953,227,1077976358787,1.859166,False,False,False
car_2e84f0c3e245,car,228,1078078217953,228,1078076351183,1.86677,False,False,False
car_2e84f0c3e245,car,229,1078178217953,229,1078176343632,1.874321,False,False,False
car_2e84f0c3e245,car,230,1078278217953,230,1078276310766,1.907187,False,False,False
car_2e84f0c3e245,car,231,1078378217953,231,1078376290401,1.927552,False,False,False
car_2e84f0c3e245,car,232,1078478217953,232,1078476295850,1.922103,False,False,False
car_2e84f0c3e245,car,233,1078578217953,233,1078576288246,1.929707,False,False,False
car_2e84f0c3e245,car,234,1078678217953,234,1078676280693,1.93726,False,False,False
car_2e84f0c3e245,car,235,1078778217953,235,1078776311057,1.906896,False,False,False
car_2e84f0c3e245,car,236,1078878217953,236,1078876309766,1.908187,False,False,False
car_2e84f0c3e245,car,237,1078978217953,237,1078976314475,1.903478,False,False,False
car_2e84f0c3e245,car,238,1079078217953,238,1079076294423,1.92353,False,False,False
car_2e84f0c3e245,car,239,1079178217953,239,1079176286817,1.931136,False,False,False
car_2e84f0c3e245,car,240,1079278217953,240,1079276279266,1.938687,False,False,False
car_2e84f0c3e245,car,241,1079378217953,241,1079376271662,1.946291,False,False,False
car_2e84f0c3e245,car,242,1079478217953,242,1079476264110,1.953843,False,False,False
car_2e84f0c3e245,car,243,1079578217953,243,1079576231246,1.986707,False,False,False
car_2e84f0c3e245,car,244,1079678217953,244,1079676236193,1.98176,False,False,False
car_2e84f0c3e245,car,245,1079778217953,245,1079776228589,1.989364,False,False,False
car_2e84f0c3e245,car,246,1079878217953,246,1079876221037,1.996916,False,False,False
car_2e84f0c3e245,car,247,1079978217953,247,1079976213433,2.00452,False,False,False
car_2e84f0c3e245,car,248,1080078217953,248,1080076205880,2.012073,False,False,False
car_2e84f0c3e245,car,249,1080178217953,249,1080176198276,2.019677,False,False,False
car_2e84f0c3e245,car,250,1080278217953,250,1080276190724,2.027229,False,False,False
car_2e84f0c3e245,car,251,1080378217953,251,1080376170517,2.047436,False,False,False
car_2e84f0c3e245,car,252,1080478217953,252,1080476144152,2.073801,False,False,False
car_2e84f0c3e245,car,253,1080578217953,253,1080576111130,2.106823,False,False,False
car_2e84f0c3e245,car,254,1080678217953,254,1080676084610,2.133343,False,False,False
car_2e84f0c3e245,car,255,1080778217953,255,1080776045433,2.17252,False,False,False
car_2e84f0c3e245,car,256,1080878217953,256,1080876012807,2.205146,False,False,False
car_2e84f0c3e245,car,257,1080978217953,257,1080975992287,2.225666,False,False,False
car_2e84f0c3e245,car,258,1081078217953,258,1081075978423,2.23953,False,False,False
car_2e84f0c3e245,car,259,1081178217953,259,1081175945901,2.272052,False,False,False
car_2e84f0c3e245,car,260,1081278217953,260,1081275919432,2.298521,False,False,False
car_2e84f0c3e245,car,261,1081378217953,261,1081375930329,2.287624,False,False,False
car_2e84f0c3e245,car,262,1081478217953,262,1081475922777,2.295176,False,False,False
car_2e84f0c3e245,car,263,1081578217953,263,1081575940486,2.277467,False,False,False
car_2e84f0c3e245,car,264,1081678217953,264,1081675920380,2.297573,False,False,False
car_2e84f0c3e245,car,265,1081778217953,265,1081775874912,2.343041,False,False,False
car_2e84f0c3e245,car,266,1081878217953,266,1081875848392,2.369561,False,False,False
car_2e84f0c3e245,car,267,1081978217953,267,1081975796557,2.421396,False,False,False
car_2e84f0c3e245,car,268,1082078217953,268,1082075757276,2.460677,False,False,False
car_2e84f0c3e245,car,269,1082178217953,269,1082175755912,2.462041,False,False,False
car_2e84f0c3e245,car,270,1082278217953,270,1082275761361,2.456592,False,False,False
car_2e84f0c3e245,car,271,1082378217953,271,1082375715838,2.502115,False,False,False
car_2e84f0c3e245,car,272,1082478217953,272,1082475689318,2.528635,False,False,False
car_2e84f0c3e245,car,273,1082578217953,273,1082575662798,2.555155,False,False,False
car_2e84f0c3e245,car,274,1082678217953,274,1082675674244,2.543709,False,False,False
car_2e84f0c3e245,car,275,1082778217953,275,1082775666641,2.551312,False,False,False
car_2e84f0c3e245,car,276,1082878217953,276,1082875659089,2.558864,False,False,False
car_2e84f0c3e245,car,277,1082978217953,277,1082975651485,2.566468,False,False,False
car_2e84f0c3e245,car,278,1083078217953,278,1083075643933,2.57402,False,False,False
car_2e84f0c3e245,car,279,1083178217953,279,1083175636380,2.581573,False,False,False
car_2e84f0c3e245,car,280,1083278217953,280,1083275628776,2.589177,False,False,False
car_2e84f0c3e245,car,281,1083378217953,281,1083375621225,2.596728,False,False,False
car_2e84f0c3e245,car,282,1083478217953,282,1083475588308,2.629645,False,False,False
car_2e84f0c3e245,car,283,1083578217953,283,1083575542682,2.675271,False,False,False
car_2e84f0c3e245,car,284,1083678217953,284,1083675484245,2.733708,False,False,False
car_2e84f0c3e245,car,285,1083778217953,285,1083775438808,2.779145,False,False,False
car_2e84f0c3e245,car,286,1083878217953,286,1083875393317,2.824636,False,False,False
car_2e84f0c3e245,car,287,1083978217953,287,1083975347881,2.870072,False,False,False
car_2e84f0c3e245,car,288,1084078217953,288,1084075327756,2.890197,False,False,False
car_2e84f0c3e245,car,289,1084178217953,289,1084175294578,2.923375,False,False,False
car_2e84f0c3e245,car,290,1084278217953,290,1084275261954,2.955999,False,False,False
car_2e84f0c3e245,car,291,1084378217953,291,1084375229277,2.988676,False,False,False
car_2e84f0c3e245,car,292,1084478217953,292,1084475183495,3.034458,False,False,False
car_2e84f0c3e245,car,293,1084578217953,293,1084575144162,3.073791,False,False,False
car_2e84f0c3e245,car,294,1084678217953,294,1084675105381,3.112572,False,False,False
car_2e84f0c3e245,car,295,1084778217953,295,1084775053443,3.16451,False,False,False
car_2e84f0c3e245,car,296,1084878217953,296,1084874995350,3.222603,False,False,False
car_2e84f0c3e245,car,297,1084978217953,297,1084974955911,3.262042,False,False,False
car_2e84f0c3e245,car,298,1085078217953,298,1085074935734,3.282219,False,False,False
car_2e84f0c3e245,car,299,1085178217953,299,1085174903110,3.314843,False,False,False
car_2e84f0c3e245,car,300,1085278217953,300,1085274920506,3.297447,False,False,False
car_2e84f0c3e245,car,301,1085378217953,301,1085374912953,3.305,False,False,False
car_2e84f0c3e245,car,302,1085478217953,302,1085474804204,3.413749,False,False,False
car_2e84f0c3e245,car,303,1085578217953,303,1085574758611,3.459342,False,False,False
car_2e84f0c3e245,car,304,1085678217953,304,1085674795557,3.422396,False,False,False
car_2e84f0c3e245,car,305,1085778217953,305,1085774851182,3.366771,False,False,False
car_2e84f0c3e245,car,306,1085878217953,306,1085874913276,3.304677,False,False,False
car_2e84f0c3e245,car,307,1085978217953,307,1085974994286,3.223667,False,False,False
car_2e84f0c3e245,car,308,1086078217953,308,1086075068453,3.1495,False,False,False
car_2e84f0c3e245,car,309,1086178217953,309,1086175162381,3.055572,False,False,False
car_2e84f0c3e245,car,310,1086278217953,310,1086275268621,2.949332,False,False,False
car_2e84f0c3e245,car,311,1086378217953,311,1086375298631,2.919322,False,False,False
car_2e84f0c3e245,car,312,1086478217953,312,1086475310068,2.907885,False,False,False
car_2e84f0c3e245,car,313,1086578217953,313,1086575296381,2.921572,False,False,False
car_2e84f0c3e245,car,314,1086678217953,314,1086675307746,2.910207,False,False,False
car_2e84f0c3e245,car,315,1086778217953,315,1086775281193,2.93676,False,False,False
car_2e84f0c3e245,car,316,1086878217953,316,1086875298901,2.919052,False,False,False
car_2e84f0c3e245,car,317,1086978217953,317,1086975354682,2.863271,False,False,False
car_2e84f0c3e245,car,318,1087078217953,318,1087075384964,2.832989,False,False,False
car_2e84f0c3e245,car,319,1087178217953,319,1087175377329,2.840624,False,False,False
car_2e84f0c3e245,car,320,1087278217953,320,1087275350725,2.867228,False,False,False
car_2e84f0c3e245,car,321,1087378217953,321,1087375279943,2.93801,False,False,False
car_2e84f0c3e245,car,322,1087478217953,322,1087475253266,2.964687,False,False,False
car_2e84f0c3e245,car,323,1087578217953,323,1087575233246,2.984707,False,False,False
car_2e84f0c3e245,car,324,1087678217953,324,1087675244694,2.973259,False,False,False
car_2e84f0c3e245,car,325,1087778217953,325,1087775237089,2.980864,False,False,False
car_2e84f0c3e245,car,326,1087878217953,326,1087875229537,2.988416,False,False,False
car_2e84f0c3e245,car,327,1087978217953,327,1087975221933,2.99602,False,False,False
car_2e84f0c3e245,car,328,1088078217953,328,1088075214381,3.003572,False,False,False
car_2e84f0c3e245,car,329,1088178217953,329,1088175206776,3.011177,False,False,False
car_2e84f0c3e245,car,330,1088278217953,330,1088275199224,3.018729,False,False,False
car_2e84f0c3e245,car,331,1088378217953,331,1088375077819,3.140134,False,False,False
car_2e84f0c3e245,car,332,1088478217953,332,1088475026119,3.191834,False,False,False
car_2e84f0c3e245,car,333,1088578217953,333,1088575018443,3.19951,False,False,False
car_2e84f0c3e245,car,334,1088678217953,334,1088675035891,3.182062,False,False,False
car_2e84f0c3e245,car,335,1088778217953,335,1088775078860,3.139093,False,False,False
car_2e84f0c3e245,car,336,1088878217953,336,1088875134798,3.083155,False,False,False
car_2e84f0c3e245,car,337,1088978217953,337,1088975221808,2.996145,False,False,False
car_2e84f0c3e245,car,338,1089078217953,338,1089075258558,2.959395,False,False,False
car_2e84f0c3e245,car,339,1089178217953,339,1089175282496,2.935457,False,False,False
car_2e84f0c3e245,car,340,1089278217953,340,1089275294121,2.923832,False,False,False
car_2e84f0c3e245,car,341,1089378217953,341,1089375318246,2.899707,False,False,False
car_2e84f0c3e245,car,342,1089478217953,342,1089475316609,2.901344,False,False,False
car_2e84f0c3e245,car,343,1089578217953,343,1089575290005,2.927948,False,False,False
car_2e84f0c3e245,car,344,1089678217953,344,1089675257141,2.960812,False,False,False
car_2e84f0c3e245,car,345,1089778217953,345,1089775224621,2.993332,False,False,False
car_2e84f0c3e245,car,346,1089878217953,346,1089875210755,3.007198,False,False,False
car_2e84f0c3e245,car,347,1089978217953,347,1089975215703,3.00225,False,False,False
car_2e84f0c3e245,car,348,1090078217953,348,1090075182839,3.035114,False,False,False
car_2e84f0c3e245,car,349,1090178217953,349,1090175149819,3.068134,False,False,False
car_2e84f0c3e245,car,350,1090278217953,350,1090275135953,3.082,False,False,False
car_2e84f0c3e245,car,351,1090378217953,351,1090375140849,3.077104,False,False,False
car_2e84f0c3e245,car,352,1090478217953,352,1090475133298,3.084655,False,False,False
car_2e84f0c3e245,car,353,1090578217953,353,1090575125694,3.092259,False,False,False
car_2e84f0c3e245,car,354,1090678217953,354,1090675118140,3.099813,False,False,False
car_2e84f0c3e245,car,355,1090778217953,355,1090775110536,3.107417,False,False,False
car_2e84f0c3e245,car,356,1090878217953,356,1090875065016,3.152937,False,False,False
car_2e84f0c3e245,car,357,1090978217953,357,1090975025892,3.192061,False,False,False
car_2e84f0c3e245,car,358,1091078217953,358,1091075043786,3.174167,False,False,False
car_2e84f0c3e245,car,359,1091178217953,359,1091175137380,3.080573,False,False,False
car_2e84f0c3e245,car,360,1091278217953,360,1091275218390,2.999563,False,False,False
car_2e84f0c3e245,car,361,1091378217953,361,1091375293058,2.924895,False,False,False
car_2e84f0c3e245,car,362,1091478217953,362,1091475285340,2.932613,False,False,False
car_2e84f0c3e245,car,363,1091578217953,363,1091575290307,2.927646,False,False,False
car_2e84f0c3e245,car,364,1091678217953,364,1091675269860,2.948093,False,False,False
car_2e84f0c3e245,car,365,1091778217953,365,1091775294224,2.923729,False,False,False
car_2e84f0c3e245,car,366,1091878217953,366,1091875292933,2.92502,False,False,False
car_2e84f0c3e245,car,367,1091978217953,367,1091975272881,2.945072,False,False,False
car_2e84f0c3e245,car,368,1092078217953,368,1092075239963,2.97799,False,False,False
car_2e84f0c3e245,car,369,1092178217953,369,1092175206995,3.010958,False,False,False
car_2e84f0c3e245,car,370,1092278217953,370,1092275218391,2.999562,False,False,False
car_2e84f0c3e245,car,371,1092378217953,371,1092375210788,3.007165,False,False,False
car_2e84f0c3e245,car,372,1092478217953,372,1092475203234,3.014719,False,False,False
car_2e84f0c3e245,car,373,1092578217953,373,1092575233599,2.984354,False,False,False
car_2e84f0c3e245,car,374,1092678217953,374,1092675244911,2.973042,False,False,False
car_2e84f0c3e245,car,375,1092778217953,375,1092775218360,2.999593,False,False,False
car_2e84f0c3e245,car,376,1092878217953,376,1092875210756,3.007197,False,False,False
car_2e84f0c3e245,car,377,1092978217953,377,1092975203152,3.014801,False,False,False
car_2e84f0c3e245,car,378,1093078217953,378,1093075195599,3.022354,False,False,False
car_2e84f0c3e245,car,379,1093178217953,379,1093175187995,3.029958,False,False,False
car_2e84f0c3e245,car,380,1093278217953,380,1093275180443,3.03751,False,False,False
car_2e84f0c3e245,car,381,1093378217953,381,1093375198152,3.019801,False,False,False
car_2e84f0c3e245,car,382,1093478217953,382,1093475215965,3.001988,False,False,False
car_2e84f0c3e245,car,383,1093578217953,383,1093575202067,3.015886,False,False,False
car_2e84f0c3e245,car,384,1093678217953,384,1093675187964,3.029989,False,False,False
car_2e84f0c3e245,car,385,1093778217953,385,1093775155099,3.062854,False,False,False
car_2e84f0c3e245,car,386,1093878217953,386,1093875147340,3.070613,False,False,False
car_2e84f0c3e245,car,387,1093978217953,387,1093975146286,3.071667,False,False,False
car_2e84f0c3e245,car,388,1094078217953,388,1094075138682,3.079271,False,False,False
car_2e84f0c3e245,car,389,1094178217953,389,1094175143787,3.074166,False,False,False
car_2e84f0c3e245,car,390,1094278217953,390,1094275167599,3.050354,False,False,False
car_2e84f0c3e245,car,391,1094378217953,391,1094375153704,3.064249,False,False,False
car_2e84f0c3e245,car,392,1094478217953,392,1094475140100,3.077853,False,False,False
car_2e84f0c3e245,car,393,1094578217953,393,1094575145151,3.072802,False,False,False
car_2e84f0c3e245,car,394,1094678217953,394,1094675169016,3.048937,False,False,False
car_2e84f0c3e245,car,395,1094778217953,395,1094775142412,3.075541,False,False,False
car_2e84f0c3e245,car,396,1094878217953,396,1094875134860,3.083093,False,False,False
car_2e84f0c3e245,car,397,1094978217953,397,1094975127257,3.090696,False,False,False
car_2e84f0c3e245,car,398,1095078217953,398,1095075119703,3.09825,False,False,False
car_2e84f0c3e245,car,399,1095178217953,399,1095175112099,3.105854,False,False,False
car_2e84f0c3e245,car,400,1095278217953,400,1095275129808,3.088145,False,False,False
car_2e84f0c3e245,car,401,1095378217953,401,1095375147673,3.07028,False,False,False
car_2e84f0c3e245,car,402,1095478217953,402,1095475184298,3.033655,False,False,False
car_2e84f0c3e245,car,403,1095578217953,403,1095575195819,3.022134,False,False,False
car_2e84f0c3e245,car,404,1095678217953,404,1095675213288,3.004665,False,False,False
car_2e84f0c3e245,car,405,1095778217953,405,1095775205994,3.011959,False,False,False
car_2e84f0c3e245,car,406,1095878217953,406,1095875210703,3.00725,False,False,False
car_2e84f0c3e245,car,407,1095978217953,407,1095975215912,3.002041,False,False,False
car_2e84f0c3e245,car,408,1096078217953,408,1096075208464,3.009489,False,False,False
car_2e84f0c3e245,car,409,1096178217953,409,1096175194413,3.02354,False,False,False
car_2e84f0c3e245,car,410,1096278217953,410,1096275186807,3.031146,False,False,False
car_2e84f0c3e245,car,411,1096378217953,411,1096375179203,3.03875,False,False,False
car_2e84f0c3e245,car,412,1096478217953,412,1096475171652,3.046301,False,False,False
car_2e84f0c3e245,car,413,1096578217953,413,1096575164048,3.053905,False,False,False
car_2e84f0c3e245,car,414,1096678217953,414,1096675156496,3.061457,False,False,False
car_2e84f0c3e245,car,415,1096778217953,415,1096775148890,3.069063,False,False,False
car_2e84f0c3e245,car,416,1096878217953,416,1096875141339,3.076614,False,False,False
car_2e84f0c3e245,car,417,1096978217953,417,1096975133735,3.084218,False,False,False
car_2e84f0c3e245,car,418,1097078217953,418,1097075126183,3.09177,False,False,False
car_2e84f0c3e245,car,419,1097178217953,419,1097175118578,3.099375,False,False,False
car_2e84f0c3e245,car,420,1097278217953,420,1097275110974,3.106979,False,False,False
car_2e84f0c3e245,car,421,1097378217953,421,1097375103422,3.114531,False,False,False
car_2e84f0c3e245,car,422,1097478217953,422,1097475083214,3.134739,False,False,False
car_2e84f0c3e245,car,423,1097578217953,423,1097575082111,3.135842,False,False,False
car_2e84f0c3e245,car,424,1097678217953,424,1097675074557,3.143396,False,False,False
car_2e84f0c3e245,car,425,1097778217953,425,1097775054297,3.163656,False,False,False
car_2e84f0c3e245,car,426,1097878217953,426,1097875040089,3.177864,False,False,False
car_2e84f0c3e245,car,427,1097978217953,427,1097975026381,3.191572,False,False,False
car_2e84f0c3e245,car,428,1098078217953,428,1098075000015,3.217938,False,False,False
car_2e84f0c3e245,car,429,1098178217953,429,1098174979651,3.238302,False,False,False
car_2e84f0c3e245,car,430,1098278217953,430,1098274946631,3.271322,False,False,False
car_2e84f0c3e245,car,431,1098378217953,431,1098374932767,3.285186,False,False,False
car_2e84f0c3e245,car,432,1098478217953,432,1098474938161,3.279792,False,False,False
car_2e84f0c3e245,car,433,1098578217953,433,1098574930610,3.287343,False,False,False
car_2e84f0c3e245,car,434,1098678217953,434,1098674923006,3.294947,False,False,False
car_2e84f0c3e245,car,435,1098778217953,435,1098774915454,3.302499,False,False,False
car_2e84f0c3e245,car,436,1098878217953,436,1098874907849,3.310104,False,False,False
car_2e84f0c3e245,car,437,1098978217953,437,1098974900297,3.317656,False,False,False
car_2e84f0c3e245,car,438,1099078217953,438,1099074892693,3.32526,False,False,False
car_2e84f0c3e245,car,439,1099178217953,439,1099174885141,3.332812,False,False,False
car_2e84f0c3e245,car,440,1099278217953,440,1099274877538,3.340415,False,False,False
car_2e84f0c3e245,car,441,1099378217953,441,1099374857328,3.360625,False,False,False
car_2e84f0c3e245,car,442,1099478217953,442,1099474817808,3.400145,False,False,False
car_2e84f0c3e245,car,443,1099578217953,443,1099574816600,3.401353,False,False,False
car_2e84f0c3e245,car,444,1099678217953,444,1099674815548,3.402405,False,False,False
car_2e84f0c3e245,car,445,1099778217953,445,1099774807942,3.410011,False,False,False
car_2e84f0c3e245,car,446,1099878217953,446,1099874775078,3.442875,False,False,False
car_2e84f0c3e245,car,447,1099978217953,447,1099974742058,3.475895,False,False,False
car_2e84f0c3e245,car,448,1100078217953,448,1100074690275,3.527678,False,False,False
car_2e84f0c3e245,car,449,1100178217953,449,1100174638287,3.579666,False,False,False
car_2e84f0c3e245,car,450,1100278217953,450,1100274618162,3.599791,False,False,False
car_2e84f0c3e245,car,451,1100378217953,451,1100374636059,3.581894,False,False,False
car_2e84f0c3e245,car,452,1100478217953,452,1100474628505,3.589448,False,False,False
car_2e84f0c3e245,car,453,1100578217953,453,1100574595641,3.622312,False,False,False
car_2e84f0c3e245,car,454,1100678217953,454,1100674562621,3.655332,False,False,False
car_2e84f0c3e245,car,455,1100778217953,455,1100774536100,3.681853,False,False,False
car_2e84f0c3e245,car,456,1100878217953,456,1100874509578,3.708375,False,False,False
car_2e84f0c3e245,car,457,1100978217953,457,1100974483058,3.734895,False,False,False
car_2e84f0c3e245,car,458,1101078217953,458,1101074469194,3.748759,False,False,False
car_2e84f0c3e245,car,459,1101178217953,459,1101174474140,3.743813,False,False,False
car_2e84f0c3e245,car,460,1101278217953,460,1101274466536,3.751417,False,False,False
car_2e84f0c3e245,car,461,1101378217953,461,1101374458985,3.758968,False,False,False
car_2e84f0c3e245,car,462,1101478217953,462,1101474413465,3.804488,False,False,False
car_2e84f0c3e245,car,463,1101578217953,463,1101574374338,3.843615,False,False,False
car_2e84f0c3e245,car,464,1101678217953,464,1101674353818,3.864135,False,False,False
car_2e84f0c3e245,car,465,1101778217953,465,1101774339954,3.877999,False,False,False
car_2e84f0c3e245,car,466,1101878217953,466,1101874320090,3.897863,False,False,False
car_2e84f0c3e245,car,467,1101978217953,467,1101974274411,3.943542,False,False,False
car_2e84f0c3e245,car,468,1102078217953,468,1102074241787,3.976166,False,False,False
car_2e84f0c3e245,car,469,1102178217953,469,1102174221267,3.996686,False,False,False
car_2e84f0c3e245,car,470,1102278217953,470,1102274207401,4.010552,False,False,False
car_2e84f0c3e245,car,471,1102378217953,471,1102374212297,4.005656,False,False,False
car_2e84f0c3e245,car,472,1102478217953,472,1102474204745,4.013208,False,False,False
car_2e84f0c3e245,car,473,1102578217953,473,1102574235110,3.982843,False,False,False
car_2e84f0c3e245,car,474,1102678217953,474,1102674271735,3.946218,False,False,False
car_2e84f0c3e245,car,475,1102778217953,475,1102774283256,3.934697,False,False,False
car_2e84f0c3e245,car,476,1102878217953,476,1102874288619,3.929334,False,False,False
car_2e84f0c3e245,car,477,1102978217953,477,1102974262016,3.955937,False,False,False
car_2e84f0c3e245,car,478,1103078217953,478,1103074254464,3.963489,False,False,False
car_2e84f0c3e245,car,479,1103178217953,479,1103174246860,3.971093,False,False,False
car_2e84f0c3e245,car,480,1103278217953,480,1103274264569,3.953384,False,False,False
car_2e84f0c3e245,car,481,1103378217953,481,1103374319902,3.898051,False,False,False
car_2e84f0c3e245,car,482,1103478217953,482,1103474325369,3.892584,False,False,False
car_2e84f0c3e245,car,483,1103578217953,483,1103574292318,3.925635,False,False,False
car_2e84f0c3e245,car,484,1103678217953,484,1103674284714,3.933239,False,False,False
car_2e84f0c3e245,car,485,1103778217953,485,1103774277162,3.940791,False,False,False
car_2e84f0c3e245,car,486,1103878217953,486,1103874269558,3.948395,False,False,False
car_2e84f0c3e245,car,487,1103978217953,487,1103974262005,3.955948,False,False,False
car_2e84f0c3e245,car,488,1104078217953,488,1104074254401,3.963552,False,False,False
car_2e84f0c3e245,car,489,1104178217953,489,1104174246850,3.971103,False,False,False
car_2e84f0c3e245,car,490,1104278217953,490,1104274239246,3.978707,False,False,False
car_2e84f0c3e245,car,491,1104378217953,491,1104374231694,3.986259,False,False,False
car_2e84f0c3e245,car,492,1104478217953,492,1104474198828,4.019125,False,False,False
car_2e84f0c3e245,car,493,1104578217953,493,1104574178464,4.039489,False,False,False
car_2e84f0c3e245,car,494,1104678217953,494,1104674145944,4.072009,False,False,False
car_2e84f0c3e245,car,495,1104778217953,495,1104774118921,4.099032,False,False,False
car_2e84f0c3e245,car,496,1104878217953,496,1104874130370,4.087583,False,False,False
car_2e84f0c3e245,car,497,1104978217953,497,1104974122766,4.095187,False,False,False
car_2e84f0c3e245,car,498,1105078217953,498,1105074115214,4.102739,False,False,False
car_2e84f0c3e245,car,499,1105178217953,499,1105174107611,4.110342,False,False,False
car_2e84f0c3e245,car,500,1105278217953,500,1105274100057,4.117896,False,False,False
car_2e84f0c3e245,car,501,1105378217953,501,1105374092453,4.1255,False,False,False
car_2e84f0c3e245,car,502,1105478217953,502,1105474084902,4.133051,False,False,False
car_2e84f0c3e245,car,503,1105578217953,503,1105574077298,4.140655,False,False,False
car_2e84f0c3e245,car,504,1105678217953,504,1105674069744,4.148209,False,False,False
car_2e84f0c3e245,car,505,1105778217953,505,1105774062141,4.155812,False,False,False
car_2e84f0c3e245,car,506,1105878217953,506,1105874029276,4.188677,False,False,False
car_2e84f0c3e245,car,507,1105978217953,507,1105974034725,4.183228,False,False,False
car_2e84f0c3e245,car,508,1106078217953,508,1106074027121,4.190832,False,False,False
car_2e84f0c3e245,car,509,1106178217953,509,1106174019567,4.198386,False,False,False
car_2e84f0c3e245,car,510,1106278217953,510,1106273974047,4.243906,False,False,False
car_2e84f0c3e245,car,511,1106378217953,511,1106373934871,4.283082,False,False,False
car_2e84f0c3e245,car,512,1106478217953,512,1106473901745,4.316208,False,False,False
car_2e84f0c3e245,car,513,1106578217953,513,1106573856412,4.361541,False,False,False
car_2e84f0c3e245,car,514,1106678217953,514,1106673791819,4.426134,False,False,False
car_2e84f0c3e245,car,515,1106778217953,515,1106773701807,4.516146,False,False,False
car_2e84f0c3e245,car,516,1106878217953,516,1106873580725,4.637228,False,False,False
car_2e84f0c3e245,car,517,1106978217953,517,1106973446672,4.771281,False,False,False
car_2e84f0c3e245,car,518,1107078217953,518,1107073319016,4.898937,False,False,False
car_2e84f0c3e245,car,519,1107178217953,519,1107173159892,5.058061,False,False,False
car_2e84f0c3e245,car,520,1107278217953,520,1107272905465,5.312488,False,False,False
car_2e84f0c3e245,car,521,1107378217953,521,1107372644859,5.573094,False,False,False
car_2e84f0c3e245,car,522,1107478217953,522,1107472795578,5.422375,False,False,False
car_2e84f0c3e245,car,523,1107578217953,523,1107572819475,5.398478,False,False,False
car_2e84f0c3e245,car,524,1107678217953,524,1107672811923,5.40603,False,False,False
car_2e84f0c3e245,car,525,1107778217953,525,1107772804317,5.413636,False,False,False
car_2e84f0c3e245,car,526,1107878217953,526,1107872796713,5.42124,False,False,False
car_2e84f0c3e245,car,527,1107978217953,527,1107972789162,5.428791,False,False,False
car_2e84f0c3e245,car,528,1108078217953,528,1108072781558,5.436395,False,False,False
car_2e84f0c3e245,car,529,1108178217953,529,1108172774006,5.443947,False,False,False
car_2e84f0c3e245,car,530,1108278217953,530,1108272766401,5.451552,False,False,False
car_2e84f0c3e245,car,531,1108378217953,531,1108372758849,5.459104,False,False,False
car_2e84f0c3e245,car,532,1108478217953,532,1108472751245,5.466708,False,False,False
car_2e84f0c3e245,car,533,1108578217953,533,1108572743694,5.474259,False,False,False
car_2e84f0c3e245,car,534,1108678217953,534,1108672736088,5.481865,False,False,False
car_2e84f0c3e245,car,535,1108778217953,535,1108772728536,5.489417,False,False,False
car_2e84f0c3e245,car,536,1108878217953,536,1108872720933,5.49702,False,False,False
car_2e84f0c3e245,car,537,1108978217953,537,1108972713381,5.504572,False,False,False
car_2e84f0c3e245,car,538,1109078217953,538,1109072705777,5.512176,False,False,False
car_2e84f0c3e245,car,539,1109178217953,539,1109172698171,5.519782,False,False,False
car_2e84f0c3e245,car,540,1109278217953,540,1109272690620,5.527333,False,False,False
car_2e84f0c3e245,car,541,1109378217953,541,1109372683016,5.534937,False,False,False
car_2e84f0c3e245,car,542,1109478217953,542,1109473295047,4.922906,False,False,False
car_2e84f0c3e245,car,543,1109578217953,543,1109573546953,4.671,False,False,False
car_2e84f0c3e245,car,544,1109678217953,544,1109673672142,4.545811,False,False,False
car_2e84f0c3e245,car,545,1109778217953,545,1109773771683,4.44627,False,False,False
car_2e84f0c3e245,car,546,1109878217953,546,1109873884255,4.333698,False,False,False
car_2e84f0c3e245,car,547,1109978217953,547,1109973965308,4.252645,False,False,False
car_2e84f0c3e245,car,548,1110078217953,548,1110074033391,4.184562,False,False,False
car_2e84f0c3e245,car,549,1110178217953,549,1110174070402,4.147551,False,False,False
car_2e84f0c3e245,car,550,1110278217953,550,1110274094443,4.12351,False,False,False
car_2e84f0c3e245,car,551,1110378217953,551,1110374112225,4.105728,False,False,False
car_2e84f0c3e245,car,552,1110478217953,552,1110474129902,4.088051,False,False,False
car_2e84f0c3e245,car,553,1110578217953,553,1110574115611,4.102342,False,False,False
car_2e84f0c3e245,car,554,1110678217953,554,1110674070245,4.147708,False,False,False
car_2e84f0c3e245,car,555,1110778217953,555,1110774024568,4.193385,False,False,False
car_2e84f0c3e245,car,556,1110878217953,556,1110874017204,4.200749,False,False,False
car_2e84f0c3e245,car,557,1110978217953,557,1110974022100,4.195853,False,False,False
car_2e84f0c3e245,car,558,1111078217953,558,1111074014547,4.203406,False,False,False
car_2e84f0c3e245,car,559,1111178217953,559,1111174006943,4.21101,False,False,False
car_2e84f0c3e245,car,560,1111278217953,560,1111273999391,4.218562,False,False,False
car_2e84f0c3e245,car,561,1111378217953,561,1111374004444,4.213509,False,False,False
car_2e84f0c3e245,car,562,1111478217953,562,1111474016153,4.2018,False,False,False
car_2e84f0c3e245,car,563,1111578217953,563,1111574008203,4.20975,False,False,False
car_2e84f0c3e245,car,564,1111678217953,564,1111673994651,4.223302,False,False,False
car_2e84f0c3e245,car,565,1111778217953,565,1111773987047,4.230906,False,False,False
car_2e84f0c3e245,car,566,1111878217953,566,1111873966840,4.251113,False,False,False
car_2e84f0c3e245,car,567,1111978217953,567,1111973914661,4.303292,False,False,False
car_2e84f0c3e245,car,568,1112078217953,568,1112073894693,4.32326,False,False,False
car_2e84f0c3e245,car,569,1112178217953,569,1112173906089,4.311864,False,False,False
car_2e84f0c3e245,car,570,1112278217953,570,1112273898538,4.319415,False,False,False
car_2e84f0c3e245,car,571,1112378217953,571,1112373890932,4.327021,False,False,False
car_2e84f0c3e245,car,572,1112478217953,572,1112473858068,4.359885,False,False,False
car_2e84f0c3e245,car,573,1112578217953,573,1112573850360,4.367593,False,False,False
car_2e84f0c3e245,car,574,1112678217953,574,1112673823996,4.393957,False,False,False
car_2e84f0c3e245,car,575,1112778217953,575,1112773803630,4.414323,False,False,False
car_2e84f0c3e245,car,576,1112878217953,576,1112873795870,4.422083,False,False,False
car_2e84f0c3e245,car,577,1112978217953,577,1112973769506,4.448447,False,False,False
car_2e84f0c3e245,car,578,1113078217953,578,1113073749142,4.468811,False,False,False
car_2e84f0c3e245,car,579,1113178217953,579,1113173741932,4.476021,False,False,False
car_2e84f0c3e245,car,580,1113278217953,580,1113273740328,4.477625,False,False,False
car_2e84f0c3e245,car,581,1113378217953,581,1113373732777,4.485176,False,False,False
car_2e84f0c3e245,car,582,1113478217953,582,1113473699913,4.51804,False,False,False
car_2e84f0c3e245,car,583,1113578217953,583,1113573680047,4.537906,False,False,False
car_2e84f0c3e245,car,584,1113678217953,584,1113673659683,4.55827,False,False,False
car_2e84f0c3e245,car,585,1113778217953,585,1113773664579,4.553374,False,False,False
car_2e84f0c3e245,car,586,1113878217953,586,1113873656975,4.560978,False,False,False
car_2e84f0c3e245,car,587,1113978217953,587,1113973649421,4.568532,False,False,False
car_2e84f0c3e245,car,588,1114078217953,588,1114073641818,4.576135,False,False,False
car_2e84f0c3e245,car,589,1114178217953,589,1114173634266,4.583687,False,False,False
car_2e84f0c3e245,car,590,1114278217953,590,1114273588746,4.629207,False,False,False
car_2e84f0c3e245,car,591,1114378217953,591,1114373574880,4.643073,False,False,False
car_2e84f0c3e245,car,592,1114478217953,592,1114473541859,4.676094,False,False,False
car_2e84f0c3e245,car,593,1114578217953,593,1114573527996,4.689957,False,False,False
car_2e84f0c3e245,car,594,1114678217953,594,1114673533444,4.684509,False,False,False
car_2e84f0c3e245,car,595,1114778217953,595,1114773500578,4.717375,False,False,False
car_2e84f0c3e245,car,596,1114878217953,596,1114873480214,4.737739,False,False,False
car_2e84f0c3e245,car,597,1114978217953,597,1114973459850,4.758103,False,False,False
car_2e84f0c3e245,car,598,1115078217953,598,1115073464746,4.753207,False,False,False
car_2e84f0c3e245,car,599,1115178217953,599,1115173457192,4.760761,False,False,False
car_2e84f0c3e245,car,600,1115278217953,600,1115273474901,4.743052,False,False,False
