recording_id,domain,stream_label,stream_id,index_before,index_after,t_before_ns,t_after_ns,dt_ms,periods,missing_estimate,over_1p5_periods,over_2_periods,over_250ms,non_monotonic
motorcycle_5ab8604a14df,motorcycle,camera-rgb,214-1,827,828,2229957359718,2230090676635,133.316917,1.999910037969917,1,True,False,False,False
motorcycle_5ab8604a14df,motorcycle,temperature,246-1,0,1,2175022609320,2175024268954,1.659634,13.016839347759591,12,True,True,False,False
motorcycle_5ab8604a14df,motorcycle,temperature,246-1,1,2,2175024268954,2175025924372,1.655418,12.983772421744485,12,True,True,False,False
motorcycle_5ab8604a14df,motorcycle,temperature,246-1,2,3,2175025924372,2175027579736,1.655364,12.983348889010895,12,True,True,False,False
motorcycle_5ab8604a14df,motorcycle,temperature,246-1,3,4,2175027579736,2175029235412,1.655676,12.985795967027192,12,True,True,False,False
motorcycle_5ab8604a14df,motorcycle,temperature,246-1,4,5,2175029235412,2175030889268,1.653856,12.971521345265453,12,True,True,False,False
motorcycle_5ab8604a14df,motorcycle,temperature,246-1,5,6,2175030889268,2175032544215,1.654947,12.980078275123727,12,True,True,False,False
motorcycle_5ab8604a14df,motorcycle,temperature,246-1,13,14,2175033115308,2175033355153,0.239845,1.881152009035365,1,True,False,False,False
motorcycle_5ab8604a14df,motorcycle,temperature,246-1,15,16,2175033366872,2175033656714,0.289842,2.273288417948376,1,True,True,False,False
motorcycle_5ab8604a14df,motorcycle,temperature,246-1,21,22,2175033941507,2175034216612,0.275105,2.157703197672139,1,True,True,False,False
motorcycle_5ab8604a14df,motorcycle,temperature,246-1,23,24,2175034227080,2176022221090,987.99401,7749.033404183562,7748,True,True,True,False
motorcycle_5ab8604a14df,motorcycle,temperature,246-1,24,25,2176022221090,2176023880985,1.659895,13.018886422638609,12,True,True,False,False
motorcycle_5ab8604a14df,motorcycle,temperature,246-1,25,26,2176023880985,2176025534632,1.653647,12.969882116722484,12,True,True,False,False
motorcycle_5ab8604a14df,motorcycle,temperature,246-1,26,27,2176025534632,2176027188798,1.654166,12.973952736884211,12,True,True,False,False
motorcycle_5ab8604a14df,motorcycle,temperature,246-1,27,28,2176027188798,2176028840674,1.651876,12.955991811700484,12,True,True,False,False
motorcycle_5ab8604a14df,motorcycle,temperature,246-1,28,29,2176028840674,2176030493851,1.653177,12.966195813300496,12,True,True,False,False
motorcycle_5ab8604a14df,motorcycle,temperature,246-1,29,30,2176030493851,2176032160256,1.666405,13.069945646632522,12,True,True,False,False
motorcycle_5ab8604a14df,motorcycle,temperature,246-1,39,40,2176032871142,2176033112444,0.241302,1.8925795496435267,1,True,False,False,False
motorcycle_5ab8604a14df,motorcycle,temperature,246-1,47,48,2176033537340,2177021836142,988.298802,7751.423948423125,7750,True,True,True,False
motorcycle_5ab8604a14df,motorcycle,temperature,246-1,48,49,2177021836142,2177023497289,1.661147,13.028706107498882,12,True,True,False,False
motorcycle_5ab8604a14df,motorcycle,temperature,246-1,49,50,2177023497289,2177025152444,1.655155,12.981709660467926,12,True,True,False,False
motorcycle_5ab8604a14df,motorcycle,temperature,246-1,50,51,2177025152444,2177026806610,1.654166,12.973952736884211,12,True,True,False,False
motorcycle_5ab8604a14df,motorcycle,temperature,246-1,51,52,2177026806610,2177028485986,1.679376,13.17167977788061,12,True,True,False,False
motorcycle_5ab8604a14df,motorcycle,temperature,246-1,52,53,2177028485986,2177030140152,1.654166,12.973952736884211,12,True,True,False,False
motorcycle_5ab8604a14df,motorcycle,temperature,246-1,53,54,2177030140152,2177031793539,1.653387,12.967842885042236,12,True,True,False,False
motorcycle_5ab8604a14df,motorcycle,temperature,246-1,63,64,2177032505934,2177032748278,0.242344,1.900752162762061,1,True,False,False,False
motorcycle_5ab8604a14df,motorcycle,temperature,246-1,71,72,2177033179110,2178021448173,988.269063,7751.190699534898,7750,True,True,True,False
motorcycle_5ab8604a14df,motorcycle,temperature,246-1,72,73,2178021448173,2178023108330,1.660157,13.020941340716398,12,True,True,False,False
motorcycle_5ab8604a14df,motorcycle,temperature,246-1,73,74,2178023108330,2178024761715,1.653385,12.967827198644695,12,True,True,False,False
motorcycle_5ab8604a14df,motorcycle,temperature,246-1,74,75,2178024761715,2178026415362,1.653647,12.969882116722484,12,True,True,False,False
motorcycle_5ab8604a14df,motorcycle,temperature,246-1,75,76,2178026415362,2178028069267,1.653905,12.971905662005192,12,True,True,False,False
motorcycle_5ab8604a14df,motorcycle,temperature,246-1,76,77,2178028069267,2178029736662,1.667395,13.077710413415007,12,True,True,False,False
motorcycle_5ab8604a14df,motorcycle,temperature,246-1,77,78,2178029736662,2178031390830,1.654168,12.973968423281752,12,True,True,False,False
motorcycle_5ab8604a14df,motorcycle,temperature,246-1,83,84,2178031809945,2178032121246,0.311301,2.441595620357807,1,True,True,False,False
motorcycle_5ab8604a14df,motorcycle,temperature,246-1,87,88,2178032271299,2178032696141,0.424842,3.3321202519235444,2,True,True,False,False
motorcycle_5ab8604a14df,motorcycle,temperature,246-1,95,96,2178033120725,2179021059476,987.938751,7748.59999686272,7748,True,True,True,False
motorcycle_5ab8604a14df,motorcycle,temperature,246-1,96,97,2179021059476,2179022720361,1.660885,13.026651189421093,12,True,True,False,False
motorcycle_5ab8604a14df,motorcycle,temperature,246-1,97,98,2179022720361,2179024373277,1.652916,12.964148738421478,12,True,True,False,False
motorcycle_5ab8604a14df,motorcycle,temperature,246-1,98,99,2179024373277,2179026027184,1.653907,12.971921348402732,12,True,True,False,False
motorcycle_5ab8604a14df,motorcycle,temperature,246-1,99,100,2179026027184,2179027681298,1.654114,12.973544890548162,12,True,True,False,False
motorcycle_5ab8604a14df,motorcycle,temperature,246-1,100,101,2179027681298,2179029335205,1.653907,12.971921348402732,12,True,True,False,False
motorcycle_5ab8604a14df,motorcycle,temperature,246-1,101,102,2179029335205,2179030989371,1.654166,12.973952736884211,12,True,True,False,False
motorcycle_5ab8604a14df,motorcycle,temperature,246-1,102,103,2179030989371,2179031189683,0.200312,1.5710868320535847,1,True,False,False,False
motorcycle_5ab8604a14df,motorcycle,temperature,246-1,111,112,2179031762810,2179032004371,0.241561,1.894610938125005,1,True,False,False,False
motorcycle_5ab8604a14df,motorcycle,temperature,246-1,119,120,2179032430205,2180020671507,988.241302,7750.972964493839,7750,True,True,True,False
motorcycle_5ab8604a14df,motorcycle,temperature,246-1,120,121,2180020671507,2180022329944,1.658437,13.007451038831677,12,True,True,False,False
motorcycle_5ab8604a14df,motorcycle,temperature,246-1,121,122,2180022329944,2180023983799,1.653855,12.971513502066683,12,True,True,False,False
motorcycle_5ab8604a14df,motorcycle,temperature,246-1,122,123,2180023983799,2180025638225,1.654426,12.97599196856446,12,True,True,False,False
motorcycle_5ab8604a14df,motorcycle,temperature,246-1,123,124,2180025638225,2180027292860,1.654635,12.977631197107428,12,True,True,False,False
motorcycle_5ab8604a14df,motorcycle,temperature,246-1,124,125,2180027292860,2180028947028,1.654168,12.973968423281752,12,True,True,False,False
motorcycle_5ab8604a14df,motorcycle,temperature,246-1,125,126,2180028947028,2180030608902,1.661874,13.034408113004808,12,True,True,False,False
motorcycle_5ab8604a14df,motorcycle,temperature,246-1,135,136,2180031320570,2180031562131,0.241561,1.894610938125005,1,True,False,False,False
motorcycle_5ab8604a14df,motorcycle,temperature,246-1,143,144,2180031986246,2181020286090,988.299844,7751.432121036243,7750,True,True,True,False
motorcycle_5ab8604a14df,motorcycle,temperature,246-1,144,145,2181020286090,2181021946975,1.660885,13.026651189421093,12,True,True,False,False
motorcycle_5ab8604a14df,motorcycle,temperature,246-1,145,146,2181021946975,2181023600101,1.653126,12.965795810163216,12,True,True,False,False
motorcycle_5ab8604a14df,motorcycle,temperature,246-1,146,147,2181023600101,2181025254996,1.654895,12.979670428787676,12,True,True,False,False
motorcycle_5ab8604a14df,motorcycle,temperature,246-1,147,148,2181025254996,2181026908903,1.653907,12.971921348402732,12,True,True,False,False
motorcycle_5ab8604a14df,motorcycle,temperature,246-1,148,149,2181026908903,2181028562809,1.653906,12.971913505203963,12,True,True,False,False
motorcycle_5ab8604a14df,motorcycle,temperature,246-1,149,150,2181028562809,2181030217704,1.654895,12.979670428787676,12,True,True,False,False
motorcycle_5ab8604a14df,motorcycle,temperature,246-1,159,160,2181030929632,2181031171662,0.24203,1.8982893983482223,1,True,False,False,False
motorcycle_5ab8604a14df,motorcycle,temperature,246-1,167,168,2181031598277,2182019899840,988.301563,7751.445603494929,7750,True,True,True,False
motorcycle_5ab8604a14df,motorcycle,temperature,246-1,168,169,2182019899840,2182021572757,1.672917,13.121020557023977,12,True,True,False,False
motorcycle_5ab8604a14df,motorcycle,temperature,246-1,169,170,2182021572757,2182023227913,1.655156,12.981717503666696,12,True,True,False,False
motorcycle_5ab8604a14df,motorcycle,temperature,246-1,170,171,2182023227913,2182024880568,1.652655,12.962101663542459,12,True,True,False,False
motorcycle_5ab8604a14df,motorcycle,temperature,246-1,171,172,2182024880568,2182026534945,1.654377,12.97560765182472,12,True,True,False,False
motorcycle_5ab8604a14df,motorcycle,temperature,246-1,172,173,2182026534945,2182028200621,1.665676,13.064227954729057,12,True,True,False,False
motorcycle_5ab8604a14df,motorcycle,temperature,246-1,173,174,2182028200621,2182029853018,1.652397,12.960078118259752,12,True,True,False,False
motorcycle_5ab8604a14df,motorcycle,temperature,246-1,183,184,2182030562653,2182030804008,0.241355,1.8929952391783464,1,True,False,False,False
motorcycle_5ab8604a14df,motorcycle,temperature,246-1,191,192,2182031238589,2183019515152,988.276563,7751.249523525675,7750,True,True,True,False
motorcycle_5ab8604a14df,motorcycle,temperature,246-1,192,193,2183019515152,2183021174788,1.659636,13.01685503415713,12,True,True,False,False
motorcycle_5ab8604a14df,motorcycle,temperature,246-1,193,194,2183021174788,2183022829215,1.654427,12.975999811763229,12,True,True,False,False
motorcycle_5ab8604a14df,motorcycle,temperature,246-1,194,195,2183022829215,2183024482601,1.653386,12.967835041843465,12,True,True,False,False
motorcycle_5ab8604a14df,motorcycle,temperature,246-1,195,196,2183024482601,2183026135725,1.653124,12.965780123765677,12,True,True,False,False
motorcycle_5ab8604a14df,motorcycle,temperature,246-1,196,197,2183026135725,2183027788902,1.653177,12.966195813300496,12,True,True,False,False
motorcycle_5ab8604a14df,motorcycle,temperature,246-1,197,198,2183027788902,2183029442288,1.653386,12.967835041843465,12,True,True,False,False
motorcycle_5ab8604a14df,motorcycle,temperature,246-1,207,208,2183030163225,2183030416299,0.253074,1.9849096855661612,1,True,False,False,False
motorcycle_5ab8604a14df,motorcycle,temperature,246-1,215,216,2183030854632,2184019166195,988.311563,7751.524035482631,7751,True,True,True,False
motorcycle_5ab8604a14df,motorcycle,temperature,246-1,216,217,2184019166195,2184020822132,1.655937,12.987843041906212,12,True,True,False,False
motorcycle_5ab8604a14df,motorcycle,temperature,246-1,217,218,2184020822132,2184022475518,1.653386,12.967835041843465,12,True,True,False,False
motorcycle_5ab8604a14df,motorcycle,temperature,246-1,218,219,2184022475518,2184024129632,1.654114,12.973544890548162,12,True,True,False,False
motorcycle_5ab8604a14df,motorcycle,temperature,246-1,219,220,2184024129632,2184025782808,1.653176,12.966187970101727,12,True,True,False,False
motorcycle_5ab8604a14df,motorcycle,temperature,246-1,220,221,2184025782808,2184027436455,1.653647,12.969882116722484,12,True,True,False,False
motorcycle_5ab8604a14df,motorcycle,temperature,246-1,221,222,2184027436455,2184029090569,1.654114,12.973544890548162,12,True,True,False,False
motorcycle_5ab8604a14df,motorcycle,temperature,246-1,222,223,2184029090569,2184029302393,0.211824,1.661377736295971,1,True,False,False,False
motorcycle_5ab8604a14df,motorcycle,temperature,246-1,231,232,2184029870518,2184030110569,0.240051,1.8827677079820233,1,True,False,False,False
motorcycle_5ab8604a14df,motorcycle,temperature,246-1,239,240,2184030536455,2185018740257,988.203802,7750.678844539957,7750,True,True,True,False
motorcycle_5ab8604a14df,motorcycle,temperature,246-1,240,241,2185018740257,2185020400621,1.660364,13.022564882861827,12,True,True,False,False
motorcycle_5ab8604a14df,motorcycle,temperature,246-1,241,242,2185020400621,2185022054789,1.654168,12.973968423281752,12,True,True,False,False
motorcycle_5ab8604a14df,motorcycle,temperature,246-1,242,243,2185022054789,2185023709423,1.654634,12.977623353908658,12,True,True,False,False
motorcycle_5ab8604a14df,motorcycle,temperature,246-1,243,244,2185023709423,2185025375100,1.665677,13.064235797927827,12,True,True,False,False
motorcycle_5ab8604a14df,motorcycle,temperature,246-1,244,245,2185025375100,2185027029215,1.654115,12.973552733746931,12,True,True,False,False
motorcycle_5ab8604a14df,motorcycle,temperature,246-1,245,246,2185027029215,2185028683121,1.653906,12.971913505203963,12,True,True,False,False
motorcycle_5ab8604a14df,motorcycle,temperature,246-1,255,256,2185029397549,2185029640100,0.242551,1.9023757049074894,1,True,False,False,False
motorcycle_5ab8604a14df,motorcycle,temperature,246-1,263,264,2185030064944,2186018355517,988.290573,7751.359406740445,7750,True,True,True,False
motorcycle_5ab8604a14df,motorcycle,temperature,246-1,264,265,2186018355517,2186020015673,1.660156,13.020933497517628,12,True,True,False,False
motorcycle_5ab8604a14df,motorcycle,temperature,246-1,265,266,2186020015673,2186021670101,1.654428,12.976007654962,12,True,True,False,False
motorcycle_5ab8604a14df,motorcycle,temperature,246-1,266,267,2186021670101,2186023324735,1.654634,12.977623353908658,12,True,True,False,False
motorcycle_5ab8604a14df,motorcycle,temperature,246-1,267,268,2186023324735,2186024978903,1.654168,12.973968423281752,12,True,True,False,False
motorcycle_5ab8604a14df,motorcycle,temperature,246-1,268,269,2186024978903,2186026631767,1.652864,12.963740892085427,12,True,True,False,False
motorcycle_5ab8604a14df,motorcycle,temperature,246-1,269,270,2186026631767,2186028285152,1.653385,12.967827198644695,12,True,True,False,False
motorcycle_5ab8604a14df,motorcycle,temperature,246-1,279,280,2186028999111,2186029240412,0.241301,1.8925717064447565,1,True,False,False,False
motorcycle_5ab8604a14df,motorcycle,temperature,246-1,285,286,2186029526455,2186029834320,0.307865,2.4146463893834462,1,True,True,False,False
motorcycle_5ab8604a14df,motorcycle,temperature,246-1,287,288,2186029845778,2187017969058,988.12328,7750.047294488584,7749,True,True,True,False
motorcycle_5ab8604a14df,motorcycle,temperature,246-1,288,289,2187017969058,2187019629736,1.660678,13.025027647275666,12,True,True,False,False
motorcycle_5ab8604a14df,motorcycle,temperature,246-1,289,290,2187019629736,2187021284892,1.655156,12.981717503666696,12,True,True,False,False
motorcycle_5ab8604a14df,motorcycle,temperature,246-1,290,291,2187021284892,2187022938277,1.653385,12.967827198644695,12,True,True,False,False
motorcycle_5ab8604a14df,motorcycle,temperature,246-1,291,292,2187022938277,2187024591663,1.653386,12.967835041843465,12,True,True,False,False
motorcycle_5ab8604a14df,motorcycle,temperature,246-1,292,293,2187024591663,2187026245569,1.653906,12.971913505203963,12,True,True,False,False
motorcycle_5ab8604a14df,motorcycle,temperature,246-1,293,294,2187026245569,2187027898695,1.653126,12.965795810163216,12,True,True,False,False
motorcycle_5ab8604a14df,motorcycle,temperature,246-1,303,304,2187028609632,2187028851456,0.241824,1.8966736994015638,1,True,False,False,False
motorcycle_5ab8604a14df,motorcycle,temperature,246-1,311,312,2187029278537,2188017582862,988.304325,7751.467266409933,7750,True,True,True,False
motorcycle_5ab8604a14df,motorcycle,temperature,246-1,312,313,2188017582862,2188019240778,1.657916,13.00336473227241,12,True,True,False,False
motorcycle_5ab8604a14df,motorcycle,temperature,246-1,313,314,2188019240778,2188020894423,1.653645,12.969866430324943,12,True,True,False,False
motorcycle_5ab8604a14df,motorcycle,temperature,246-1,314,315,2188020894423,2188022549580,1.655157,12.981725346865465,12,True,True,False,False
motorcycle_5ab8604a14df,motorcycle,temperature,246-1,315,316,2188022549580,2188024202704,1.653124,12.965780123765677,12,True,True,False,False
motorcycle_5ab8604a14df,motorcycle,temperature,246-1,316,317,2188024202704,2188025867391,1.664687,13.056471031145342,12,True,True,False,False
motorcycle_5ab8604a14df,motorcycle,temperature,246-1,317,318,2188025867391,2188027521767,1.654376,12.97559980862595,12,True,True,False,False
motorcycle_5ab8604a14df,motorcycle,temperature,246-1,327,328,2188028245464,2188028486768,0.241304,1.892595236041067,1,True,False,False,False
motorcycle_5ab8604a14df,motorcycle,temperature,246-1,335,336,2188028924372,2189017212184,988.287812,7751.3377516686405,7750,True,True,True,False
motorcycle_5ab8604a14df,motorcycle,temperature,246-1,336,337,2189017212184,2189018868329,1.656145,12.98947442725041,12,True,True,False,False
motorcycle_5ab8604a14df,motorcycle,temperature,246-1,337,338,2189018868329,2189020522706,1.654377,12.97560765182472,12,True,True,False,False
motorcycle_5ab8604a14df,motorcycle,temperature,246-1,338,339,2189020522706,2189022176351,1.653645,12.969866430324943,12,True,True,False,False
motorcycle_5ab8604a14df,motorcycle,temperature,246-1,339,340,2189022176351,2189023828746,1.652395,12.96006243186221,12,True,True,False,False
motorcycle_5ab8604a14df,motorcycle,temperature,246-1,340,341,2189023828746,2189025482653,1.653907,12.971921348402732,12,True,True,False,False
motorcycle_5ab8604a14df,motorcycle,temperature,246-1,341,342,2189025482653,2189027139059,1.656406,12.991521502129428,12,True,True,False,False
motorcycle_5ab8604a14df,motorcycle,temperature,246-1,342,343,2189027139059,2189027373383,0.234324,1.8378497086251657,1,True,False,False,False
motorcycle_5ab8604a14df,motorcycle,temperature,246-1,343,344,2189027373383,2189027606923,0.23354,1.8317006407893395,1,True,False,False,False
motorcycle_5ab8604a14df,motorcycle,temperature,246-1,351,352,2189028106559,2189028347081,0.240522,1.8864618546027812,1,True,False,False,False
motorcycle_5ab8604a14df,motorcycle,temperature,246-1,359,360,2189028772443,2190016809215,988.036772,7749.368795049373,7748,True,True,True,False
motorcycle_5ab8604a14df,motorcycle,temperature,246-1,360,361,2190016809215,2190018469371,1.660156,13.020933497517628,12,True,True,False,False
motorcycle_5ab8604a14df,motorcycle,temperature,246-1,361,362,2190018469371,2190020124789,1.655418,12.983772421744485,12,True,True,False,False
motorcycle_5ab8604a14df,motorcycle,temperature,246-1,362,363,2190020124789,2190021776663,1.651874,12.955976125302943,12,True,True,False,False
motorcycle_5ab8604a14df,motorcycle,temperature,246-1,363,364,2190021776663,2190023430829,1.654166,12.973952736884211,12,True,True,False,False
motorcycle_5ab8604a14df,motorcycle,temperature,246-1,364,365,2190023430829,2190025084944,1.654115,12.973552733746931,12,True,True,False,False
motorcycle_5ab8604a14df,motorcycle,temperature,246-1,365,366,2190025084944,2190026739839,1.654895,12.979670428787676,12,True,True,False,False
motorcycle_5ab8604a14df,motorcycle,temperature,246-1,375,376,2190027451768,2190027692808,0.24104,1.8905246315657378,1,True,False,False,False
motorcycle_5ab8604a14df,motorcycle,temperature,246-1,383,384,2190028118434,2191016423746,988.305312,7751.475007647119,7750,True,True,True,False
motorcycle_5ab8604a14df,motorcycle,temperature,246-1,384,385,2191016423746,2191018093904,1.670158,13.099381171617033,12,True,True,False,False
motorcycle_5ab8604a14df,motorcycle,temperature,246-1,385,386,2191018093904,2191019747809,1.653905,12.971905662005192,12,True,True,False,False
motorcycle_5ab8604a14df,motorcycle,temperature,246-1,386,387,2191019747809,2191021401715,1.653906,12.971913505203963,12,True,True,False,False
motorcycle_5ab8604a14df,motorcycle,temperature,246-1,387,388,2191021401715,2191023055830,1.654115,12.973552733746931,12,True,True,False,False
motorcycle_5ab8604a14df,motorcycle,temperature,246-1,388,389,2191023055830,2191024709527,1.653697,12.970274276660993,12,True,True,False,False
motorcycle_5ab8604a14df,motorcycle,temperature,246-1,389,390,2191024709527,2191026382393,1.672866,13.120620553886697,12,True,True,False,False
motorcycle_5ab8604a14df,motorcycle,temperature,246-1,399,400,2191027095309,2191027336610,0.241301,1.8925717064447565,1,True,False,False,False
motorcycle_5ab8604a14df,motorcycle,temperature,246-1,407,408,2191027760256,2192016037808,988.277552,7751.257280449258,7750,True,True,True,False
motorcycle_5ab8604a14df,motorcycle,temperature,246-1,408,409,2192016037808,2192017696455,1.658647,13.009098110573417,12,True,True,False,False
motorcycle_5ab8604a14df,motorcycle,temperature,246-1,409,410,2192017696455,2192019349579,1.653124,12.965780123765677,12,True,True,False,False
motorcycle_5ab8604a14df,motorcycle,temperature,246-1,410,411,2192019349579,2192021003487,1.653908,12.971929191601502,12,True,True,False,False
motorcycle_5ab8604a14df,motorcycle,temperature,246-1,411,412,2192021003487,2192022656871,1.653384,12.967819355445926,12,True,True,False,False
motorcycle_5ab8604a14df,motorcycle,temperature,246-1,412,413,2192022656871,2192024310569,1.653698,12.970282119859764,12,True,True,False,False
motorcycle_5ab8604a14df,motorcycle,temperature,246-1,413,414,2192024310569,2192025976924,1.666355,13.069553486694014,12,True,True,False,False
motorcycle_5ab8604a14df,motorcycle,temperature,246-1,423,424,2192026688381,2192026930674,0.242293,1.9003521596247814,1,True,False,False,False
motorcycle_5ab8604a14df,motorcycle,temperature,246-1,431,432,2192027355049,2193015660831,988.305782,7751.478693950541,7750,True,True,True,False
motorcycle_5ab8604a14df,motorcycle,temperature,246-1,432,433,2193015660831,2193017322028,1.661197,13.029098267437393,12,True,True,False,False
motorcycle_5ab8604a14df,motorcycle,temperature,246-1,433,434,2193017322028,2193018974631,1.652603,12.96169381720641,12,True,True,False,False
motorcycle_5ab8604a14df,motorcycle,temperature,246-1,434,435,2193018974631,2193020630309,1.655678,12.985811653424733,12,True,True,False,False
motorcycle_5ab8604a14df,motorcycle,temperature,246-1,435,436,2193020630309,2193022283954,1.653645,12.969866430324943,12,True,True,False,False
motorcycle_5ab8604a14df,motorcycle,temperature,246-1,436,437,2193022283954,2193023936091,1.652137,12.958038886579503,12,True,True,False,False
motorcycle_5ab8604a14df,motorcycle,temperature,246-1,437,438,2193023936091,2193025611976,1.675885,13.14429917097389,12,True,True,False,False
motorcycle_5ab8604a14df,motorcycle,temperature,246-1,447,448,2193026327183,2193026570726,0.243543,1.9101561580875144,1,True,False,False,False
motorcycle_5ab8604a14df,motorcycle,temperature,246-1,455,456,2193027018590,2194015265622,988.247032,7751.017906022792,7750,True,True,True,False
motorcycle_5ab8604a14df,motorcycle,temperature,246-1,456,457,2194015265622,2194016926298,1.660676,13.025011960878125,12,True,True,False,False
motorcycle_5ab8604a14df,motorcycle,temperature,246-1,457,458,2194016926298,2194018589685,1.663387,13.0462748727441,12,True,True,False,False
motorcycle_5ab8604a14df,motorcycle,temperature,246-1,458,459,2194018589685,2194020245101,1.655416,12.983756735346944,12,True,True,False,False
motorcycle_5ab8604a14df,motorcycle,temperature,246-1,459,460,2194020245101,2194021899996,1.654895,12.979670428787676,12,True,True,False,False
motorcycle_5ab8604a14df,motorcycle,temperature,246-1,460,461,2194021899996,2194023553122,1.653126,12.965795810163216,12,True,True,False,False
motorcycle_5ab8604a14df,motorcycle,temperature,246-1,461,462,2194023553122,2194025204788,1.651666,12.954344739958744,12,True,True,False,False
motorcycle_5ab8604a14df,motorcycle,temperature,246-1,462,463,2194025204788,2194025453851,0.249063,1.9534506152989435,1,True,False,False,False
motorcycle_5ab8604a14df,motorcycle,temperature,246-1,471,472,2194026134528,2194026374841,0.240313,1.8848226260598122,1,True,False,False,False
motorcycle_5ab8604a14df,motorcycle,temperature,246-1,479,480,2194026799162,2195014879944,988.080782,7749.713974227248,7749,True,True,True,False
motorcycle_5ab8604a14df,motorcycle,temperature,246-1,480,481,2195014879944,2195016538850,1.658906,13.011129499054894,12,True,True,False,False
motorcycle_5ab8604a14df,motorcycle,temperature,246-1,481,482,2195016538850,2195018192757,1.653907,12.971921348402732,12,True,True,False,False
motorcycle_5ab8604a14df,motorcycle,temperature,246-1,482,483,2195018192757,2195019845881,1.653124,12.965780123765677,12,True,True,False,False
motorcycle_5ab8604a14df,motorcycle,temperature,246-1,483,484,2195019845881,2195021500518,1.654637,12.977646883504969,12,True,True,False,False
motorcycle_5ab8604a14df,motorcycle,temperature,246-1,484,485,2195021500518,2195023155153,1.654635,12.977631197107428,12,True,True,False,False
motorcycle_5ab8604a14df,motorcycle,temperature,246-1,485,486,2195023155153,2195024816819,1.661666,13.03277672766061,12,True,True,False,False
motorcycle_5ab8604a14df,motorcycle,temperature,246-1,495,496,2195025530986,2195025771558,0.240572,1.8868540145412904,1,True,False,False,False
motorcycle_5ab8604a14df,motorcycle,temperature,246-1,503,504,2195026198173,2196014495256,988.297083,7751.410465964439,7750,True,True,True,False
motorcycle_5ab8604a14df,motorcycle,temperature,246-1,504,505,2196014495256,2196016155883,1.660627,13.024627644138386,12,True,True,False,False
motorcycle_5ab8604a14df,motorcycle,temperature,246-1,505,506,2196016155883,2196017809007,1.653124,12.965780123765677,12,True,True,False,False
motorcycle_5ab8604a14df,motorcycle,temperature,246-1,506,507,2196017809007,2196019462704,1.653697,12.970274276660993,12,True,True,False,False
motorcycle_5ab8604a14df,motorcycle,temperature,246-1,507,508,2196019462704,2196021117809,1.655105,12.981317500529416,12,True,True,False,False
motorcycle_5ab8604a14df,motorcycle,temperature,246-1,508,509,2196021117809,2196022770986,1.653177,12.966195813300496,12,True,True,False,False
motorcycle_5ab8604a14df,motorcycle,temperature,246-1,509,510,2196022770986,2196024425101,1.654115,12.973552733746931,12,True,True,False,False
motorcycle_5ab8604a14df,motorcycle,temperature,246-1,519,520,2196025135517,2196025378120,0.242603,1.9027835512435392,1,True,False,False,False
motorcycle_5ab8604a14df,motorcycle,temperature,246-1,527,528,2196025800725,2197014132808,988.332083,7751.684977921395,7751,True,True,True,False
motorcycle_5ab8604a14df,motorcycle,temperature,246-1,528,529,2197014132808,2197015796455,1.663647,13.048314104424348,12,True,True,False,False
motorcycle_5ab8604a14df,motorcycle,temperature,246-1,529,530,2197015796455,2197017449579,1.653124,12.965780123765677,12,True,True,False,False
motorcycle_5ab8604a14df,motorcycle,temperature,246-1,530,531,2197017449579,2197019107237,1.657658,13.001341186989702,12,True,True,False,False
motorcycle_5ab8604a14df,motorcycle,temperature,246-1,531,532,2197019107237,2197020760361,1.653124,12.965780123765677,12,True,True,False,False
motorcycle_5ab8604a14df,motorcycle,temperature,246-1,532,533,2197020760361,2197022414266,1.653905,12.971905662005192,12,True,True,False,False
motorcycle_5ab8604a14df,motorcycle,temperature,246-1,533,534,2197022414266,2197024069424,1.655158,12.981733190064237,12,True,True,False,False
motorcycle_5ab8604a14df,motorcycle,temperature,246-1,543,544,2197024781090,2197025319214,0.538124,4.220613495007804,3,True,True,False,False
motorcycle_5ab8604a14df,motorcycle,temperature,246-1,551,552,2197025756558,2198013748330,987.991772,7749.015851104715,7748,True,True,True,False
motorcycle_5ab8604a14df,motorcycle,temperature,246-1,552,553,2198013748330,2198015409215,1.660885,13.026651189421093,12,True,True,False,False
motorcycle_5ab8604a14df,motorcycle,temperature,246-1,553,554,2198015409215,2198017062391,1.653176,12.966187970101727,12,True,True,False,False
motorcycle_5ab8604a14df,motorcycle,temperature,246-1,554,555,2198017062391,2198018718017,1.655626,12.985403807088684,12,True,True,False,False
motorcycle_5ab8604a14df,motorcycle,temperature,246-1,555,556,2198018718017,2198020370933,1.652916,12.964148738421478,12,True,True,False,False
motorcycle_5ab8604a14df,motorcycle,temperature,246-1,556,557,2198020370933,2198022024320,1.653387,12.967842885042236,12,True,True,False,False
motorcycle_5ab8604a14df,motorcycle,temperature,246-1,557,558,2198022024320,2198023677705,1.653385,12.967827198644695,12,True,True,False,False
motorcycle_5ab8604a14df,motorcycle,temperature,246-1,567,568,2198024398120,2198024639684,0.241564,1.8946344677213154,1,True,False,False,False
