kind,domain,recording_id,start_ns,end_ns,peak_ns,duration_s,route_progress_m,osm_way_id,road_class,detail_approach_distance_m,phys_baseline_duration_s,phys_baseline_samples,phys_baseline_clipped,phys_baseline_clip_reason,phys_baseline_vehicle_speed_mps,phys_baseline_vehicle_acceleration_mps2,phys_baseline_vehicle_lateral_acceleration_mps2,phys_baseline_vehicle_jerk_mps3,phys_anticipation_duration_s,phys_anticipation_samples,phys_anticipation_clipped,phys_anticipation_clip_reason,phys_anticipation_vehicle_speed_mps,phys_anticipation_vehicle_acceleration_mps2,phys_anticipation_vehicle_lateral_acceleration_mps2,phys_anticipation_vehicle_jerk_mps3,phys_immediate_duration_s,phys_immediate_samples,phys_immediate_clipped,phys_immediate_clip_reason,phys_immediate_vehicle_speed_mps,phys_immediate_vehicle_acceleration_mps2,phys_immediate_vehicle_lateral_acceleration_mps2,phys_immediate_vehicle_jerk_mps3,phys_baseline_head_angular_speed_rad_s,phys_baseline_head_abs_yaw_rate_rad_s,phys_baseline_head_vibration_rms_msec2,phys_anticipation_head_angular_speed_rad_s,phys_anticipation_head_abs_yaw_rate_rad_s,phys_anticipation_head_vibration_rms_msec2,phys_immediate_head_angular_speed_rad_s,phys_immediate_head_abs_yaw_rate_rad_s,phys_immediate_head_vibration_rms_msec2,phys_baseline_ppg_heart_rate_bpm,phys_baseline_ppg_ibi_ms,phys_baseline_ppg_pulse_amplitude,phys_baseline_ppg_sqi,phys_anticipation_ppg_heart_rate_bpm,phys_anticipation_ppg_ibi_ms,phys_anticipation_ppg_pulse_amplitude,phys_anticipation_ppg_sqi,phys_immediate_ppg_heart_rate_bpm,phys_immediate_ppg_ibi_ms,phys_immediate_ppg_pulse_amplitude,phys_immediate_ppg_sqi,phys_baseline_light_lux,phys_baseline_light_cct,phys_anticipation_light_lux,phys_anticipation_light_cct,phys_immediate_light_lux,phys_immediate_light_cct,phys_baseline_gaze_foveal_entropy,phys_baseline_gaze_top1_probability,phys_baseline_gaze_confidence,phys_baseline_gaze_is_fixation,phys_baseline_gaze_p_road_surface,phys_baseline_gaze_p_vehicle,phys_anticipation_gaze_foveal_entropy,phys_anticipation_gaze_top1_probability,phys_anticipation_gaze_confidence,phys_anticipation_gaze_is_fixation,phys_anticipation_gaze_p_road_surface,phys_anticipation_gaze_p_vehicle,phys_immediate_gaze_foveal_entropy,phys_immediate_gaze_top1_probability,phys_immediate_gaze_confidence,phys_immediate_gaze_is_fixation,phys_immediate_gaze_p_road_surface,phys_immediate_gaze_p_vehicle,recording_duration_s,detail_closest_distance_m,delta_pre_event_vehicle_speed_mps,delta_approach_vehicle_speed_mps,delta_post_event_vehicle_speed_mps,delta_phys_anticipation_vehicle_speed_mps,delta_phys_immediate_vehicle_speed_mps,delta_phys_delayed_vehicle_speed_mps,delta_event_vehicle_speed_mps,delta_pre_event_vehicle_acceleration_mps2,delta_approach_vehicle_acceleration_mps2,delta_post_event_vehicle_acceleration_mps2,delta_phys_anticipation_vehicle_acceleration_mps2,delta_phys_immediate_vehicle_acceleration_mps2,delta_phys_delayed_vehicle_acceleration_mps2,delta_event_vehicle_acceleration_mps2,delta_pre_event_vehicle_lateral_acceleration_mps2,delta_approach_vehicle_lateral_acceleration_mps2,delta_post_event_vehicle_lateral_acceleration_mps2,delta_phys_anticipation_vehicle_lateral_acceleration_mps2,delta_phys_immediate_vehicle_lateral_acceleration_mps2,delta_phys_delayed_vehicle_lateral_acceleration_mps2,delta_event_vehicle_lateral_acceleration_mps2,delta_pre_event_vehicle_jerk_mps3,delta_approach_vehicle_jerk_mps3,delta_post_event_vehicle_jerk_mps3,delta_phys_anticipation_vehicle_jerk_mps3,delta_phys_immediate_vehicle_jerk_mps3,delta_phys_delayed_vehicle_jerk_mps3,delta_event_vehicle_jerk_mps3,delta_pre_event_head_angular_speed_rad_s,delta_approach_head_angular_speed_rad_s,delta_post_event_head_angular_speed_rad_s,delta_phys_anticipation_head_angular_speed_rad_s,delta_phys_immediate_head_angular_speed_rad_s,delta_phys_delayed_head_angular_speed_rad_s,delta_event_head_angular_speed_rad_s,delta_pre_event_head_abs_yaw_rate_rad_s,delta_approach_head_abs_yaw_rate_rad_s,delta_post_event_head_abs_yaw_rate_rad_s,delta_phys_anticipation_head_abs_yaw_rate_rad_s,delta_phys_immediate_head_abs_yaw_rate_rad_s,delta_phys_delayed_head_abs_yaw_rate_rad_s,delta_event_head_abs_yaw_rate_rad_s,delta_pre_event_head_vibration_rms_msec2,delta_approach_head_vibration_rms_msec2,delta_post_event_head_vibration_rms_msec2,delta_phys_anticipation_head_vibration_rms_msec2,delta_phys_immediate_head_vibration_rms_msec2,delta_phys_delayed_head_vibration_rms_msec2,delta_event_head_vibration_rms_msec2,delta_pre_event_ppg_heart_rate_bpm,delta_approach_ppg_heart_rate_bpm,delta_post_event_ppg_heart_rate_bpm,delta_phys_anticipation_ppg_heart_rate_bpm,delta_phys_immediate_ppg_heart_rate_bpm,delta_phys_delayed_ppg_heart_rate_bpm,delta_event_ppg_heart_rate_bpm,delta_pre_event_ppg_ibi_ms,delta_approach_ppg_ibi_ms,delta_post_event_ppg_ibi_ms,delta_phys_anticipation_ppg_ibi_ms,delta_phys_immediate_ppg_ibi_ms,delta_phys_delayed_ppg_ibi_ms,delta_event_ppg_ibi_ms,delta_pre_event_ppg_pulse_amplitude,delta_approach_ppg_pulse_amplitude,delta_post_event_ppg_pulse_amplitude,delta_phys_anticipation_ppg_pulse_amplitude,delta_phys_immediate_ppg_pulse_amplitude,delta_phys_delayed_ppg_pulse_amplitude,delta_event_ppg_pulse_amplitude,delta_pre_event_ppg_sqi,delta_approach_ppg_sqi,delta_post_event_ppg_sqi,delta_phys_anticipation_ppg_sqi,delta_phys_immediate_ppg_sqi,delta_phys_delayed_ppg_sqi,delta_event_ppg_sqi,delta_pre_event_light_lux,delta_approach_light_lux,delta_post_event_light_lux,delta_phys_anticipation_light_lux,delta_phys_immediate_light_lux,delta_phys_delayed_light_lux,delta_event_light_lux,delta_pre_event_light_cct,delta_approach_light_cct,delta_post_event_light_cct,delta_phys_anticipation_light_cct,delta_phys_immediate_light_cct,delta_phys_delayed_light_cct,delta_event_light_cct,detail_mean_curvature_1_per_m,detail_max_curvature_1_per_m,detail_length_m,detail_previous_class,detail_new_class,detail_duration_s,delta_pre_event_gaze_foveal_entropy,delta_approach_gaze_foveal_entropy,delta_post_event_gaze_foveal_entropy,delta_phys_anticipation_gaze_foveal_entropy,delta_phys_immediate_gaze_foveal_entropy,delta_phys_delayed_gaze_foveal_entropy,delta_event_gaze_foveal_entropy,delta_pre_event_gaze_top1_probability,delta_approach_gaze_top1_probability,delta_post_event_gaze_top1_probability,delta_phys_anticipation_gaze_top1_probability,delta_phys_immediate_gaze_top1_probability,delta_phys_delayed_gaze_top1_probability,delta_event_gaze_top1_probability,delta_pre_event_gaze_confidence,delta_approach_gaze_confidence,delta_post_event_gaze_confidence,delta_phys_anticipation_gaze_confidence,delta_phys_immediate_gaze_confidence,delta_phys_delayed_gaze_confidence,delta_event_gaze_confidence,delta_pre_event_gaze_is_fixation,delta_approach_gaze_is_fixation,delta_post_event_gaze_is_fixation,delta_phys_anticipation_gaze_is_fixation,delta_phys_immediate_gaze_is_fixation,delta_phys_delayed_gaze_is_fixation,delta_event_gaze_is_fixation,delta_pre_event_gaze_p_road_surface,delta_approach_gaze_p_road_surface,delta_post_event_gaze_p_road_surface,delta_phys_anticipation_gaze_p_road_surface,delta_phys_immediate_gaze_p_road_surface,delta_phys_delayed_gaze_p_road_surface,delta_event_gaze_p_road_surface,delta_pre_event_gaze_p_vehicle,delta_approach_gaze_p_vehicle,delta_post_event_gaze_p_vehicle,delta_phys_anticipation_gaze_p_vehicle,delta_phys_immediate_gaze_p_vehicle,delta_phys_delayed_gaze_p_vehicle,delta_event_gaze_p_vehicle
junction_approach,car,car_2e84f0c3e245,1169118135035,1170118135452,1169118135035,1.000000417,27.98422681356988,72561441,secondary,23.48812363405941,0.0,0,True,clipped to the start of the recording,,,,,2.000000885,0,True,clipped to the start of the recording,13.861000061035156,0.0138333580824028,0.0622740200741776,0.013833352666647,0.0,0,True,trimmed to avoid pedestrian_crossing,,,,,,,,0.0947573815918213,0.0394997864191197,0.1137322436825636,,,,,,,,81.94987361327257,732.8540973333334,966.5527558675911,0.9498287269017796,,,,,,,2643.029682360197,5508.087376644737,,,,,,,,,,,,,,,,,,,,,376.071298167,,,,,,,,,,,,,,,,,,,,,,,,,,,,,,,,,,,,,,,,,,,,,,,,,,,,,,,,,,,,,,,,,,,,,,,,,,,,,,,,,,,,,,,,,,,,,,,,,,,,,,,,,,,,,,,,,,,,,,,,,,,,,,,,,,,,,,,,,,,,
junction_crossing,car,car_2e84f0c3e245,1169118135035,1173118136754,1171118135920,4.000001719,56.98294414858629,72561441,secondary,,0.0,0,True,clipped to the start of the recording,,,,,2.000000885,0,True,clipped to the start of the recording,13.861000061035156,0.0138333580824028,0.0622740200741776,0.013833352666647,10.0,0,False,,14.958125114440918,-0.0124687200200347,0.9280225298350367,-0.0257421273048372,,,,0.0947573815918213,0.0394997864191197,0.1137322436825636,0.2500117065298445,0.1234398952273177,0.1839193888350604,,,,,81.94987361327257,732.8540973333334,966.5527558675911,0.9498287269017796,86.91464510196904,736.1038950000001,1102.931841578902,0.8557065081252093,,,2643.029682360197,5508.087376644737,2393.4409906914893,5535.532891456117,,,,,,,,,,,,,,,,,,,376.071298167,2.302811081710455,,,,,,,,,,,,,,,,,,,,,,,,,,,,,,,,,,,,,,,,,,,,,,,,,,,,,,,,,,,,,,,,,,,,,,,,,,,,,,,,,,,,,,,,,,,,,,,,,,,,,,,,,,,,,,,,,,,,,,,,,,,,,,,,,,,,,,,,,,,
pedestrian_crossing,car,car_2e84f0c3e245,1170118135452,1172118136337,1171118135920,2.000000885,56.98294414858629,72561441,secondary,,0.0,0,True,clipped to the start of the recording,,,,,0.0,0,True,clipped to the start of the recording; trimmed to avoid junction_approach,,,,,10.0,0,False,,14.812250137329102,0.1287187216211318,0.8947921116648616,-0.0550311670589483,,,,,,,0.288958664473437,0.1451090409533963,0.1933580855005984,,,,,,,,,86.30099970152318,744.6983185,1096.843276719977,0.8642630734685339,,,,,2206.3996453536183,5502.598715049342,,,,,,,,,,,,,,,,,,,376.071298167,2.78338067836816,,,,,,,,,,,,,,,,,,,,,,,,,,,,,,,,,,,,,,,,,,,,,,,,,,,,,,,,,,,,,,,,,,,,,,,,,,,,,,,,,,,,,,,,,,,,,,,,,,,,,,,,,,,,,,,,,,,,,,,,,,,,,,,,,,,,,,,,,,,
junction_approach,car,car_2e84f0c3e245,1184118141493,1184118141493,1184118141493,0.0,251.65608586988043,72561441,secondary,22.27387376706221,2.000005156,0,True,clipped to the start of the recording; trimmed to avoid pedestrian_crossing,14.203333536783854,0.0509999373289333,0.2591861681767413,0.0671665917794416,10.0,0,False,,14.90612506866455,-0.0628436768288307,0.8448426237539021,0.1003827764851968,0.0,0,True,trimmed to avoid pedestrian_crossing,,,,,0.6634219739748296,0.3255560690538462,0.1574354947412559,0.1735222462282613,0.0868954711158783,0.1948247251490065,,,,69.39532750610262,872.6771876666667,1362.1796137983183,0.9498287269017796,91.41008428272154,715.2907142142857,962.526626547314,0.8385933774385602,,,,,1161.436677631579,5147.461605674343,2653.226963404605,5580.7649568256575,,,,,,,,,,,,,,,,,,,,,376.071298167,,0.9742665608723956,0.2503331502278652,,0.7027915318806972,,0.8090512446868114,,0.1243500548675176,-0.5108330625332336,,-0.113843614157764,,-0.1589229541399699,,1.0169695095809927,-0.1331986344292255,,0.5856564555771607,,-0.1427891903541178,,-0.195516414141424,0.414437182784387,,0.0332161847057551,,-0.0816088756949559,,-0.4523650792006398,-0.5774805743537347,,-0.4898997277465682,,-0.5750014263967992,,-0.2163708060209006,-0.2906701124111249,,-0.2386605979379679,,-0.2854412783275619,,0.0445656997946322,0.0206441351716935,,0.0373892304077506,,-0.0335001886687465,,24.67553570121368,17.225354712348405,,22.014756776618924,,15.996219429936788,,-179.08528955555562,-118.32860446666666,,-157.38647345238098,,-129.99495460416665,,-329.9038708065941,-525.2013968509424,,-399.6529872510042,,-393.4853050179777,,-0.1064817020502612,-0.1197919148065438,,-0.1112353494632194,,-0.0019029566744167,,1177.1844309148223,2207.789817519283,,1491.7902857730262,,2028.1855136709653,,456.80698600416144,379.81232010690746,,433.3033511513149,,424.7718921478363,,,,,,,,,,,,,,,,,,,,,,,,,,,,,,,,,,,,,,,,,,,,,,,,,
junction_crossing,car,car_2e84f0c3e245,1184118141493,1187118142795,1185118141910,3.000001302,267.1131672528325,72561441,secondary,,2.000005156,0,True,clipped to the start of the recording; trimmed to avoid pedestrian_crossing,14.203333536783854,0.0509999373289333,0.2591861681767413,0.0671665917794416,10.0,0,False,,14.90612506866455,-0.0628436768288307,0.8448426237539021,0.1003827764851968,10.0,0,False,,15.210700130462646,0.0249499690622203,0.4125542208489485,-0.0159749609462974,0.6634219739748296,0.3255560690538462,0.1574354947412559,0.1735222462282613,0.0868954711158783,0.1948247251490065,0.107527581640249,0.058117339065571,0.1424676045665713,69.39532750610262,872.6771876666667,1362.1796137983183,0.9498287269017796,91.41008428272154,715.2907142142857,962.526626547314,0.8385933774385602,100.35417396209937,649.2127800000001,819.5452398633865,0.8635124905272803,1161.436677631579,5147.461605674343,2653.226963404605,5580.7649568256575,4065.764227684508,5580.982754321809,,,,,,,,,,,,,,,,,,,376.071298167,6.816792384110123,0.9742665608723956,0.2503331502278652,1.0073665936787926,0.7027915318806972,1.0073665936787926,0.7073666890462249,,0.1243500548675176,-0.5108330625332336,-0.0260499682667129,-0.113843614157764,-0.0260499682667129,-0.2065498199731481,,1.0169695095809927,-0.1331986344292255,0.1533680526722072,0.5856564555771607,0.1533680526722072,-0.1204087776056716,,-0.195516414141424,0.414437182784387,-0.083141552725739,0.0332161847057551,-0.083141552725739,-0.0789915938987459,,-0.4523650792006398,-0.5774805743537347,-0.5558943923345805,-0.4898997277465682,-0.5558943923345805,-0.5765684961345501,,-0.2163708060209006,-0.2906701124111249,-0.2674387299882752,-0.2386605979379679,-0.2674387299882752,-0.2881686552813399,,0.0445656997946322,0.0206441351716935,-0.0149678901746846,0.0373892304077506,-0.0149678901746846,-0.034463356022877,,24.67553570121368,17.225354712348405,30.95884645599675,22.014756776618924,30.95884645599675,5.18245443204259,,-179.08528955555562,-118.32860446666666,-223.4644076666666,-157.38647345238098,-223.4644076666666,-63.27946039393953,,-329.9038708065941,-525.2013968509424,-542.6343739349318,-399.6529872510042,-542.6343739349318,-294.9163633652249,,-0.1064817020502612,-0.1197919148065438,-0.0863162363744993,-0.1112353494632194,-0.0863162363744993,0.0114590254206125,,1177.1844309148223,2207.789817519283,2904.327550052929,1491.7902857730262,2904.327550052929,1831.0011153371709,,456.80698600416144,379.81232010690746,433.5211486474664,433.3033511513149,433.5211486474664,419.75349657749575,,,,,,,,,,,,,,,,,,,,,,,,,,,,,,,,,,,,,,,,,,,,,,,,,
pedestrian_crossing,car,car_2e84f0c3e245,1184118141493,1186118142379,1185118141910,2.000000886,267.1131672528325,72561441,secondary,,1.000004739,0,True,clipped to the start of the recording; trimmed to avoid junction_approach; trimmed to avoid junction_crossing,14.208000183105469,0.0139999320558761,0.3561281841806585,0.1284998808490743,10.0,0,False,,14.90612506866455,-0.0628436768288307,0.8448426237539021,0.1003827764851968,10.0,0,False,,15.1802001953125,0.052749943744132,0.4103221425851722,-0.0388999837831882,0.8835757716167372,0.4083789854184351,0.0993879072533096,0.1735222462282613,0.0868954711158783,0.1948247251490065,0.1041443760433908,0.0543974294341662,0.1464579209292269,73.44411792394618,819.6013800000001,1548.9534610563153,0.9498287269017796,91.41008428272154,715.2907142142857,962.526626547314,0.8385933774385602,101.79662392943573,642.2458541999999,806.9320764955772,0.8473964233187999,946.1806640625,5093.268771701389,2653.226963404605,5580.7649568256575,4066.0802528782897,5573.310737047697,,,,,,,,,,,,,,,,,,,376.071298167,6.4769778372606766,0.9695999145507804,0.24566650390625,0.9722000122070308,0.698124885559082,0.9722000122070308,1.1143749952316284,,0.1613500601405748,-0.4738330572601764,0.0387500116882558,-0.0768436088847068,0.0387500116882558,-0.1406873400492402,,0.9200274935770756,-0.2301406504331428,0.0541939584045136,0.4887144395732435,0.0541939584045136,-0.2299767995015788,,-0.2568497032110566,0.3531038937147543,-0.1673998646322625,-0.0281171043638774,-0.1673998646322625,-0.1979060570274774,,-0.6725188768425474,-0.7976343719956422,-0.7794313955733463,-0.7100535253884759,-0.7794313955733463,-0.8080446252342767,,-0.2991937223854894,-0.3734930287757137,-0.3539815559842689,-0.3214835143025567,-0.3539815559842689,-0.3763619195581215,,0.1026132872825785,0.0786917226596398,0.0470700136759172,0.0954368178956969,0.0470700136759172,0.0119363225363591,,20.626745283370116,13.176564294504844,28.35250600548953,17.96596635877536,28.35250600548953,4.009684120926991,,-126.009481888889,-65.25279680000006,-177.35552580000012,-104.31066578571438,-177.35552580000012,-41.81777466666665,,-516.6777180645911,-711.9752441089394,-742.021384560738,-586.4268345090012,-742.021384560738,-599.3119744428375,,-0.1064817020502612,-0.1197919148065438,-0.1024323035829797,-0.1112353494632194,-0.1024323035829797,0.0220504224411436,,1392.4404444839015,2423.045831088362,3119.8995888157897,1707.0462993421052,3119.8995888157897,2329.650952888257,,510.9998199771153,434.0051540798613,480.04196534630864,487.4961851242688,480.04196534630864,495.8007417929293,,,,,,,,,,,,,,,,,,,,,,,,,,,,,,,,,,,,,,,,,,,,,,,,,
straight,car,car_2e84f0c3e245,1167118134150,1205118151024,1187118142795,38.000016874,299.703987326047,72561441,secondary,,0.0,0,True,clipped to the start of the recording,,,,,0.0,0,True,clipped to the start of the recording,,,,,1.000000469,0,True,trimmed to avoid pedestrian_crossing,13.958000183105469,-0.0767497656296098,,0.0554999785364977,,,,,,,0.1489581962481428,0.0938777382902472,0.1868033617221832,,,,,,,,,,,,,,,,,2290.01171875,5444.137369791667,,,,,,,,,,,,,,,,,,,376.071298167,,,,,,,,,,,,,,,,,,,,,,,,,,,,,,,,,,,,,,,,,,,,,,,,,,,,,,,,,,,,,,,,,,,,,,,,,,,,,,,,,,,,,,,,,,,,,0.0015734710209169,0.0130840538092647,,,,,,,,,,,,,,,,,,,,,,,,,,,,,,,,,,,,,,,,,,,,,,
junction_approach,car,car_2e84f0c3e245,1203118150087,1209118152899,1203118150087,6.000002812,546.164104141494,72561441,secondary,22.28851565917724,7.000007708,0,True,trimmed to avoid pedestrian_crossing,15.142000198364258,0.0503124961541214,0.5006181585873928,-0.0407812239699317,10.0,0,False,,15.324500179290771,-0.0888499795738564,0.1107487234585218,-0.0617999455499653,10.0,0,False,,12.21566677093506,-0.6043515699769353,1.1522023132086767,-0.1476387337315923,0.1070694324463616,0.0551440991597544,0.1583703310658605,0.08206757579866,0.0382085061245576,0.1135256500358927,0.1613914965227227,0.0860355293441856,0.1316886539899238,98.95449527018346,658.0384323999999,798.9166259684911,0.8385048000313626,88.17775890311142,718.096852642857,904.3991619478608,0.9337721923967632,95.3388794578416,665.2124251875,837.884930804222,0.8938903751353675,4163.718868371212,5568.440363103693,3449.2322676809213,5587.642567845394,3747.499018297697,5577.254780016448,,,,,,,,,,,,,,,,,,,376.071298167,,0.2502856935773572,0.0243333180745448,-2.926333427429199,0.1824999809265133,-2.926333427429199,-9.411333560943604,,-0.0265267797786201,-0.4019790996098126,-0.6546640661310568,-0.1391624757279779,-0.6546640661310568,-0.8464788082964835,,-0.4151834761475297,-0.3308033394186673,0.6515841546212839,-0.3898694351288709,0.6515841546212839,0.3576370379393999,,0.0249240865805679,-0.1282186072881039,-0.1068575097616606,-0.0210187215800336,-0.1068575097616606,0.3763179769889612,,-0.0190126460834589,-0.038976681297601,0.054322064076361,-0.0250018566477015,0.054322064076361,0.3293908067867602,,-0.0101960844247519,-0.0326611131262349,0.0308914301844311,-0.0169355930351968,0.0308914301844311,0.3545448961183427,,-0.0432503900202751,-0.0485646933859174,-0.0266816770759367,-0.0448446810299678,-0.0266816770759367,-0.0709792859544311,,-5.224405308985993,-24.65756401228714,-3.615615812341858,-10.776736367072033,-3.615615812341858,-4.197562359059347,,23.71577590000004,150.91503110000008,7.173992787500083,60.058420242857096,7.173992787500083,-23.525151400000027,,61.170294569352336,216.26313950441292,38.96830483573092,105.4825359793698,38.96830483573092,34.737137736781506,,0.0800246095869364,0.1333743493115606,0.0553855751040048,0.0952673923654005,0.0553855751040048,0.1195798968011508,,-427.7320884038613,-1400.6491836613905,-416.21985007351486,-714.4866006902907,-416.21985007351486,583.4272819166172,,32.52083675638187,-12.667379007711132,8.814416912754496,19.20220474170128,8.814416912754496,74.90040581078028,,,,,,,,,,,,,,,,,,,,,,,,,,,,,,,,,,,,,,,,,,,,,,,,,
junction_crossing,car,car_2e84f0c3e245,1203118150087,1216118156076,1210118153316,13.000005989,649.687655302278,695751889,secondary,,7.000007708,0,True,trimmed to avoid pedestrian_crossing,15.142000198364258,0.0503124961541214,0.5006181585873928,-0.0407812239699317,10.0,0,False,,15.324500179290771,-0.0888499795738564,0.1107487234585218,-0.0617999455499653,5.000002344,0,True,trimmed to avoid roundabout_entry,7.299400043487549,-0.901732960100561,1.1191757368429842,0.1383720852404903,0.1070694324463616,0.0551440991597544,0.1583703310658605,0.08206757579866,0.0382085061245576,0.1135256500358927,0.2686554354819828,0.2327235867670527,0.0858522748928232,98.95449527018346,658.0384323999999,798.9166259684911,0.8385048000313626,88.17775890311142,718.096852642857,904.3991619478608,0.9337721923967632,90.64568023899842,663.75921875,792.5352174369505,0.9580846968325136,4163.718868371212,5568.440363103693,3449.2322676809213,5587.642567845394,4349.743080950798,5651.145248088431,,,,,,,,,,,,,,,,,,,376.071298167,2.0718004046333567,0.2502856935773572,0.0243333180745448,-7.842600154876709,0.1824999809265133,-7.842600154876709,,,-0.0265267797786201,-0.4019790996098126,-0.9520454562546824,-0.1391624757279779,-0.9520454562546824,,,-0.4151834761475297,-0.3308033394186673,0.6185575782555914,-0.3898694351288709,0.6185575782555914,,,0.0249240865805679,-0.1282186072881039,0.179153309210422,-0.0210187215800336,0.179153309210422,,,-0.0190126460834589,-0.038976681297601,0.1615860030356211,-0.0250018566477015,0.1615860030356211,,,-0.0101960844247519,-0.0326611131262349,0.1775794876072983,-0.0169355930351968,0.1775794876072983,,,-0.0432503900202751,-0.0485646933859174,-0.0725180561730373,-0.0448446810299678,-0.0725180561730373,,,-5.224405308985993,-24.65756401228714,-8.308815031185034,-10.776736367072033,-8.308815031185034,,,23.71577590000004,150.91503110000008,5.720786350000026,60.058420242857096,5.720786350000026,,,61.170294569352336,216.26313950441292,-6.381408531540615,105.4825359793698,-6.381408531540615,,,0.0800246095869364,0.1333743493115606,0.119579896801151,0.0952673923654005,0.119579896801151,,,-427.7320884038613,-1400.6491836613905,186.02421257958576,-714.4866006902907,186.02421257958576,,,32.52083675638187,-12.667379007711132,82.70488498473787,19.20220474170128,82.70488498473787,,,,,,,,,,,,,,,,,,,,,,,,,,,,,,,,,,,,,,,,,,,,,,,,,,
straight,car,car_2e84f0c3e245,1207118151962,1216118156076,1212118154254,9.000004114,680.6532179640703,22868496,secondary,,10.000009167,0,True,trimmed to avoid junction_approach; trimmed to avoid junction_crossing,15.229363788257944,0.02522727566099,0.3795648679214262,-0.0157726975994978,10.0,0,False,,14.746800231933594,-0.1652999104977785,0.3248555634885868,0.0041499576154916,5.000002344,0,True,trimmed to avoid roundabout_entry,7.299400043487549,-0.901732960100561,1.1191757368429842,0.1383720852404903,0.107527581640249,0.058117339065571,0.1424676045665713,0.0982238398991774,0.0463453958557784,0.1286730202355261,0.2686554354819828,0.2327235867670527,0.0858522748928232,100.35417396209937,649.2127800000001,819.5452398633865,0.8635124905272803,75.17364283663505,803.1263757499997,1058.438015088893,0.952461588138616,90.64568023899842,663.75921875,792.5352174369505,0.9580846968325136,4065.764227684508,5580.982754321809,2941.743600945724,5558.327924547697,4349.743080950798,5651.145248088431,,,,,,,,,,,,,,,,,,,376.071298167,,-0.1186492845609592,-1.3316968571056016,-7.929963744770396,-0.4825635563243509,-7.929963744770396,,,-0.2295129380655066,-0.0995604317097129,-0.9269602357615512,-0.1905271861587685,-0.9269602357615512,,,-0.2288953069428129,0.5549417043520677,0.739610868921558,-0.0547093044328393,0.739610868921558,,,-0.0150130044197214,0.1014391943626485,0.1541447828399881,0.0199226552149895,0.1541447828399881,,,-0.0312604154677011,0.0419284969543971,0.1611278538417337,-0.0093037417410716,0.1611278538417337,,,-0.027561642859413,0.0250706893059883,0.1746062477014817,-0.0117719432097926,0.1746062477014817,,,-0.0275053432135643,0.0181971863948327,-0.0566153296737481,-0.0137945843310452,-0.0566153296737481,,,-24.505547111318023,-27.20548316790321,-9.708493723100943,-25.180531125464316,-9.708493723100943,,,143.23393866666652,185.95256699999996,14.54643874999988,153.91359574999967,14.54643874999988,,,160.60135773195032,473.7670277061754,-27.01002242643608,238.8927752255065,-27.01002242643608,,,0.108366658815643,0.0306964139984139,0.0945722063052333,0.0889490976113358,0.0945722063052333,,,-933.4243987309096,-1557.7913525498095,283.97885326628966,-1124.0206267387844,283.97885326628966,,,1.5409865044221078,-77.72117027008517,70.16249376662199,-22.65482977411193,70.16249376662199,,,0.0076645381950985,0.0124486090156633,,,,,,,,,,,,,,,,,,,,,,,,,,,,,,,,,,,,,,,,,,,,,,
pedestrian_crossing,car,car_2e84f0c3e245,1206118151493,1231118163108,1216118156076,25.000011615,728.4808450099993,72561505,secondary,,9.000008698,0,True,trimmed to avoid junction_approach; trimmed to avoid junction_crossing,15.210700130462646,0.0249499690622203,0.4125542208489485,-0.0159749609462974,10.0,0,False,,14.910700225830078,-0.1555498826442148,0.1387773905710697,-0.0118250021193042,3.000001406,0,True,trimmed to avoid junction_approach,1.5412499904632568,0.1527499420356903,0.09409301000613,0.1458123629951073,0.1098677190760553,0.0582352128440664,0.1474473188341363,0.0868147645280508,0.0393543199011669,0.1204399424623896,0.5083666376396787,0.2778822739968915,0.2551639878264387,102.50004535842,641.5107292142857,812.4411027802854,0.8480315392679026,76.23244228425439,793.0484054615384,1036.8033964349395,0.9629171980178584,116.83542719004032,564.0059274,767.2713466574488,0.760185965418564,4078.869278492647,5576.5609317555145,3083.352778008644,5572.53173828125,2701.543038504464,5549.131801060268,,,,,,,,,,,,,,,,,,,376.071298167,3.7676189991343456,0.1023001398359024,-1.2387000083923336,-13.66945013999939,-0.2999999046325676,-13.66945013999939,-8.697200155258178,,-0.1736641695818254,-0.1964497766638578,0.12779997297347,-0.1804998517064351,0.12779997297347,1.4827575923762135,,-0.2754513614413252,-0.2679159712058166,-0.3184612108428185,-0.2737768302778788,-0.3184612108428185,0.1695874339507416,,-0.0623821513095612,0.1593915491456201,0.1617873239414047,0.0041499588269931,0.1617873239414047,0.16275604772278,,-0.0343365726935948,0.003275487791706,0.3984989185636233,-0.0230529545480045,0.3984989185636233,0.0595474995038408,,-0.0262181469837528,-0.0017606335142417,0.219647061152825,-0.0188808929428995,0.219647061152825,-0.0118528845791127,,-0.0361230890444674,-0.0057373801353981,0.1077166689923023,-0.0270073763717467,0.1077166689923023,0.0656240037497253,,-25.046243313546825,-29.01566253555788,14.33538183162034,-26.267603074165606,14.33538183162034,42.25581533987777,,136.27287611904774,185.8834765357144,-77.50480181428566,151.53767624725276,-77.50480181428566,-216.1499742142857,,137.2003838331924,420.476590752943,-45.16975612283659,224.36229365465408,-45.16975612283659,-259.1204359895089,,0.1238476100750206,0.0947212682685597,-0.0878455738493386,0.1148856587499558,-0.0878455738493386,-0.0200535116429795,,-803.0376615418895,-1449.2166208475578,-1377.3262399881828,-995.5165004840032,-1377.3262399881828,-253.77338005514684,,12.508581738803514,-43.01109219078262,-27.429130695246386,-4.029193474264503,-27.429130695246386,45.5259823069855,,,,,,,,,,,,,,,,,,,,,,,,,,,,,,,,,,,,,,,,,,,,,,,,,
roundabout_entry,car,car_2e84f0c3e245,1221118158420,1221118158420,1221118158420,0.0,753.0267541200859,23064623,secondary,,0.0,0,True,trimmed to avoid junction_approach; trimmed to avoid junction_crossing,,,,,5.000002344,0,True,trimmed to avoid junction_crossing,7.299400043487549,-0.901732960100561,1.1191757368429842,0.1383720852404903,10.0,0,False,,2.954624980688095,-0.3350206768054461,0.4221648269725933,0.1492811112778033,,,,0.2686554354819828,0.2327235867670527,0.0858522748928232,0.4790860612782042,0.4369970194744751,0.1285983736830384,,,,,90.64568023899842,663.75921875,792.5352174369505,0.9580846968325136,111.82052397502623,584.9631464117647,799.9823743019103,0.8416736783537196,,,4349.743080950798,5651.145248088431,5214.107806266622,5664.827366605718,,,,,,,,,,,,,,,,,,,376.071298167,,,,,,,,,,,,,,,,,,,,,,,,,,,,,,,,,,,,,,,,,,,,,,,,,,,,,,,,,,,,,,,,,,,,,,,,,,,,,,,,,,,,,,,,,,,,,,,,,,,,,,,,,,,,,,,,,,,,,,,,,,,,,,,,,,,,,,,,,,,,
roundabout_traverse,car,car_2e84f0c3e245,1221118158420,1238118166337,1231118163108,17.000007917,763.9680772423076,23064623,secondary,,0.0,0,True,trimmed to avoid junction_approach; trimmed to avoid junction_crossing,,,,,5.000002344,0,True,trimmed to avoid junction_crossing,7.299400043487549,-0.901732960100561,1.1191757368429842,0.1383720852404903,4.000001719,37,True,trimmed to avoid junction_approach,6.1939999262491865,1.173443810236227,0.7856925570200824,0.0394166096873409,,,,0.2686554354819828,0.2327235867670527,0.0858522748928232,0.2904555222889297,0.1763195506218757,0.2690037507850723,,,,,90.64568023899842,663.75921875,792.5352174369505,0.9580846968325136,101.76188790226848,667.4939148333333,864.3330473986765,0.827978027624923,,,4349.743080950798,5651.145248088431,3470.584601151316,5611.577611019737,,,,,,,,,,,,,0.266794441797901,0.7081046161842167,0.9479780950342628,0.6486486486486487,0.1888957988449064,0.2134592304302455,376.071298167,,,,,,,,,,,,,,,,,,,,,,,,,,,,,,,,,,,,,,,,,,,,,,,,,,,,,,,,,,,,,,,,,,,,,,,,,,,,,,,,,,,,,,,,,,,,,,,41.11976093637179,,,,,,,,,,,,,,,,,,,,,,,,,,,,,,,,,,,,,,,,,,,,,
junction_approach,car,car_2e84f0c3e245,1234118164514,1235118164931,1234118164514,1.000000417,774.6189792167035,23064623,secondary,28.638191411198274,0.0,0,True,trimmed to avoid pedestrian_crossing,,,,,3.000001406,0,True,trimmed to avoid pedestrian_crossing,1.5412499904632568,0.1527499420356903,0.09409301000613,0.1458123629951073,3.000001406,26,True,trimmed to avoid roundabout_exit,4.068749964237213,0.9456036655620434,0.7114280792624903,-0.0292760341085356,,,,0.5083666376396787,0.2778822739968915,0.2551639878264387,0.3746716111131123,0.1766755829703354,0.2733116036979094,,,,,116.83542719004032,564.0059274,767.2713466574488,0.760185965418564,101.7567408165468,636.259,890.075349630135,0.8144196151836514,,,2701.543038504464,5549.131801060268,3139.9084821428573,5625.994070870535,,,,,,,,,,,,,0.1676102279115822,0.820776972880468,0.8964243216295061,0.3461538461538461,0.0631521444127788,0.1793305373813774,376.071298167,,,,,,,,,,,,,,,,,,,,,,,,,,,,,,,,,,,,,,,,,,,,,,,,,,,,,,,,,,,,,,,,,,,,,,,,,,,,,,,,,,,,,,,,,,,,,,,,,,,,,,,,,,,,,,,,,,,,,,,,,,,,,,,,,,,,,,,,,,,,
curve,car,car_2e84f0c3e245,1217118156545,1238118166337,1235118164931,21.000009792,778.8749450190744,23064623,secondary,,0.0,0,True,trimmed to avoid junction_approach; trimmed to avoid junction_crossing,,,,,1.000000469,0,True,trimmed to avoid junction_approach; trimmed to avoid junction_crossing,9.65250015258789,-1.0600829320378593,1.5105565473172715,-0.1573749164273185,4.000001719,37,True,trimmed to avoid junction_approach,6.1939999262491865,1.173443810236227,0.7856925570200824,0.0394166096873409,,,,0.1964432686050523,0.150435198768715,0.1176892464325551,0.2904555222889297,0.1763195506218757,0.2690037507850723,,,,,84.64209498481688,708.8725265,726.8393987792105,0.9580846968325136,101.76188790226848,667.4939148333333,864.3330473986765,0.827978027624923,,,3922.1706814236113,5629.300726996527,3470.584601151316,5611.577611019737,,,,,,,,,,,,,0.266794441797901,0.7081046161842167,0.9479780950342628,0.6486486486486487,0.1888957988449064,0.2134592304302455,376.071298167,,,,,,,,,,,,,,,,,,,,,,,,,,,,,,,,,,,,,,,,,,,,,,,,,,,,,,,,,,,,,,,,,,,,,,,,,,,,,,,,,,,,,,,,,,,,,0.0358713307755844,0.0389400237376423,,,,,,,,,,,,,,,,,,,,,,,,,,,,,,,,,,,,,,,,,,,,,,
junction_crossing,car,car_2e84f0c3e245,1234118164514,1238118166337,1236118165399,4.000001823,784.0746482498794,23064623,secondary,,0.0,0,True,trimmed to avoid pedestrian_crossing,,,,,3.000001406,0,True,trimmed to avoid pedestrian_crossing,1.5412499904632568,0.1527499420356903,0.09409301000613,0.1458123629951073,10.0,93,False,,8.709714208330427,0.7384282728315156,0.3691809129657373,-0.0407023513572462,,,,0.5083666376396787,0.2778822739968915,0.2551639878264387,0.1775422701718864,0.097513509938821,0.1853021327334764,,,,,116.83542719004032,564.0059274,767.2713466574488,0.760185965418564,90.707439441416,703.6610974285715,857.5882581890454,0.8654646125428618,,,2701.543038504464,5549.131801060268,3383.8395559210526,5594.368451891447,,,,,,,,,,,,,0.2462563528601993,0.7322305817038429,0.951106286007927,0.7526881720430108,0.1105113539317791,0.2307576705002693,376.071298167,25.53007711508408,,,,,,,,,,,,,,,,,,,,,,,,,,,,,,,,,,,,,,,,,,,,,,,,,,,,,,,,,,,,,,,,,,,,,,,,,,,,,,,,,,,,,,,,,,,,,,,,,,,,,,,,,,,,,,,,,,,,,,,,,,,,,,,,,,,,,,,,,,,
roundabout_exit,car,car_2e84f0c3e245,1238118166337,1238118166337,1238118166337,0.0,794.1465150564577,23064623,secondary,,0.0,0,True,trimmed to avoid junction_approach; trimmed to avoid junction_crossing; trimmed to avoid pedestrian_crossing,,,,,0.0,0,True,trimmed to avoid pedestrian_crossing; trimmed to avoid junction_approach; trimmed to avoid junction_crossing,,,,,4.000001719,37,True,trimmed to avoid junction_approach,6.1939999262491865,1.173443810236227,0.7856925570200824,0.0394166096873409,,,,,,,0.2904555222889297,0.1763195506218757,0.2690037507850723,,,,,,,,,101.76188790226848,667.4939148333333,864.3330473986765,0.827978027624923,,,,,3470.584601151316,5611.577611019737,,,,,,,,,,,,,0.266794441797901,0.7081046161842167,0.9479780950342628,0.6486486486486487,0.1888957988449064,0.2134592304302455,376.071298167,,,,,,,,,,,,,,,,,,,,,,,,,,,,,,,,,,,,,,,,,,,,,,,,,,,,,,,,,,,,,,,,,,,,,,,,,,,,,,,,,,,,,,,,,,,,,,,,,,,,,,,,,,,,,,,,,,,,,,,,,,,,,,,,,,,,,,,,,,,,
junction_approach,car,car_2e84f0c3e245,1242118168056,1291118189097,1242118168056,49.000021041,837.1342878942643,23064624,secondary,20.1157792602386,0.0,0,True,trimmed to avoid pedestrian_crossing; trimmed to avoid roundabout_traverse,,,,,4.000001719,37,True,trimmed to avoid roundabout_traverse,6.1939999262491865,1.173443810236227,0.7856925570200824,0.0394166096873409,10.0,0,False,,3.513499975204468,0.2399607613402053,,0.1122701713881887,,,,0.2904555222889297,0.1763195506218757,0.2690037507850723,0.4275977590167306,0.322294449546028,0.1609946565052214,,,,,101.76188790226848,667.4939148333333,864.3330473986765,0.827978027624923,81.41627721225147,741.948068846154,1198.7857314689152,0.9360126402987432,,,3470.584601151316,5611.577611019737,1317.6804070723683,5497.512731291118,,,,,,,0.266794441797901,0.7081046161842167,0.9479780950342628,0.6486486486486487,0.1888957988449064,0.2134592304302455,,,,,,,376.071298167,,,,,,,,,,,,,,,,,,,,,,,,,,,,,,,,,,,,,,,,,,,,,,,,,,,,,,,,,,,,,,,,,,,,,,,,,,,,,,,,,,,,,,,,,,,,,,,,,,,,,,,,,,,,,,,,,,,,,,,,,,,,,,,,,,,,,,,,,,,,
straight,car,car_2e84f0c3e245,1241118167639,1282118185243,1262118176806,41.000017604,1078.8360449844697,862981944,secondary,,0.0,0,True,trimmed to avoid junction_crossing; trimmed to avoid pedestrian_crossing; trimmed to avoid roundabout_traverse,,,,,3.000001302,28,True,trimmed to avoid roundabout_traverse,5.58299994468689,0.9316661521493542,0.8429848988601296,0.0598749264070451,10.0,0,False,,5.519000005722046,-0.4872678750177783,,0.0704419307612543,,,,0.3308022901919408,0.2196319580741831,0.2876478935188091,0.2107100426129298,0.1444002687460322,0.0871648056836182,,,,,80.26490150425381,788.56049475,1019.8392377026266,0.8279780276249231,80.2950291444315,759.8666827692307,1019.7063688402176,0.9462701201169268,,,3343.973423549108,5607.824288504465,1654.234488075658,5517.869469572369,,,,,,,0.2761776645010257,0.6932997734173773,0.9413401504183428,0.6071428571428571,0.2386136990125984,0.2140544966283891,,,,,,,376.071298167,,,,,,,,,,,,,,,,,,,,,,,,,,,,,,,,,,,,,,,,,,,,,,,,,,,,,,,,,,,,,,,,,,,,,,,,,,,,,,,,,,,,,,,,,,,,,0.0023483225316891,0.0156646570268141,,,,,,,,,,,,,,,,,,,,,,,,,,,,,,,,,,,,,,,,,,,,,,
junction_crossing,car,car_2e84f0c3e245,1242118168056,1303118193993,1299118192431,61.000025937,1415.0959692963684,245122745,unclassified,,0.0,0,True,trimmed to avoid pedestrian_crossing; trimmed to avoid roundabout_traverse,,,,,4.000001719,37,True,trimmed to avoid roundabout_traverse,6.1939999262491865,1.173443810236227,0.7856925570200824,0.0394166096873409,2.000000833,0,True,trimmed to avoid pedestrian_crossing,6.888499975204468,1.0551660996809722,0.0625240966783048,0.0116390084770953,,,,0.2904555222889297,0.1763195506218757,0.2690037507850723,0.1104599138905578,0.0613348231608856,0.1121589723631063,,,,,101.76188790226848,667.4939148333333,864.3330473986765,0.827978027624923,98.97656584455252,607.92695325,933.463758730132,0.9351670709768451,,,3470.584601151316,5611.577611019737,1933.221408420139,5228.427408854167,,,,,,,0.266794441797901,0.7081046161842167,0.9479780950342628,0.6486486486486487,0.1888957988449064,0.2134592304302455,,,,,,,376.071298167,0.0,,,,,,,,,,,,,,,,,,,,,,,,,,,,,,,,,,,,,,,,,,,,,,,,,,,,,,,,,,,,,,,,,,,,,,,,,,,,,,,,,,,,,,,,,,,,,,,,,,,,,,,,,,,,,,,,,,,,,,,,,,,,,,,,,,,,,,,,,,,
road_class_change,car,car_2e84f0c3e245,1291118189097,1299118192431,1299118192431,8.000003334,1415.0959692963684,245122745,unclassified,,0.0,0,True,trimmed to avoid junction_approach,,,,,0.0,0,True,trimmed to avoid junction_approach,,,,,6.000002395,0,True,trimmed to avoid pedestrian_crossing,5.534500002861023,0.9135459487661604,0.1515160305753212,0.0337311795644744,,,,,,,0.2876157433177511,0.1210373678895138,0.3919389040140797,,,,,,,,,92.96818833713118,649.1025624000001,1188.3135284410732,0.9351670709768451,,,,,1872.2572370256696,5247.576747349331,,,,,,,,,,,,,,,,,,,376.071298167,,,,,,,,,,,,,,,,,,,,,,,,,,,,,,,,,,,,,,,,,,,,,,,,,,,,,,,,,,,,,,,,,,,,,,,,,,,,,,,,,,,,,,,,,,,,,,,,secondary,unclassified,,,,,,,,,,,,,,,,,,,,,,,,,,,,,,,,,,,,,,,,,,,
pedestrian_crossing,car,car_2e84f0c3e245,1305118194826,1308118196024,1307118195608,3.000001198,1484.6052407600278,245122745,unclassified,,0.0,0,True,trimmed to avoid junction_approach; trimmed to avoid junction_crossing,,,,,2.000000833,0,True,trimmed to avoid junction_crossing,6.888499975204468,1.0551660996809722,0.0625240966783048,0.0116390084770953,10.0,0,False,,11.749333275689018,-0.0756110851066603,1.168806887178248,-0.1992035378666703,,,,0.1104599138905578,0.0613348231608856,0.1121589723631063,0.3989158463750086,0.2539333707047284,0.1820143103991884,,,,,98.97656584455252,607.92695325,933.463758730132,0.9351670709768451,91.29588803481138,676.2042326666667,971.2858037043828,0.9349257720033872,,,1933.221408420139,5228.427408854167,2088.464558053524,5294.73993309508,,,,,,,,,,,,,,,,,,,376.071298167,5.4646430428810016,,,,,,,,,,,,,,,,,,,,,,,,,,,,,,,,,,,,,,,,,,,,,,,,,,,,,,,,,,,,,,,,,,,,,,,,,,,,,,,,,,,,,,,,,,,,,,,,,,,,,,,,,,,,,,,,,,,,,,,,,,,,,,,,,,,,,,,,,,,
straight,car,car_2e84f0c3e245,1302118193628,1316118199201,1310118196805,14.000005573,1522.842221613135,245122745,unclassified,,1.000004531,0,True,trimmed to avoid junction_approach,,,,,10.0,0,False,,4.180500030517578,0.7719257978513483,0.2405079644723376,0.0558233506518535,2.000000781,0,True,trimmed to avoid junction_approach,9.124500274658203,-0.8844996799984155,3.420646806092829,0.1326664801876616,0.1996444311916827,0.1592467722231459,0.1325319592974184,0.4834225699862681,0.3214287716358838,0.2664325250786626,0.6131253079490496,0.2510284919951221,0.2709240404959525,,,,,83.46256639101958,725.0223398571428,1280.6024227163148,0.935795208187398,66.02922980898812,912.925078,1099.5759005855616,0.8657375780376126,1617.1556640625,5503.82119140625,1374.884838347739,5472.074977144282,1887.450221011513,5213.97900390625,,,,,,,,,,,,,,,,,,,376.071298167,,,,,,,,,,,,,,,,,,,,,,,,,,,,,,0.3046131540516302,0.235163103194814,0.4134808767573669,0.2837781387945854,0.4134808767573669,,,0.2255634862045554,0.0142918635651634,0.0917817197719762,0.1621819994127378,0.0917817197719762,,,0.0115568664903999,0.4193691974598806,0.138392081198534,0.1339005657812441,0.138392081198534,,,,,,,,,,,,,,,,,,,,,,,,,,,,,,,-456.3543501420454,262.3546247209822,270.2945569490132,-242.27082571476055,270.2945569490132,,,38.54972478693162,-197.44378487723225,-289.8421875000004,-31.746214261968817,-289.8421875000004,,,0.0057527996627692,0.0123374079727263,,,,,,,,,,,,,,,,,,,,,,,,,,,,,,,,,,,,,,,,,,,,,,
curve,car,car_2e84f0c3e245,1318118199982,1322118201545,1318118199982,4.000001563,1612.2511641393426,716932550,unclassified,,3.958e-06,0,True,trimmed to avoid junction_approach; trimmed to avoid junction_crossing; trimmed to avoid pedestrian_crossing,,,,,10.0,0,False,,11.459222157796225,-0.2813887513568974,1.789062130973293,-0.1580183603401261,10.0,0,False,,8.944000085194906,-0.0613519060479865,1.4831600579678226,-0.0301919081095644,,,,0.3989158463750086,0.2539333707047284,0.1820143103991884,0.1566745280702905,0.0830996975478735,0.1316889406005758,,,,,91.29588803481138,676.2042326666667,971.2858037043828,0.9349257720033872,64.33326359099547,939.7024895,1521.9733918727975,0.930185356888544,,,2088.464558053524,5294.73993309508,2521.056947099401,5587.683401554189,,,,,,,,,,,,,,,,,,,376.071298167,,,,,,,,,,,,,,,,,,,,,,,,,,,,,,,,,,,,,,,,,,,,,,,,,,,,,,,,,,,,,,,,,,,,,,,,,,,,,,,,,,,,,,,,,,,,,0.0830609529692545,0.0835713831129873,,,,,,,,,,,,,,,,,,,,,,,,,,,,,,,,,,,,,,,,,,,,,,
junction_approach,car,car_2e84f0c3e245,1318118199982,1322118201545,1318118199982,4.000001563,1612.2511641393426,716932550,unclassified,16.061473919961383,3.958e-06,0,True,trimmed to avoid pedestrian_crossing,,,,,10.0,0,False,,11.459222157796225,-0.2813887513568974,1.789062130973293,-0.1580183603401261,10.0,0,False,,8.944000085194906,-0.0613519060479865,1.4831600579678226,-0.0301919081095644,,,,0.3989158463750086,0.2539333707047284,0.1820143103991884,0.1566745280702905,0.0830996975478735,0.1316889406005758,,,,,91.29588803481138,676.2042326666667,971.2858037043828,0.9349257720033872,64.33326359099547,939.7024895,1521.9733918727975,0.930185356888544,,,2088.464558053524,5294.73993309508,2521.056947099401,5587.683401554189,,,,,,,,,,,,,,,,,,,376.071298167,,,,,,,,,,,,,,,,,,,,,,,,,,,,,,,,,,,,,,,,,,,,,,,,,,,,,,,,,,,,,,,,,,,,,,,,,,,,,,,,,,,,,,,,,,,,,,,,,,,,,,,,,,,,,,,,,,,,,,,,,,,,,,,,,,,,,,,,,,,,
roundabout_entry,car,car_2e84f0c3e245,1318118199982,1318118199982,1318118199982,0.0,1612.2511641393426,716932550,unclassified,,3.958e-06,0,True,trimmed to avoid junction_approach; trimmed to avoid junction_crossing; trimmed to avoid pedestrian_crossing,,,,,10.0,0,False,,11.459222157796225,-0.2813887513568974,1.789062130973293,-0.1580183603401261,0.0,0,True,trimmed to avoid junction_approach,,,,,,,,0.3989158463750086,0.2539333707047284,0.1820143103991884,,,,,,,,91.29588803481138,676.2042326666667,971.2858037043828,0.9349257720033872,,,,,,,2088.464558053524,5294.73993309508,,,,,,,,,,,,,,,,,,,,,376.071298167,,,,,,,,,,,,,,,,,,,,,,,,,,,,,,,,,,,,,,,,,,,,,,,,,,,,,,,,,,,,,,,,,,,,,,,,,,,,,,,,,,,,,,,,,,,,,,,,,,,,,,,,,,,,,,,,,,,,,,,,,,,,,,,,,,,,,,,,,,,,
roundabout_traverse,car,car_2e84f0c3e245,1318118199982,1322118201545,1320118200764,4.000001563,1615.3826593937797,716932550,unclassified,,3.958e-06,0,True,trimmed to avoid junction_approach; trimmed to avoid junction_crossing; trimmed to avoid pedestrian_crossing,,,,,10.0,0,False,,11.459222157796225,-0.2813887513568974,1.789062130973293,-0.1580183603401261,10.0,0,False,,8.944000085194906,-0.0613519060479865,1.4831600579678226,-0.0301919081095644,,,,0.3989158463750086,0.2539333707047284,0.1820143103991884,0.1566745280702905,0.0830996975478735,0.1316889406005758,,,,,91.29588803481138,676.2042326666667,971.2858037043828,0.9349257720033872,64.33326359099547,939.7024895,1521.9733918727975,0.930185356888544,,,2088.464558053524,5294.73993309508,2521.056947099401,5587.683401554189,,,,,,,,,,,,,,,,,,,376.071298167,,,,,,,,,,,,,,,,,,,,,,,,,,,,,,,,,,,,,,,,,,,,,,,,,,,,,,,,,,,,,,,,,,,,,,,,,,,,,,,,,,,,,,,,,,,,,,,6.263046872123368,,,,,,,,,,,,,,,,,,,,,,,,,,,,,,,,,,,,,,,,,,,,,
roundabout_exit,car,car_2e84f0c3e245,1322118201545,1322118201545,1322118201545,0.0,1618.514211011466,716932550,unclassified,,4.000005521,0,True,trimmed to avoid junction_crossing; trimmed to avoid pedestrian_crossing,12.010400009155273,0.5193996214765662,0.8310912916236621,-0.2222498536797507,0.0,0,True,trimmed to avoid junction_approach,,,,,10.0,0,False,,8.944000085194906,-0.0613519060479865,1.4831600579678226,-0.0301919081095644,0.1928587935760325,0.1141388213620366,0.1425713074454832,,,,0.1566745280702905,0.0830996975478735,0.1316889406005758,98.4318843358968,611.0105207142858,853.8000587210536,0.9522228204948304,,,,,64.33326359099547,939.7024895,1521.9733918727975,0.930185356888544,2412.8305407072367,5453.897730777138,,,2521.056947099401,5587.683401554189,,,,,,,,,,,,,,,,,,,376.071298167,,,,-3.0663999239603665,,-3.0663999239603665,-2.2679001808166497,,,,-0.5807515275245527,,-0.5807515275245527,-0.5992744655623758,,,,0.6520687663441604,,0.6520687663441604,-0.3031480692437466,,,,0.1920579455701863,,0.1920579455701863,0.2917498917059236,,,,-0.036184265505742,,-0.036184265505742,-0.0738517542334055,,,,-0.031039123814163,,-0.031039123814163,-0.0459082460548914,,,,-0.0108823668449073,,-0.0108823668449073,-0.029745904583351,,,,-34.09862074490134,,-34.09862074490134,-26.271810188709097,,,,328.69196878571427,,328.69196878571427,221.2806122857141,,,,668.1733331517439,,668.1733331517439,511.48225008261215,,,,-0.0220374636062864,,-0.0220374636062864,0.0055830130441127,,,,108.2264063921648,,108.2264063921648,313.4797367712117,,,,133.78567077705063,,133.78567077705063,22.02372329074933,,,,,,,,,,,,,,,,,,,,,,,,,,,,,,,,,,,,,,,,,,,,,,,,,
junction_crossing,car,car_2e84f0c3e245,1318118199982,1333118205660,1330118204566,15.000005678,1758.6108439785542,25626902,unclassified,,3.958e-06,0,True,trimmed to avoid pedestrian_crossing,,,,,10.0,0,False,,11.459222157796225,-0.2813887513568974,1.789062130973293,-0.1580183603401261,7.000002448,0,True,trimmed to avoid pedestrian_crossing,10.17662513256073,0.1874999978313098,0.3473511235670903,0.0381874469597556,,,,0.3989158463750086,0.2539333707047284,0.1820143103991884,0.0949605873704413,0.0561597917177707,0.1110064332559498,,,,,91.29588803481138,676.2042326666667,971.2858037043828,0.9349257720033872,61.21582727853588,997.796674,1537.7507180692944,0.9409880714285034,,,2088.464558053524,5294.73993309508,2509.6121715198865,5421.039876302083,,,,,,,,,,,,,,,,,,,376.071298167,4.045099354660739,,,,,,,,,,,,,,,,,,,,,,,,,,,,,,,,,,,,,,,,,,,,,,,,,,,,,,,,,,,,,,,,,,,,,,,,,,,,,,,,,,,,,,,,,,,,,,,,,,,,,,,,,,,,,,,,,,,,,,,,,,,,,,,,,,,,,,,,,,,
junction_approach,car,car_2e84f0c3e245,1335118206389,1337118207118,1335118206389,2.000000729,1820.533061608936,25626902,unclassified,28.06214479645417,3.000004844,0,True,trimmed to avoid pedestrian_crossing; trimmed to avoid roundabout_entry; trimmed to avoid roundabout_traverse,,,,,10.0,0,False,,9.90233325958252,-0.0722082714233289,0.5334265913323553,-0.0101144370931727,3.00000099,0,True,trimmed to avoid pedestrian_crossing,10.638500213623049,0.3749998764678741,0.1484839343331615,-0.0208750226321279,0.2301686771647704,0.1113672052970428,0.1936848918128421,0.1233260367236474,0.0701587085509042,0.1074310939153628,0.0799377242763827,0.0450559965532974,0.0945633149537372,66.06461541469976,918.0636806666666,1824.8106736375496,0.8657375780376126,66.70718965950967,906.5453077272726,1382.4028302754534,0.9578058335389432,59.63871946117721,1006.1279336666666,1434.1481267363724,0.9342609665843276,2500.574445452009,5628.686401367188,2589.7501747532897,5541.481501850329,2447.8749494881467,5403.3700161637935,,,,,,,,,,,,,,,,,,,376.071298167,,,,,,,,,,,,,,,,,,,,,,,,,,,,,,-0.1049916415635427,-0.1111616378221434,-0.1502309528883877,-0.1068426404411229,-0.1502309528883877,,,-0.0403821539273847,-0.0431366299898976,-0.0663112087437453,-0.0412084967461385,-0.0663112087437453,,,-0.0885656445889517,-0.0808594889507099,-0.0991215768591048,-0.0862537978974792,-0.0991215768591048,,,-2.4733597481489937,6.0954587324879554,-6.425895953522549,0.6425742448099072,-6.425895953522549,,,30.912584047619248,-85.7725476666667,88.06425300000001,-11.518372939393998,88.06425300000001,,,-432.6246882353603,-459.5283648338839,-390.6625469011772,-442.4078433620962,-390.6625469011772,,,0.0920682555013305,0.0920682555013305,0.068523388546715,0.0920682555013305,0.068523388546715,,,29.172047800831933,225.7358320264393,-52.69949596386232,89.17572930128063,-52.69949596386232,,,-58.398211854876536,-152.76494729929982,-225.316385203394,-87.20489951685886,-225.316385203394,,,,,,,,,,,,,,,,,,,,,,,,,,,,,,,,,,,,,,,,,,,,,,,,,,
straight,car,car_2e84f0c3e245,1330118204566,1345118209774,1337118207118,15.000005208,1841.7614871508645,25626902,unclassified,,0.0,0,True,trimmed to avoid junction_crossing; trimmed to avoid pedestrian_crossing; trimmed to avoid junction_approach,,,,,8.000003021,0,True,trimmed to avoid junction_approach,8.305000066757202,-0.0085277425584286,1.9525434223331164,0.0270246004253298,0.0,0,True,trimmed to avoid junction_approach,,,,,,,,0.152756566325155,0.081350437222342,0.1345226560912298,,,,,,,,65.76197656426191,918.713092375,1515.49763390852,0.9232802377259444,,,,,,,2420.719296875,5613.983170572917,,,,,,,,,,,,,,,,,,,,,376.071298167,,,,,,,,,,,,,,,,,,,,,,,,,,,,,,,,,,,,,,,,,,,,,,,,,,,,,,,,,,,,,,,,,,,,,,,,,,,,,,,,,,,,,,,,,,,,,0.0029930483934353,0.0060937414846008,,,,,,,,,,,,,,,,,,,,,,,,,,,,,,,,,,,,,,,,,,,,,,
junction_crossing,car,car_2e84f0c3e245,1335118206389,1340118208108,1338118207430,5.000001719,1859.105434295984,717185017,unclassified,,3.000004844,0,True,trimmed to avoid pedestrian_crossing; trimmed to avoid roundabout_entry; trimmed to avoid roundabout_traverse,,,,,10.0,0,False,,9.90233325958252,-0.0722082714233289,0.5334265913323553,-0.0101144370931727,0.0,0,True,trimmed to avoid pedestrian_crossing,,,,,0.2301686771647704,0.1113672052970428,0.1936848918128421,0.1233260367236474,0.0701587085509042,0.1074310939153628,,,,66.06461541469976,918.0636806666666,1824.8106736375496,0.8657375780376126,66.70718965950967,906.5453077272726,1382.4028302754534,0.9578058335389432,,,,,2500.574445452009,5628.686401367188,2589.7501747532897,5541.481501850329,,,,,,,,,,,,,,,,,,,,,376.071298167,5.512604562972657,,,,,,,,,,,,,,,,,,,,,,,,,,,,,-0.1049916415635427,-0.1111616378221434,,-0.1068426404411229,,-0.0360954851462594,,-0.0403821539273847,-0.0431366299898976,,-0.0412084967461385,,-0.0089374965674999,,-0.0885656445889517,-0.0808594889507099,,-0.0862537978974792,,0.0152586556574613,,-2.4733597481489937,6.0954587324879554,,0.6425742448099072,,29.72299221926079,,30.912584047619248,-85.7725476666667,,-11.518372939393998,,-286.8146389666666,,-432.6246882353603,-459.5283648338839,,-442.4078433620962,,-813.1944833089813,,0.0920682555013305,0.0920682555013305,,0.0920682555013305,,0.065086617827643,,29.172047800831933,225.7358320264393,,89.17572930128063,,321.3275642108197,,-58.398211854876536,-152.76494729929982,,-87.20489951685886,,-103.96258009525808,,,,,,,,,,,,,,,,,,,,,,,,,,,,,,,,,,,,,,,,,,,,,,,,,
pedestrian_crossing,car,car_2e84f0c3e245,1340118208108,1347118210451,1341118208420,7.000002343,1894.1422013181705,717185017,unclassified,,0.0,0,True,trimmed to avoid junction_approach; trimmed to avoid junction_crossing,,,,,0.0,0,True,trimmed to avoid junction_crossing; trimmed to avoid junction_approach; trimmed to avoid junction_crossing,,,,,10.0,0,False,,10.057900094985962,-0.3985998616064842,1.391604409958458,-0.0465249425417442,,,,,,,0.2415100914090727,0.1524796193268759,0.2557033145804386,,,,,,,,,98.16997119499142,624.2040332500001,1232.5807915762698,0.9230746062414112,,,,,3039.140879529588,5570.343874667553,,,,,,,,,,,,,,,,,,,376.071298167,5.155391932375361,,,,,,,,,,,,,,,,,,,,,,,,,,,,,,,,,,,,,,,,,,,,,,,,,,,,,,,,,,,,,,,,,,,,,,,,,,,,,,,,,,,,,,,,,,,,,,,,,,,,,,,,,,,,,,,,,,,,,,,,,,,,,,,,,,,,,,,,,,,
junction_approach,car,car_2e84f0c3e245,1345118209774,1364118216493,1345118209774,19.000006719,1941.9527237776567,717185017,unclassified,6.251029064563837,13.000008229,0,True,trimmed to avoid roundabout_entry; trimmed to avoid roundabout_traverse,9.400285652705602,-0.0719364420695997,0.9373218662033044,0.026774918253714,10.0,0,False,,10.934666845533584,0.2134814269074423,0.1309440139322231,-0.0123395044085766,10.0,0,False,,9.757800102233888,0.681899815174188,0.0031391335759839,-0.0457999518006457,0.1479820306715989,0.079668361646167,0.1273358165070888,0.1105984668167753,0.0545016966043033,0.15104265992746,0.1310456266924794,0.0651318280153069,0.1392325233349044,66.56949517847896,909.0135305,1477.2045109959029,0.9380769216458008,65.854718470871,932.6729546363636,1456.7986304690314,0.9342609665843276,78.60791843170105,802.3261779999999,1214.1335059299197,0.8937939938710031,2569.450008733486,5561.333023691565,2651.15640063996,5434.490338264628,3194.431635485197,5594.358110608553,,,,,,,,,,,,,,,,,,,376.071298167,,1.3254287583487372,2.265714713505336,0.3575144495282849,1.534381192827981,0.3575144495282849,2.2167915145119466,,0.319936301102842,0.1646033565367427,0.7538362572437878,0.2854178689770421,0.7538362572437878,-0.1951403994655504,,-0.7691162396973374,-0.9367934962791836,-0.9341827326273204,-0.8063778522710812,-0.9341827326273204,-0.934962263731103,,-0.0201796631676489,-0.1053860808935368,-0.0725748700543598,-0.0391144226622906,-0.0725748700543598,-0.0914287286154687,,-0.0573536800401592,0.0092133739109596,-0.0169364039791194,-0.0373835638548235,-0.0169364039791194,-0.0140044602980325,,-0.0305869400031218,-0.0125193567989277,-0.01453653363086,-0.0251666650418636,-0.01453653363086,0.0075175607156693,,-0.0067901794879402,0.0948665635397645,0.0118967068278155,0.0237068434203711,0.0118967068278155,-0.0136968645068561,,-7.300037006083805,10.809428814724754,12.038423253222092,-0.7147767076079532,12.038423253222092,9.592202904275467,,113.20562878571424,-133.0464340000001,-106.68735250000007,23.65942413636367,-106.68735250000007,-64.09290557142867,,81.51175993354036,-198.76175133259244,-263.0710050659834,-20.40588052687144,-263.0710050659834,-7.720533029020999,,-0.0038159550614733,-0.0038159550614732,-0.0442829277747978,-0.0038159550614732,-0.0442829277747978,-0.0481625472346395,,-115.0516822064974,545.4932808870499,624.9816267517112,81.70639190647398,624.9816267517112,1040.0239092698323,,-174.72212466220935,-13.984007229511915,33.025086916987675,-126.84268542693736,33.025086916987675,146.71818534466274,,,,,,,,,,,,,,,,,,,,,,,,,,,,,,,,,,,,,,,,,,,,,,,,,
straight,car,car_2e84f0c3e245,1351118211858,1355118213316,1353118212587,4.000001458,2036.5432699090063,717148552,unclassified,,0.0,0,True,trimmed to avoid junction_approach; trimmed to avoid junction_crossing; trimmed to avoid junction_approach; trimmed to avoid junction_crossing; trimmed to avoid pedestrian_crossing,,,,,4.000001407,0,True,trimmed to avoid pedestrian_crossing,11.016200065612791,-0.285999862967417,,-0.0374999209780604,1.000000364,0,True,trimmed to avoid roundabout_entry; trimmed to avoid pedestrian_crossing,8.346500158309937,-0.7362498938862885,,-0.0553750025436048,,,,0.1434113321969252,0.0683879478925967,0.3083475405046852,0.1976600463435707,0.1058186351920002,0.1038917358036278,,,,,86.85868796559875,691.4607553333334,1336.2277527142835,0.9618225543606336,104.71873590009244,572.969974,1255.683144676915,0.806830761883743,,,3457.8317357113488,5621.0267912212175,2681.5666015625,5540.10751953125,,,,,,,,,,,,,,,,,,,376.071298167,,,,,,,,,,,,,,,,,,,,,,,,,,,,,,,,,,,,,,,,,,,,,,,,,,,,,,,,,,,,,,,,,,,,,,,,,,,,,,,,,,,,,,,,,,,,,0.0150341515572306,0.0150341515572306,,,,,,,,,,,,,,,,,,,,,,,,,,,,,,,,,,,,,,,,,,,,,,
roundabout_entry,car,car_2e84f0c3e245,1357118214045,1357118214045,1357118214045,0.0,2087.3305034932914,718496900,unclassified,,3.594e-06,0,True,trimmed to avoid junction_crossing; trimmed to avoid junction_approach; trimmed to avoid junction_crossing; trimmed to avoid pedestrian_crossing,,,,,10.0,0,False,,9.646800136566162,-0.4360998239631911,2.123577435823444,-0.0458499693081882,10.0,0,False,,6.372999986012776,0.1254814429143123,1.356468414215568,0.1965060433189761,,,,0.2415100914090727,0.1524796193268759,0.2557033145804386,0.3395108917562515,0.2239430769676996,0.1703253921997294,,,,,98.16997119499142,624.2040332500001,1232.5807915762698,0.9230746062414112,98.91846271996512,646.4136562666666,907.4645511897338,0.8273857076261864,,,3039.140879529588,5570.343874667553,2443.8179019325657,5450.962823807566,,,,,,,,,,,,,,,,,,,376.071298167,,,,,,,,,,,,,,,,,,,,,,,,,,,,,,,,,,,,,,,,,,,,,,,,,,,,,,,,,,,,,,,,,,,,,,,,,,,,,,,,,,,,,,,,,,,,,,,,,,,,,,,,,,,,,,,,,,,,,,,,,,,,,,,,,,,,,,,,,,,,
roundabout_exit,car,car_2e84f0c3e245,1357118214045,1357118214045,1357118214045,0.0,2087.3305034932914,718496900,unclassified,,3.594e-06,0,True,trimmed to avoid junction_crossing; trimmed to avoid junction_approach; trimmed to avoid junction_crossing; trimmed to avoid pedestrian_crossing,,,,,10.0,0,False,,9.646800136566162,-0.4360998239631911,2.123577435823444,-0.0458499693081882,10.0,0,False,,6.372999986012776,0.1254814429143123,1.356468414215568,0.1965060433189761,,,,0.2415100914090727,0.1524796193268759,0.2557033145804386,0.3395108917562515,0.2239430769676996,0.1703253921997294,,,,,98.16997119499142,624.2040332500001,1232.5807915762698,0.9230746062414112,98.91846271996512,646.4136562666666,907.4645511897338,0.8273857076261864,,,3039.140879529588,5570.343874667553,2443.8179019325657,5450.962823807566,,,,,,,,,,,,,,,,,,,376.071298167,,,,,,,,,,,,,,,,,,,,,,,,,,,,,,,,,,,,,,,,,,,,,,,,,,,,,,,,,,,,,,,,,,,,,,,,,,,,,,,,,,,,,,,,,,,,,,,,,,,,,,,,,,,,,,,,,,,,,,,,,,,,,,,,,,,,,,,,,,,,
roundabout_traverse,car,car_2e84f0c3e245,1357118214045,1357118214045,1357118214045,0.0,2087.3305034932914,718496900,unclassified,,3.594e-06,0,True,trimmed to avoid junction_crossing; trimmed to avoid junction_approach; trimmed to avoid junction_crossing; trimmed to avoid pedestrian_crossing,,,,,10.0,0,False,,9.646800136566162,-0.4360998239631911,2.123577435823444,-0.0458499693081882,10.0,0,False,,6.372999986012776,0.1254814429143123,1.356468414215568,0.1965060433189761,,,,0.2415100914090727,0.1524796193268759,0.2557033145804386,0.3395108917562515,0.2239430769676996,0.1703253921997294,,,,,98.16997119499142,624.2040332500001,1232.5807915762698,0.9230746062414112,98.91846271996512,646.4136562666666,907.4645511897338,0.8273857076261864,,,3039.140879529588,5570.343874667553,2443.8179019325657,5450.962823807566,,,,,,,,,,,,,,,,,,,376.071298167,,,,,,,,,,,,,,,,,,,,,,,,,,,,,,,,,,,,,,,,,,,,,,,,,,,,,,,,,,,,,,,,,,,,,,,,,,,,,,,,,,,,,,,,,,,,,,,0.0,,,,,,,,,,,,,,,,,,,,,,,,,,,,,,,,,,,,,,,,,,,,,
pedestrian_crossing,car,car_2e84f0c3e245,1356118213680,1366118217170,1359118214722,10.00000349,2103.0605442063006,711388110,unclassified,,6.000005572,0,True,trimmed to avoid junction_crossing; trimmed to avoid junction_approach; trimmed to avoid junction_crossing,11.522500197092691,0.0563054960142359,0.0005109832033972,-0.0782592042200741,10.0,0,False,,10.057900094985962,-0.3985998616064842,1.391604409958458,-0.0465249425417442,3.00000099,0,True,trimmed to avoid junction_approach,9.180000185966492,0.9132497173228988,,-0.0485624904410383,0.1314052805085552,0.0600761614848286,0.1922658176198721,0.1744905807923839,0.0885510251272241,0.2619730376322108,0.1061446749300358,0.0546319762536821,0.1252506262028046,75.91560790858458,798.5860418571428,1280.363668783068,0.938198336266657,92.52980161665062,653.094729875,1124.14958526868,0.9424485803010224,82.71303371226774,776.9231776666666,1429.95965847896,0.9096054905959596,2942.1592320033483,5495.592494419643,3084.939987664474,5562.357067228619,2680.286690848214,5498.797607421875,,,,,,,,,,,,,,,,,,,376.071298167,0.0624184776249388,-0.8760715439206077,-2.837833404541016,-2.3425000111262,-1.4646001021067292,-2.3425000111262,,,-0.3578053670766621,-0.6814720022235224,0.8569442213086628,-0.4549053576207202,0.8569442213086628,,,1.4936348955069518,1.2372812236272237,,1.3910934267550603,,,,0.0613664114142055,-0.0374074210387132,0.0296967137790357,0.0317342616783298,0.0296967137790357,,,0.0406574299397317,0.0487503310867218,-0.0252606055785193,0.0430853002838287,-0.0252606055785193,,,0.0222812295991536,0.0429266764099598,-0.0054441852311465,0.0284748636423955,-0.0054441852311465,,,0.12210871061042,-0.0525629247165174,-0.0670151914170674,0.0697072200123387,-0.0670151914170674,,,11.666451212529822,27.499227198245705,6.7974258036831685,16.61419370806604,6.7974258036831685,,,-112.42964503896098,-218.22697925714292,-21.662864190476284,-145.49131198214286,-21.662864190476284,,,-77.47803779260585,-329.4333841023092,149.59598969589183,-156.214083514388,149.59598969589183,,,0.0236242180939766,-0.0383724988967795,-0.0285928456706975,0.0042502440343654,-0.0285928456706975,,,397.1633517442842,-436.1589457695122,-261.87254115513406,142.78075566112557,-261.87254115513406,,,107.38849220440989,-25.689864435807067,3.205113002231883,66.76457280897557,3.205113002231883,,,,,,,,,,,,,,,,,,,,,,,,,,,,,,,,,,,,,,,,,,,,,,,,,,
straight,car,car_2e84f0c3e245,1358118214357,1360118215087,1359118214722,2.00000073,2103.0605442063006,711388110,unclassified,,1.000003906,0,True,trimmed to avoid junction_crossing; trimmed to avoid junction_approach; trimmed to avoid junction_crossing; trimmed to avoid pedestrian_crossing,11.3604998588562,-0.1247498607369514,,0.0035002262143618,1.000000312,0,True,trimmed to avoid roundabout_entry,6.999500036239624,-0.5832497276398199,2.990255691847647,0.1109999188558588,2.000000677,0,True,trimmed to avoid roundabout_entry,5.70799994468689,-0.1433333080947295,1.6710718968783085,0.2176109408624495,0.2034424825497321,0.1009137784254396,0.6365763598626122,0.303720998720833,0.1695480705013801,0.1210621986269597,0.3105700001853579,0.2031194893131625,0.1397388239009382,,,,,,,,,118.12853181888894,540.0135027499999,615.2858964394632,0.806830761883743,3489.554144965278,5610.5107421875,2055.814208984375,5455.37626953125,2188.960828993056,5379.914279513889,,,,,,,,,,,,,,,,,,,376.071298167,,-1.368785381317139,-4.360999822616577,-5.652499914169312,-4.360999822616577,-5.652499914169312,,,-0.3018928434682424,-0.4584998669028683,-0.018583447357778,-0.4584998669028683,-0.018583447357778,,,,,,,,,,-0.0799287871460527,0.107499692641497,0.2141107146480876,0.107499692641497,0.2141107146480876,,,-0.0294933690938383,0.1002785161711008,0.1071275176356258,0.1002785161711008,0.1071275176356258,,,-0.012160241361062,0.0686342920759404,0.1022057108877228,0.0686342920759404,0.1022057108877228,,,-0.4073108146564825,-0.5155141612356524,-0.4968375359616739,-0.5155141612356524,-0.4968375359616739,,,,,,,,,,,,,,,,,,,,,,,,,,,,,,,-460.0255583175504,-1433.7399359809028,-1300.5933159722222,-1433.7399359809028,-1300.5933159722222,,,-59.91947058475398,-155.13447265625018,-230.5964626736113,-155.13447265625018,-230.5964626736113,,,0.0043613494028155,0.0043613494028155,,,,,,,,,,,,,,,,,,,,,,,,,,,,,,,,,,,,,,,,,,,,,,
roundabout_entry,car,car_2e84f0c3e245,1362118215764,1362118215764,1362118215764,0.0,2125.6373837686256,862981953,unclassified,,5.000005313,0,True,trimmed to avoid junction_crossing; trimmed to avoid junction_approach; trimmed to avoid junction_crossing; trimmed to avoid pedestrian_crossing,10.82366673151652,-0.3100831980983252,1.5508964890271528,-0.0219999359852041,10.0,0,False,,7.46555561489529,-0.4346850582313692,1.6678997850566326,0.0581357458252413,7.000002396,0,True,trimmed to avoid junction_approach,7.513500094413757,0.6712914467025256,1.06351774380927,0.1224686598242916,0.1548938714145224,0.0717288077181918,0.3067905545749157,0.385946477342278,0.293278418121021,0.1659024129561495,0.1974793279452132,0.0833524051940992,0.1905938452607085,86.50781262216402,694.234777,1286.5514090946028,0.9618225543606336,105.83682224197868,604.1773988823528,987.1838317071696,0.8524165832004756,88.6184406756086,698.3675983333333,1163.1213026571722,0.8639278333905299,3387.609852892287,5610.708101313165,2469.450371924867,5481.671677609707,2629.784002130682,5479.202681107955,,,,,,,,,,,,,,,,,,,376.071298167,,-2.8559523537045424,-5.11566678682963,-3.3101666371027623,-3.358111116621229,-3.3101666371027623,,,-0.207845217314941,0.1667498900035957,0.9813746448008508,-0.1246018601330439,0.9813746448008508,,,0.1159459254222543,0.1201754078511556,-0.4873787452178828,0.1170032960294797,-0.4873787452178828,,,0.0345713403712432,0.2396108768476537,0.1444685958094958,0.0801356818104455,0.1444685958094958,,,0.2347286536941152,0.2224751611395831,0.0425854565306907,0.2310526059277556,0.0425854565306907,,,0.222036799767674,0.2204128352181915,0.0116235974759073,0.2215496104028291,0.0116235974759073,,,-0.1227929243811127,-0.1831103151732909,-0.1161967093142071,-0.1408881416187662,-0.1161967093142071,,,13.818040537759174,29.43245293691632,2.110628053444572,19.32900961981464,2.110628053444572,,,-70.23543527272727,-126.39760666666666,4.132821333333254,-90.0573781176472,4.132821333333254,,,-92.37019921090724,-678.8627707110644,-123.4301064374306,-299.3675773874332,-123.4301064374306,,,-0.0845409777146675,-0.1549917924768906,-0.0978947209701037,-0.109405971160158,-0.0978947209701037,,,-863.6910259509991,-1046.5494106489837,-757.8258507616051,-918.1594809674202,-757.8258507616051,,,-81.83239108589169,-240.3030720162897,-131.5054202052097,-129.03642370345733,-131.5054202052097,,,,,,,,,,,,,,,,,,,,,,,,,,,,,,,,,,,,,,,,,,,,,,,,,,
roundabout_exit,car,car_2e84f0c3e245,1362118215764,1362118215764,1362118215764,0.0,2125.6373837686256,862981953,unclassified,,5.000005313,0,True,trimmed to avoid junction_crossing; trimmed to avoid junction_approach; trimmed to avoid junction_crossing; trimmed to avoid pedestrian_crossing,10.82366673151652,-0.3100831980983252,1.5508964890271528,-0.0219999359852041,10.0,0,False,,7.46555561489529,-0.4346850582313692,1.6678997850566326,0.0581357458252413,7.000002396,0,True,trimmed to avoid junction_approach,7.513500094413757,0.6712914467025256,1.06351774380927,0.1224686598242916,0.1548938714145224,0.0717288077181918,0.3067905545749157,0.385946477342278,0.293278418121021,0.1659024129561495,0.1974793279452132,0.0833524051940992,0.1905938452607085,86.50781262216402,694.234777,1286.5514090946028,0.9618225543606336,105.83682224197868,604.1773988823528,987.1838317071696,0.8524165832004756,88.6184406756086,698.3675983333333,1163.1213026571722,0.8639278333905299,3387.609852892287,5610.708101313165,2469.450371924867,5481.671677609707,2629.784002130682,5479.202681107955,,,,,,,,,,,,,,,,,,,376.071298167,,-2.8559523537045424,-5.11566678682963,-3.3101666371027623,-3.358111116621229,-3.3101666371027623,,,-0.207845217314941,0.1667498900035957,0.9813746448008508,-0.1246018601330439,0.9813746448008508,,,0.1159459254222543,0.1201754078511556,-0.4873787452178828,0.1170032960294797,-0.4873787452178828,,,0.0345713403712432,0.2396108768476537,0.1444685958094958,0.0801356818104455,0.1444685958094958,,,0.2347286536941152,0.2224751611395831,0.0425854565306907,0.2310526059277556,0.0425854565306907,,,0.222036799767674,0.2204128352181915,0.0116235974759073,0.2215496104028291,0.0116235974759073,,,-0.1227929243811127,-0.1831103151732909,-0.1161967093142071,-0.1408881416187662,-0.1161967093142071,,,13.818040537759174,29.43245293691632,2.110628053444572,19.32900961981464,2.110628053444572,,,-70.23543527272727,-126.39760666666666,4.132821333333254,-90.0573781176472,4.132821333333254,,,-92.37019921090724,-678.8627707110644,-123.4301064374306,-299.3675773874332,-123.4301064374306,,,-0.0845409777146675,-0.1549917924768906,-0.0978947209701037,-0.109405971160158,-0.0978947209701037,,,-863.6910259509991,-1046.5494106489837,-757.8258507616051,-918.1594809674202,-757.8258507616051,,,-81.83239108589169,-240.3030720162897,-131.5054202052097,-129.03642370345733,-131.5054202052097,,,,,,,,,,,,,,,,,,,,,,,,,,,,,,,,,,,,,,,,,,,,,,,,,,
roundabout_traverse,car,car_2e84f0c3e245,1362118215764,1362118215764,1362118215764,0.0,2125.6373837686256,862981953,unclassified,,5.000005313,0,True,trimmed to avoid junction_crossing; trimmed to avoid junction_approach; trimmed to avoid junction_crossing; trimmed to avoid pedestrian_crossing,10.82366673151652,-0.3100831980983252,1.5508964890271528,-0.0219999359852041,10.0,0,False,,7.46555561489529,-0.4346850582313692,1.6678997850566326,0.0581357458252413,7.000002396,0,True,trimmed to avoid junction_approach,7.513500094413757,0.6712914467025256,1.06351774380927,0.1224686598242916,0.1548938714145224,0.0717288077181918,0.3067905545749157,0.385946477342278,0.293278418121021,0.1659024129561495,0.1974793279452132,0.0833524051940992,0.1905938452607085,86.50781262216402,694.234777,1286.5514090946028,0.9618225543606336,105.83682224197868,604.1773988823528,987.1838317071696,0.8524165832004756,88.6184406756086,698.3675983333333,1163.1213026571722,0.8639278333905299,3387.609852892287,5610.708101313165,2469.450371924867,5481.671677609707,2629.784002130682,5479.202681107955,,,,,,,,,,,,,,,,,,,376.071298167,,-2.8559523537045424,-5.11566678682963,-3.3101666371027623,-3.358111116621229,-3.3101666371027623,,,-0.207845217314941,0.1667498900035957,0.9813746448008508,-0.1246018601330439,0.9813746448008508,,,0.1159459254222543,0.1201754078511556,-0.4873787452178828,0.1170032960294797,-0.4873787452178828,,,0.0345713403712432,0.2396108768476537,0.1444685958094958,0.0801356818104455,0.1444685958094958,,,0.2347286536941152,0.2224751611395831,0.0425854565306907,0.2310526059277556,0.0425854565306907,,,0.222036799767674,0.2204128352181915,0.0116235974759073,0.2215496104028291,0.0116235974759073,,,-0.1227929243811127,-0.1831103151732909,-0.1161967093142071,-0.1408881416187662,-0.1161967093142071,,,13.818040537759174,29.43245293691632,2.110628053444572,19.32900961981464,2.110628053444572,,,-70.23543527272727,-126.39760666666666,4.132821333333254,-90.0573781176472,4.132821333333254,,,-92.37019921090724,-678.8627707110644,-123.4301064374306,-299.3675773874332,-123.4301064374306,,,-0.0845409777146675,-0.1549917924768906,-0.0978947209701037,-0.109405971160158,-0.0978947209701037,,,-863.6910259509991,-1046.5494106489837,-757.8258507616051,-918.1594809674202,-757.8258507616051,,,-81.83239108589169,-240.3030720162897,-131.5054202052097,-129.03642370345733,-131.5054202052097,,,,,0.0,,,,,,,,,,,,,,,,,,,,,,,,,,,,,,,,,,,,,,,,,,,,,
straight,car,car_2e84f0c3e245,1363118216128,1364118216493,1364118216493,1.000000365,2145.330423896396,711388114,unclassified,,6.000005677,0,True,trimmed to avoid junction_approach; trimmed to avoid junction_crossing; trimmed to avoid pedestrian_crossing,10.646428653172084,-0.3014998710624261,1.4941458787103492,-0.0168927928058686,1.000000364,0,True,trimmed to avoid roundabout_entry; trimmed to avoid roundabout_entry,5.361000061035156,0.1156665830631151,1.592947542284851,0.3439997028986107,5.000001667,0,True,trimmed to avoid junction_approach,8.231000105539957,0.8564997345823291,,0.0486249787995186,0.179713248049788,0.0864997765639529,0.3210363722331806,0.3296905402383895,0.1226322545309257,0.204074538263766,0.1614035862983694,0.069899709524751,0.1550320109660611,87.97343809702949,683.2539642222222,1197.282616664823,0.9618225543606338,,,,,89.7381903985415,694.2311311428572,1169.5955497748996,0.8802412823924691,3312.438066755022,5600.13427734375,2201.34443359375,5409.32724609375,2748.604835023272,5499.57752244016,,,,,,,,,,,,,,,,,,,376.071298167,,-4.098428675106593,-5.285428592136928,-2.4154285476321267,-5.285428592136928,-2.4154285476321267,,,-0.1162500054151589,0.4171664541255412,1.1579996056447552,0.4171664541255412,1.1579996056447552,,,0.0820355383099418,0.0988016635745017,,0.0988016635745017,,,,0.1515940850511064,0.3608924957044793,0.0655177716053872,0.3608924957044793,0.0655177716053872,,,0.3528511572948616,0.1499772921886014,-0.0183096617514186,0.1499772921886014,-0.0183096617514186,,,0.3669645727380762,0.0361324779669728,-0.0166000670392018,0.0361324779669728,-0.0166000670392018,,,-0.2022143359565773,-0.1169618339694146,-0.1660043612671195,-0.1169618339694146,-0.1660043612671195,,,2.4133119213122285,,1.7647523015120186,,1.7647523015120186,,,62.581205027777855,,10.977166920635,,10.977166920635,,,-295.8954287383401,,-27.68706688992347,,-27.68706688992347,,,-0.1549917924768907,,-0.0815812719681646,,-0.0815812719681646,,,-1027.422189195755,-1111.093633161272,-563.8332317317509,-1111.093633161272,-563.8332317317509,,,-133.5950633081893,-190.8070312500004,-100.55675490359044,-190.8070312500004,-100.55675490359044,,,0.0001270529947332,0.0001270529947332,,,,,,,,,,,,,,,,,,,,,,,,,,,,,,,,,,,,,,,,,,,,,,
junction_crossing,car,car_2e84f0c3e245,1345118209774,1367118217535,1365118216805,22.000007761,2165.966216287645,711388115,unclassified,,13.000008229,0,True,trimmed to avoid roundabout_entry; trimmed to avoid roundabout_traverse,9.400285652705602,-0.0719364420695997,0.9373218662033044,0.026774918253714,10.0,0,False,,10.934666845533584,0.2134814269074423,0.1309440139322231,-0.0123395044085766,10.0,0,False,,11.463400173187257,0.4083998512894126,0.0026723988560002,-0.1131999322984222,0.1479820306715989,0.079668361646167,0.1273358165070888,0.1105984668167753,0.0545016966043033,0.15104265992746,0.1166676640323348,0.0755610938526687,0.124477572415086,66.56949517847896,909.0135305,1477.2045109959029,0.9380769216458008,65.854718470871,932.6729546363636,1456.7986304690314,0.9342609665843276,75.55687682377656,874.0451951666665,1246.3470972564287,0.9031849260370152,2569.450008733486,5561.333023691565,2651.15640063996,5434.490338264628,3549.804822556516,5681.375727227393,,,,,,,,,,,,,,,,,,,376.071298167,0.0,1.3254287583487372,2.265714713505336,2.063114520481655,1.534381192827981,2.063114520481655,1.9520146097455695,,0.319936301102842,0.1646033565367427,0.4803362933590124,0.2854178689770421,0.4803362933590124,-0.2586634206426121,,-0.7691162396973374,-0.9367934962791836,-0.934649467347304,-0.8063778522710812,-0.934649467347304,-0.93506798355846,,-0.0201796631676489,-0.1053860808935368,-0.1399748505521363,-0.0391144226622906,-0.1399748505521363,-0.0975998727354799,,-0.0573536800401592,0.0092133739109596,-0.031314366639264,-0.0373835638548235,-0.031314366639264,-0.0201406824437059,,-0.0305869400031218,-0.0125193567989277,-0.0041072677934982,-0.0251666650418636,-0.0041072677934982,-0.0015452554729699,,-0.0067901794879402,0.0948665635397645,-0.0028582440920027,0.0237068434203711,-0.0028582440920027,-0.0159020798593087,,-7.300037006083805,10.809428814724754,8.987381645297603,-0.7147767076079532,8.987381645297603,3.547205894069947,,113.20562878571424,-133.0464340000001,-34.96833533333347,23.65942413636367,-34.96833533333347,-44.66682729999991,,81.51175993354036,-198.76175133259244,-230.85741373947417,-20.40588052687144,-230.85741373947417,136.39479366971568,,-0.0038159550614733,-0.0038159550614732,-0.0348919956087857,-0.0038159550614732,-0.0348919956087857,-0.0483343162378255,,-115.0516822064974,545.4932808870499,980.35481382303,81.70639190647398,980.35481382303,907.5532426451904,,-174.72212466220935,-13.984007229511915,120.04270353582795,-126.84268542693736,120.04270353582795,122.1769544793906,,,,,,,,,,,,,,,,,,,,,,,,,,,,,,,,,,,,,,,,,,,,,,,,,
junction_approach,car,car_2e84f0c3e245,1369118218160,1370118218524,1369118218160,1.000000364,2213.3032042240425,69488562,unclassified,19.85409027499585,0.0,0,True,trimmed to avoid pedestrian_crossing; trimmed to avoid roundabout_entry; trimmed to avoid pedestrian_crossing,,,,,3.00000099,0,True,trimmed to avoid pedestrian_crossing,9.180000185966492,0.9132497173228988,,-0.0485624904410383,10.0,0,False,,12.25510015487671,0.1457999686758574,0.0026550542814787,-0.0909749377974625,,,,0.1061446749300358,0.0546319762536821,0.1252506262028046,0.1367372332566792,0.0961688964238083,0.1192645886178595,,,,,82.71303371226774,776.9231776666666,1429.95965847896,0.9096054905959596,77.64344513314728,839.0869747499997,1279.1029034854705,0.8967643614780707,,,2680.286690848214,5498.797607421875,4074.250353224734,5765.598684757314,,,,,,,,,,,,,,,,,,,376.071298167,,,,,,,,,,,,,,,,,,,,,,,,,,,,,,,,,,,,,,,,,,,,,,,,,,,,,,,,,,,,,,,,,,,,,,,,,,,,,,,,,,,,,,,,,,,,,,,,,,,,,,,,,,,,,,,,,,,,,,,,,,,,,,,,,,,,,,,,,,,,
junction_crossing,car,car_2e84f0c3e245,1369118218160,1380118221962,1371118218837,11.000003802,2243.078301484997,137735208,unclassified,,0.0,0,True,trimmed to avoid pedestrian_crossing; trimmed to avoid roundabout_entry; trimmed to avoid pedestrian_crossing,,,,,3.00000099,0,True,trimmed to avoid pedestrian_crossing,9.180000185966492,0.9132497173228988,,-0.0485624904410383,6.000002083,0,True,trimmed to avoid pedestrian_crossing,10.951857430594307,-0.4642855546382317,0.0020968187215908,-0.0972142210759651,,,,0.1061446749300358,0.0546319762536821,0.1252506262028046,0.1073828920313545,0.0550469842594089,0.1076740522963668,,,,,82.71303371226774,776.9231776666666,1429.95965847896,0.9096054905959596,67.91211897123114,885.1580358571429,1611.926137932532,0.8922366224284586,,,2680.286690848214,5498.797607421875,2955.6945072642543,5621.666863692434,,,,,,,,,,,,,,,,,,,376.071298167,4.923065461927852,,,,,,,,,,,,,,,,,,,,,,,,,,,,,,,,,,,,,,,,,,,,,,,,,,,,,,,,,,,,,,,,,,,,,,,,,,,,,,,,,,,,,,,,,,,,,,,,,,,,,,,,,,,,,,,,,,,,,,,,,,,,,,,,,,,,,,,,,,,
straight,car,car_2e84f0c3e245,1371118218837,1389118225087,1380118221962,18.00000625,2357.404971340427,137735208,unclassified,,0.0,0,True,trimmed to avoid pedestrian_crossing; trimmed to avoid junction_approach; trimmed to avoid pedestrian_crossing; trimmed to avoid junction_crossing,,,,,1.000000313,0,True,trimmed to avoid junction_approach; trimmed to avoid pedestrian_crossing; trimmed to avoid junction_crossing; trimmed to avoid junction_approach,11.638500213623049,0.680249704097803,,-0.1841249411509184,5.000001718,0,True,trimmed to avoid roundabout_entry,4.710799932479858,-0.7045997643153139,0.43193767332669,0.1829998921693992,,,,0.111198757577649,0.0711638337860741,0.1273659425319012,0.5863769430005843,0.5241370933271139,0.1354331746999754,,,,,,,,,72.64315876136142,830.6534721666667,1297.3435984219675,0.9421169628381216,,,3403.117621527778,5634.82568359375,3160.545140043218,5785.04308302859,,,,,,,,,,,,,,,,,,,376.071298167,,,,,,,,,,,,,,,,,,,,,,,,,,,,,,,,,,,,,,,,,,,,,,,,,,,,,,,,,,,,,,,,,,,,,,,,,,,,,,,,,,,,,,,,,,,,,1.7357681346948655e-05,1.7357681346948655e-05,,,,,,,,,,,,,,,,,,,,,,,,,,,,,,,,,,,,,,,,,,,,,,
junction_approach,car,car_2e84f0c3e245,1385118223680,1391118225764,1385118223680,6.000002084,2410.997908015609,137735208,unclassified,29.37432913947823,9.00000651,0,True,trimmed to avoid roundabout_entry; trimmed to avoid pedestrian_crossing,10.993900156021118,0.5291998261545203,0.0026668784282417,-0.1048249479163094,10.0,0,False,,11.65510025024414,-0.2722498938117766,0.0023690710760896,-0.0548749529255088,3.000001041,0,True,trimmed to avoid roundabout_entry,3.8239999612172446,-0.4844998511117591,,0.2562497892957037,0.1005323776028806,0.0561138486548759,0.125112223823715,0.1433434202997062,0.0958609554989591,0.1154477656441295,0.7394886287517326,0.6828248104808085,0.1661529424393958,71.83323611711043,868.6140054,1317.3220950670802,0.9096054905959596,77.07589624096312,843.2979470833333,1449.0239107668729,0.8839232323601816,75.59921042490649,794.4084765,1282.4849628914671,0.9421169628381216,3342.8068474264705,5634.310380284926,3699.186757189162,5715.845952460107,3141.667916434152,5783.9473876953125,,,,,,,,,,,,,,,,,,,376.071298167,,1.1326714992523197,-0.4388998508453365,-7.169900194803873,0.6612000942230232,-7.169900194803873,-6.952650225162506,,-0.7038426054504725,-1.029199653836554,-1.0136996772662794,-0.801449719966297,-1.0136996772662794,-0.6437623737733335,,-0.0001124305155591,-0.0007303533042022,,-0.000297807352152,,,,0.0561821416008443,0.035408319567365,0.3610747372120131,0.0499499949908005,0.3610747372120131,0.1250644917619819,,0.0593486948129313,0.0042231877592453,0.6389562511488519,0.0428110426968255,0.6389562511488519,0.147708201205877,,0.0587210429991551,-0.0045254108510848,0.6267109618259324,0.0397471068440831,0.6267109618259324,0.1109747797222383,,-0.0160622086490693,0.0052636262492099,0.0410407186156808,-0.0096644581795855,0.0410407186156808,0.0813527503517375,,9.76600805546414,-3.804035739370221,3.765974307796057,5.242660123852687,3.765974307796057,13.956964481426596,,-45.07094552499996,14.19371609999996,-74.20552889999999,-25.316058316666727,-74.20552889999999,-168.25882654285704,,48.62926882827014,297.84690944283693,-34.83713217561308,131.70181569979263,-34.83713217561308,48.47170940362298,,-0.0256822582357781,-0.0256822582357781,0.0325114722421618,-0.025682258235778,0.0325114722421618,-0.0420478376278207,,709.3986523959725,-475.735697872899,-201.1389309923188,356.3799097626916,-201.1389309923188,-1874.6204562318087,,127.86206437653163,-27.66258801372078,149.6370074103861,81.53557217518028,149.6370074103861,106.58370337392807,,,,,,,,,,,,,,,,,,,,,,,,,,,,,,,,,,,,,,,,,,,,,,,,,
junction_crossing,car,car_2e84f0c3e245,1385118223680,1406118230972,1392118226128,21.000007292,2455.994980618906,137735210,unclassified,,9.00000651,0,True,trimmed to avoid roundabout_entry; trimmed to avoid pedestrian_crossing,10.993900156021118,0.5291998261545203,0.0026668784282417,-0.1048249479163094,10.0,0,False,,11.65510025024414,-0.2722498938117766,0.0023690710760896,-0.0548749529255088,10.0,0,False,,,,,,0.1005323776028806,0.0561138486548759,0.125112223823715,0.1433434202997062,0.0958609554989591,0.1154477656441295,0.1787156716089737,0.0896009950196127,0.188418307342642,71.83323611711043,868.6140054,1317.3220950670802,0.9096054905959596,77.07589624096312,843.2979470833333,1449.0239107668729,0.8839232323601816,79.09127739081136,760.2167467692308,1456.139182514916,0.9776347199072296,3342.8068474264705,5634.310380284926,3699.186757189162,5715.845952460107,1027.487237159242,5715.513593957779,,,,,,,,,,,,,,,,,,,376.071298167,0.0,1.1326714992523197,-0.4388998508453365,,0.6612000942230232,,,,-0.7038426054504725,-1.029199653836554,,-0.801449719966297,,,,-0.0001124305155591,-0.0007303533042022,,-0.000297807352152,,,,0.0561821416008443,0.035408319567365,,0.0499499949908005,,,,0.0593486948129313,0.0042231877592453,0.078183294006093,0.0428110426968255,0.078183294006093,0.1230720076416339,,0.0587210429991551,-0.0045254108510848,0.0334871463647367,0.0397471068440831,0.0334871463647367,0.0869732377693303,,-0.0160622086490693,0.0052636262492099,0.063306083518927,-0.0096644581795855,0.063306083518927,0.0186310610693904,,9.76600805546414,-3.804035739370221,7.258041273700925,5.242660123852687,7.258041273700925,9.733077310970884,,-45.07094552499996,14.19371609999996,-108.39725863076922,-25.316058316666727,-108.39725863076922,-129.34123701538442,,48.62926882827014,297.84690944283693,138.81708744783575,131.70181569979263,138.81708744783575,-148.86309218824,,-0.0256822582357781,-0.0256822582357781,0.06802922931127,-0.025682258235778,0.06802922931127,0.0540478707698565,,709.3986523959725,-475.735697872899,-2315.319610267228,356.3799097626916,-2315.319610267228,-1990.5575798483453,,127.86206437653163,-27.66258801372078,81.20321367285305,81.53557217518028,81.20321367285305,-176.332531748395,,,,,,,,,,,,,,,,,,,,,,,,,,,,,,,,,,,,,,,,,,,,,,,,,
