image_name,image_relative_path,preannotation_relative_path,domain,recording_id,source_frame_index,timestamp_ns,split_group,selection_reason,expected_classes,failure_mode_candidate,hand_visibility_candidate,route_segment,route_progression,pairing_id,image_sha256,preannotation_sha256
car_2e84f0c3e245_002340.jpg,images/car_2e84f0c3e245_002340.jpg,,car,car_2e84f0c3e245,2340,1289259554796,external_validation,"[external_validation] adds 14 previously uncovered strata: cockpit:prominent, domain:car, geometry:turning, hand:left:visible, hand:right:out_of_frame, light:normal","['other_environment', 'pedestrian', 'regulatory_road_marking', 'road_boundary_or_obstacle', 'road_surface', 'traffic_sign', 'two_wheeler', 'vehicle']",,"{'left': 'visible', 'right': 'out_of_frame'}",q2,0.5664984740326751,,8c40f9ee26ad34c9a877c709dbc6359f42fcda1339797dbf0c97113535c27e4e,
car_2e84f0c3e245_002110.jpg,images/car_2e84f0c3e245_002110.jpg,,car,car_2e84f0c3e245,2110,1266262212538,external_validation,"[external_validation] adds 7 previously uncovered strata: geometry:straight, hand:left:partially_visible, hand:right:visible, light:dark, motion:low, route:q1","['other_environment', 'regulatory_road_marking', 'road_boundary_or_obstacle', 'road_surface', 'traffic_sign', 'vehicle']",,"{'left': 'partially_visible', 'right': 'visible'}",q1,0.48087274234624655,,dbc2e897f7d0c3f62a4ec97d3d93de174de5b14641551c04e5d6e95a2726d1ff,
car_2e84f0c3e245_000870.jpg,images/car_2e84f0c3e245_000870.jpg,,car,car_2e84f0c3e245,870,1142271674307,external_validation,"[external_validation] adds 3 previously uncovered strata: hand:right:partially_visible, motion:medium, route:q0","['lane_marking', 'other_environment', 'pedestrian', 'regulatory_road_marking', 'road_boundary_or_obstacle', 'road_surface', 'vehicle']",,"{'left': 'visible', 'right': 'partially_visible'}",q0,0.0,,d258cf48658029fd1237c3e212d865e9934e1371e8da126b0f96b54519ffd742,
car_2e84f0c3e245_002400.jpg,images/car_2e84f0c3e245_002400.jpg,,car,car_2e84f0c3e245,2400,1295258580411,external_validation,"[external_validation] adds 2 previously uncovered strata: cockpit:minimal, hand:left:out_of_frame","['lane_marking', 'other_environment', 'road_boundary_or_obstacle', 'road_surface', 'traffic_sign', 'vehicle']",,"{'left': 'out_of_frame', 'right': 'out_of_frame'}",q2,0.5717370226020317,,691d522f00dda14dbda7be6584006602c49c3dedc7bdd3cc253d1d84747803f2,
car_2e84f0c3e245_003760.jpg,images/car_2e84f0c3e245_003760.jpg,,car,car_2e84f0c3e245,3760,1431249542724,external_validation,"[external_validation] adds 2 previously uncovered strata: hand:right:not_visible, route:q3","['other_environment', 'pedestrian', 'road_boundary_or_obstacle', 'road_surface', 'traffic_sign']",,"{'left': 'visible', 'right': 'not_visible'}",q3,1.0,,b11b6637c16f41fcf279c12b91d3150f9e66dfe28fe2edd4a5a6b9a87dd412dd,
car_2e84f0c3e245_002370.jpg,images/car_2e84f0c3e245_002370.jpg,,car,car_2e84f0c3e245,2370,1292259339693,external_validation,[external_validation] adds 1 previously uncovered strata: light:bright,"['lane_marking', 'other_environment', 'pedestrian', 'road_boundary_or_obstacle', 'road_surface', 'traffic_sign', 'two_wheeler', 'vehicle']",,"{'left': 'visible', 'right': 'out_of_frame'}",q2,0.5699013375958301,,672d493c2678216385504b81639cc1e0bec4a283f8aaf2e052b22801700a5011,
car_2e84f0c3e245_000010.jpg,images/car_2e84f0c3e245_000010.jpg,,car,car_2e84f0c3e245,10,1056278117536,external_validation,[external_validation] adds 1 previously uncovered strata: hand:left:not_visible,"['other_environment', 'regulatory_road_marking', 'road_boundary_or_obstacle', 'road_surface', 'traffic_light', 'vehicle']",,"{'left': 'not_visible', 'right': 'out_of_frame'}",q0,0.0,,a3cc0f083d12ca15bc679e9704c30aeede14d20121d94f77a964d4a77449169f,
car_2e84f0c3e245_001810.jpg,images/car_2e84f0c3e245_001810.jpg,,car,car_2e84f0c3e245,1810,1236264350027,external_validation,[external_validation] adds 1 previously uncovered strata: cockpit:partial,"['other_environment', 'pedestrian', 'road_boundary_or_obstacle', 'road_surface', 'vehicle']",,"{'left': 'visible', 'right': 'out_of_frame'}",q1,0.3409224329978936,,46a463ddb0fc6c2a1e25d2f482e4ec98c408be11471659356464c6abd0cd15db,
car_2e84f0c3e245_001560.jpg,images/car_2e84f0c3e245_001560.jpg,,car,car_2e84f0c3e245,1560,1211266549339,external_validation,[external_validation] extends coverage of already represented conditions,"['lane_marking', 'other_environment', 'pedestrian', 'regulatory_road_marking', 'road_boundary_or_obstacle', 'road_surface', 'traffic_sign', 'vehicle']",,"{'left': 'visible', 'right': 'out_of_frame'}",q1,0.29371805013912444,,e4e0cb6f89b3a6ed864e543129f0469c1f777675f7898ded31d637763d02bc03,
car_2e84f0c3e245_001680.jpg,images/car_2e84f0c3e245_001680.jpg,,car,car_2e84f0c3e245,1680,1223265645495,external_validation,[external_validation] extends coverage of already represented conditions,"['lane_marking', 'other_environment', 'pedestrian', 'regulatory_road_marking', 'road_boundary_or_obstacle', 'road_surface', 'traffic_sign', 'vehicle']",,"{'left': 'visible', 'right': 'out_of_frame'}",q1,0.3282383319508213,,ea902350d327c69c2cfb3e48e2caae7df105bb3aba78e8a0cf2abf89fe2b48a1,
car_2e84f0c3e245_003350.jpg,images/car_2e84f0c3e245_003350.jpg,,car,car_2e84f0c3e245,3350,1390252744912,external_validation,[external_validation] extends coverage of already represented conditions,"['lane_marking', 'other_environment', 'pedestrian', 'regulatory_road_marking', 'road_boundary_or_obstacle', 'road_surface', 'traffic_sign', 'vehicle']",,"{'left': 'visible', 'right': 'out_of_frame'}",q3,0.9789866803146396,,96d095b00391fbf8f78c2f66cd80f0f75ecd8054915d64b784c46027db18717b,
car_2e84f0c3e245_000620.jpg,images/car_2e84f0c3e245_000620.jpg,,car,car_2e84f0c3e245,620,1117273519620,external_validation,[external_validation] extends coverage of already represented conditions,"['lane_marking', 'other_environment', 'regulatory_road_marking', 'road_boundary_or_obstacle', 'road_surface', 'traffic_sign', 'vehicle']",,"{'left': 'partially_visible', 'right': 'visible'}",q0,0.0,,ea062968426ee107e2d2adfd3ab052a0a7bbb897e7c95a8927d9e14f3a0b343b,
car_2e84f0c3e245_000720.jpg,images/car_2e84f0c3e245_000720.jpg,,car,car_2e84f0c3e245,720,1127273001922,external_validation,[external_validation] extends coverage of already represented conditions,"['lane_marking', 'other_environment', 'pedestrian', 'road_boundary_or_obstacle', 'road_surface', 'traffic_sign', 'vehicle']",,"{'left': 'visible', 'right': 'out_of_frame'}",q0,0.0,,a603c469e9ae10e06038fe104ab32e45c2f7cfc06491d99221b2168cb1c01777,
car_2e84f0c3e245_000760.jpg,images/car_2e84f0c3e245_000760.jpg,,car,car_2e84f0c3e245,760,1131272559516,external_validation,[external_validation] extends coverage of already represented conditions,"['lane_marking', 'other_environment', 'pedestrian', 'road_boundary_or_obstacle', 'road_surface', 'traffic_sign', 'vehicle']",,"{'left': 'visible', 'right': 'visible'}",q0,0.0,,e9019422844e5dfd71e1a6b3cad471efd0a0be9a3663a366b687cfe374940286,
car_2e84f0c3e245_000980.jpg,images/car_2e84f0c3e245_000980.jpg,,car,car_2e84f0c3e245,980,1153270909506,external_validation,[external_validation] extends coverage of already represented conditions,"['lane_marking', 'other_environment', 'pedestrian', 'road_boundary_or_obstacle', 'road_surface', 'two_wheeler', 'vehicle']",,"{'left': 'visible', 'right': 'visible'}",q0,0.0,,3065f28321e48770eb77169ecc8221e45817de776d8707d1fe9d027fd84abe47,
car_2e84f0c3e245_001360.jpg,images/car_2e84f0c3e245_001360.jpg,,car,car_2e84f0c3e245,1360,1191268122859,external_validation,[external_validation] extends coverage of already represented conditions,"['lane_marking', 'other_environment', 'pedestrian', 'road_boundary_or_obstacle', 'road_surface', 'traffic_sign', 'vehicle']",,"{'left': 'visible', 'right': 'partially_visible'}",q0,0.16352413562535703,,3d3ab30936e1b853061ed07b8f77e15263cb4096811e1356c160b337fe7310b8,
car_2e84f0c3e245_001610.jpg,images/car_2e84f0c3e245_001610.jpg,,car,car_2e84f0c3e245,1610,1216266170120,external_validation,[external_validation] extends coverage of already represented conditions,"['lane_marking', 'other_environment', 'pedestrian', 'regulatory_road_marking', 'road_boundary_or_obstacle', 'road_surface', 'vehicle']",,"{'left': 'visible', 'right': 'out_of_frame'}",q1,0.3169261314867071,,5b2dc97c1421eb81bc9ceb414261bf223ecfaa17b6a4f89b59e3bddcf14981f0,
car_2e84f0c3e245_001650.jpg,images/car_2e84f0c3e245_001650.jpg,,car,car_2e84f0c3e245,1650,1220265854130,external_validation,[external_validation] extends coverage of already represented conditions,"['lane_marking', 'other_environment', 'pedestrian', 'road_boundary_or_obstacle', 'road_surface', 'traffic_sign', 'vehicle']",,"{'left': 'visible', 'right': 'out_of_frame'}",q1,0.32523210960120696,,a99fb6b32bfe47a340646e54f92b5c72fd4f55dfb7543e7b1cd8f199d497dec2,
car_2e84f0c3e245_002030.jpg,images/car_2e84f0c3e245_002030.jpg,,car,car_2e84f0c3e245,2030,1258262826141,external_validation,[external_validation] extends coverage of already represented conditions,"['lane_marking', 'other_environment', 'regulatory_road_marking', 'road_boundary_or_obstacle', 'road_surface', 'traffic_sign', 'vehicle']",,"{'left': 'visible', 'right': 'visible'}",q1,0.44464406341350393,,602e118031af689abef67b6d4ffcda2a141725264806ea096792a8209bd9de69,
car_2e84f0c3e245_002490.jpg,images/car_2e84f0c3e245_002490.jpg,,car,car_2e84f0c3e245,2490,1304258680370,external_validation,[external_validation] extends coverage of already represented conditions,"['lane_marking', 'other_environment', 'pedestrian', 'road_boundary_or_obstacle', 'road_surface', 'traffic_sign', 'vehicle']",,"{'left': 'visible', 'right': 'out_of_frame'}",q2,0.5998973673846895,,7247cf2ec9fcc660baab83a06dbf28d9ed027f5613a053bf494de924b66a42c4,
car_2e84f0c3e245_002590.jpg,images/car_2e84f0c3e245_002590.jpg,,car,car_2e84f0c3e245,2590,1314257136401,external_validation,[external_validation] extends coverage of already represented conditions,"['lane_marking', 'other_environment', 'pedestrian', 'road_boundary_or_obstacle', 'road_surface', 'traffic_sign', 'vehicle']",,"{'left': 'visible', 'right': 'out_of_frame'}",q2,0.6496504566916403,,4e812bf37d2be47eac0361a6106dd1f57df26ea26c668e8ac564ee57f1d45d20,
car_2e84f0c3e245_002660.jpg,images/car_2e84f0c3e245_002660.jpg,,car,car_2e84f0c3e245,2660,1321257887838,external_validation,[external_validation] extends coverage of already represented conditions,"['lane_marking', 'other_environment', 'pedestrian', 'road_boundary_or_obstacle', 'road_surface', 'traffic_sign', 'vehicle']",,"{'left': 'visible', 'right': 'out_of_frame'}",q2,0.6735568433177518,,93a69cd8ac1cc3a8ddb4e64d1d579d462aa9e3356d32712ce2c286d685b2fce4,
car_2e84f0c3e245_002760.jpg,images/car_2e84f0c3e245_002760.jpg,,car,car_2e84f0c3e245,2760,1331257241359,external_validation,[external_validation] extends coverage of already represented conditions,"['lane_marking', 'other_environment', 'pedestrian', 'road_boundary_or_obstacle', 'road_surface', 'traffic_sign', 'vehicle']",,"{'left': 'visible', 'right': 'partially_visible'}",q2,0.712051762652842,,38ddce1e7573f25cff1e04b330fddb3ded2bc39f9804ff128dd2217d5fa412b2,
car_2e84f0c3e245_002930.jpg,images/car_2e84f0c3e245_002930.jpg,,car,car_2e84f0c3e245,2930,1348256117932,external_validation,[external_validation] extends coverage of already represented conditions,"['lane_marking', 'other_environment', 'pedestrian', 'regulatory_road_marking', 'road_boundary_or_obstacle', 'road_surface', 'vehicle']",,"{'left': 'visible', 'right': 'out_of_frame'}",q3,0.7985392137122708,,b479bcbe31abb2a685f167fe1dc2a8ac50ee645e4c7d3a57dfa3a5facd12180a,
car_2e84f0c3e245_002970.jpg,images/car_2e84f0c3e245_002970.jpg,,car,car_2e84f0c3e245,2970,1352255737921,external_validation,[external_validation] extends coverage of already represented conditions,"['lane_marking', 'other_environment', 'pedestrian', 'regulatory_road_marking', 'road_boundary_or_obstacle', 'road_surface', 'vehicle']",,"{'left': 'visible', 'right': 'out_of_frame'}",q3,0.8169633039408656,,d5a187530fb68011d4aa7d611d03761150450793c13cf1812e85786457d5bb23,
car_2e84f0c3e245_003000.jpg,images/car_2e84f0c3e245_003000.jpg,,car,car_2e84f0c3e245,3000,1355255193600,external_validation,[external_validation] extends coverage of already represented conditions,"['lane_marking', 'other_environment', 'pedestrian', 'road_boundary_or_obstacle', 'road_surface', 'traffic_sign', 'vehicle']",,"{'left': 'visible', 'right': 'out_of_frame'}",q3,0.828674350886004,,30ac81d4661de4b5103a8a7c11b5e98a28b7014325818a1835532c27a5ecabcf,
car_2e84f0c3e245_003090.jpg,images/car_2e84f0c3e245_003090.jpg,,car,car_2e84f0c3e245,3090,1364254534069,external_validation,[external_validation] extends coverage of already represented conditions,"['lane_marking', 'other_environment', 'pedestrian', 'road_boundary_or_obstacle', 'road_surface', 'traffic_sign', 'vehicle']",,"{'left': 'visible', 'right': 'out_of_frame'}",q3,0.8538791640843425,,0da866387934dfdbb5c23e0750ad3087b7917541e14e62e38d042421a7b02bf3,
car_2e84f0c3e245_000320.jpg,images/car_2e84f0c3e245_000320.jpg,,car,car_2e84f0c3e245,320,1087275350725,external_validation,[external_validation] extends coverage of already represented conditions,"['lane_marking', 'other_environment', 'pedestrian', 'road_boundary_or_obstacle', 'road_surface', 'vehicle']",,"{'left': 'out_of_frame', 'right': 'out_of_frame'}",q0,0.0,,8ac6fccdee6e3c939c799545c74bf661756005fa70831f2ff269dcc2b0360d57,
car_2e84f0c3e245_000790.jpg,images/car_2e84f0c3e245_000790.jpg,,car,car_2e84f0c3e245,790,1134272306548,external_validation,[external_validation] extends coverage of already represented conditions,"['lane_marking', 'other_environment', 'pedestrian', 'road_boundary_or_obstacle', 'road_surface', 'vehicle']",,"{'left': 'visible', 'right': 'out_of_frame'}",q0,0.0,,c79e0e09428e1a3528490e547402bdd7b95e3232c2814708f31488b9e960085c,
car_2e84f0c3e245_000920.jpg,images/car_2e84f0c3e245_000920.jpg,,car,car_2e84f0c3e245,920,1147271016974,external_validation,[external_validation] extends coverage of already represented conditions,"['lane_marking', 'other_environment', 'pedestrian', 'road_boundary_or_obstacle', 'road_surface', 'vehicle']",,"{'left': 'visible', 'right': 'visible'}",q0,0.0,,911d9e47bcd122c57a6ab2b86a5402c1ee27d34973284f8f0230e27f76dec1e2,
car_2e84f0c3e245_003730.jpg,images/car_2e84f0c3e245_003730.jpg,,car,car_2e84f0c3e245,3730,1428249637953,cockpit_training,[cockpit_training] extends coverage of already represented conditions,"['lane_marking', 'other_environment', 'pedestrian', 'road_boundary_or_obstacle', 'road_surface']",,"{'left': 'visible', 'right': 'out_of_frame'}",q3,1.0,,13e76d2ea758a5f181e8a7ab912fd9e10dd116638739ab46539d2d4ce122470b,
car_2e84f0c3e245_003710.jpg,images/car_2e84f0c3e245_003710.jpg,,car,car_2e84f0c3e245,3710,1426249379381,cockpit_training,[cockpit_training] extends coverage of already represented conditions,"['other_environment', 'pedestrian', 'road_boundary_or_obstacle', 'road_surface', 'traffic_sign']",,"{'left': 'visible', 'right': 'out_of_frame'}",q3,1.0,,c9d358df4ce85afc0dda86d9ea189d981ae4def608a9fbeb777555c1da7534eb,
car_2e84f0c3e245_002440.jpg,images/car_2e84f0c3e245_002440.jpg,,car,car_2e84f0c3e245,2440,1299258276402,cockpit_training,[cockpit_training] extends coverage of already represented conditions,"['lane_marking', 'other_environment', 'road_boundary_or_obstacle', 'road_surface', 'vehicle']",,"{'left': 'visible', 'right': 'out_of_frame'}",q2,0.5793415136551976,,eb942d7845f99ecfc46ab8b405e38c83bd2d998e478463d3373d30808ebe9840,
car_2e84f0c3e245_003640.jpg,images/car_2e84f0c3e245_003640.jpg,,car,car_2e84f0c3e245,3640,1419249495099,cockpit_training,[cockpit_training] extends coverage of already represented conditions,"['other_environment', 'road_boundary_or_obstacle', 'road_surface', 'vehicle']",,"{'left': 'out_of_frame', 'right': 'out_of_frame'}",q3,1.0,,05d3d86f2dd5831a159f7db62a229259439df1587303e3897e07c3ea2d2e9f7b,
car_2e84f0c3e245_001850.jpg,images/car_2e84f0c3e245_001850.jpg,,car,car_2e84f0c3e245,1850,1240264369296,cockpit_training,[cockpit_training] extends coverage of already represented conditions,"['other_environment', 'road_boundary_or_obstacle', 'road_surface', 'vehicle']",,"{'left': 'visible', 'right': 'partially_visible'}",q1,0.35549596138732314,,32da30eb8d591f8dc8a47bbf8bc03873ef07ae9abf40784262b9c049566bab62,
car_2e84f0c3e245_002260.jpg,images/car_2e84f0c3e245_002260.jpg,,car,car_2e84f0c3e245,2260,1281260611423,cockpit_training,[cockpit_training] extends coverage of already represented conditions,"['lane_marking', 'other_environment', 'pedestrian', 'road_boundary_or_obstacle', 'road_surface', 'vehicle']",,"{'left': 'visible', 'right': 'partially_visible'}",q2,0.5543351153933821,,27644fcc1d42d6d687b5976772dea34bc766a35b6835c5e3af03b8af853ddd18,
car_2e84f0c3e245_001470.jpg,images/car_2e84f0c3e245_001470.jpg,,car,car_2e84f0c3e245,1470,1202267029255,cockpit_training,[cockpit_training] extends coverage of already represented conditions,"['lane_marking', 'other_environment', 'pedestrian', 'road_boundary_or_obstacle', 'road_surface', 'vehicle']",,"{'left': 'visible', 'right': 'partially_visible'}",q0,0.23840614346078146,,b737523fcade5a02df455da93d89dcafda025b68028a03b891db7595aeb0db0a,
car_2e84f0c3e245_002800.jpg,images/car_2e84f0c3e245_002800.jpg,,car,car_2e84f0c3e245,2800,1335256614579,cockpit_training,[cockpit_training] extends coverage of already represented conditions,"['other_environment', 'pedestrian', 'road_boundary_or_obstacle', 'road_surface', 'traffic_sign', 'vehicle']",,"{'left': 'visible', 'right': 'out_of_frame'}",q2,0.7312099102026837,,2af2bf85b5c0ad6328f21030a01cf7ddc465a4ed5b247cffa22756e6869cb57c,
car_2e84f0c3e245_002550.jpg,images/car_2e84f0c3e245_002550.jpg,,car,car_2e84f0c3e245,2550,1310258685849,cockpit_training,[cockpit_training] extends coverage of already represented conditions,"['lane_marking', 'other_environment', 'pedestrian', 'road_boundary_or_obstacle', 'road_surface', 'vehicle']",,"{'left': 'visible', 'right': 'out_of_frame'}",q2,0.6268287778327624,,5496ca4fcb47973fc1e5adcf05808bc9b57c665d0c9b59b9fb6a0c36ef89d06c,
car_2e84f0c3e245_001250.jpg,images/car_2e84f0c3e245_001250.jpg,,car,car_2e84f0c3e245,1250,1180268830536,cockpit_training,[cockpit_training] extends coverage of already represented conditions,"['lane_marking', 'other_environment', 'road_boundary_or_obstacle', 'road_surface', 'vehicle']",,"{'left': 'visible', 'right': 'visible'}",q0,0.08085446194778512,,e2323899a5dca37c06004a956409ef6e236bf7b131ff8a9bc919ea8f7cb3cebf,
car_2e84f0c3e245_001760.jpg,images/car_2e84f0c3e245_001760.jpg,,car,car_2e84f0c3e245,1760,1231264855662,cockpit_training,[cockpit_training] extends coverage of already represented conditions,"['other_environment', 'pedestrian', 'road_boundary_or_obstacle', 'road_surface', 'vehicle']",,"{'left': 'visible', 'right': 'not_visible'}",q1,0.3325789499865,,9c363697dfb9bdbac8dcfb55de4398447e1566e6dc20f69251f135c80e4fe28e,
car_2e84f0c3e245_003400.jpg,images/car_2e84f0c3e245_003400.jpg,,car,car_2e84f0c3e245,3400,1395252351807,cockpit_training,[cockpit_training] extends coverage of already represented conditions,"['other_environment', 'pedestrian', 'road_boundary_or_obstacle', 'road_surface', 'vehicle']",,"{'left': 'visible', 'right': 'visible'}",q3,0.98687717652271,,ece809a247f2e2ac4d750cf59be1f78a52eddb6fc6e2049d8386c577871e0d9c,
car_2e84f0c3e245_003240.jpg,images/car_2e84f0c3e245_003240.jpg,,car,car_2e84f0c3e245,3240,1379253809881,cockpit_training,[cockpit_training] extends coverage of already represented conditions,"['lane_marking', 'other_environment', 'pedestrian', 'road_boundary_or_obstacle', 'road_surface', 'vehicle']",,"{'left': 'visible', 'right': 'out_of_frame'}",q3,0.9346982570136254,,5be1ac8ef33b8256bcceb3758a9fe8d1fb77dc2a6ffd860e1d7fe3b2f1924c32,
car_2e84f0c3e245_000660.jpg,images/car_2e84f0c3e245_000660.jpg,,car,car_2e84f0c3e245,660,1121272925787,cockpit_training,[cockpit_training] extends coverage of already represented conditions,"['other_environment', 'pedestrian', 'road_boundary_or_obstacle', 'road_surface', 'vehicle']",,"{'left': 'visible', 'right': 'visible'}",q0,0.0,,650eecfb88a5eb4da18fb68810709effac086febbd27c9cdd4b97155eae716be,
car_2e84f0c3e245_003310.jpg,images/car_2e84f0c3e245_003310.jpg,,car,car_2e84f0c3e245,3310,1386253036652,cockpit_training,[cockpit_training] extends coverage of already represented conditions,"['lane_marking', 'other_environment', 'pedestrian', 'road_boundary_or_obstacle', 'road_surface', 'vehicle']",,"{'left': 'visible', 'right': 'out_of_frame'}",q3,0.9680807740977627,,008422f0b247f44c15c63130344491abb42c28fb93d6484dcfef2aed46a708af,
car_2e84f0c3e245_002520.jpg,images/car_2e84f0c3e245_002520.jpg,,car,car_2e84f0c3e245,2520,1307258515756,cockpit_training,[cockpit_training] extends coverage of already represented conditions,"['lane_marking', 'other_environment', 'pedestrian', 'road_boundary_or_obstacle', 'road_surface', 'vehicle']",,"{'left': 'visible', 'right': 'out_of_frame'}",q2,0.6096926052653721,,980156c82bc167a607c86ddb567657c8e5d948c169b1627edfa9441d6b9f6094,
car_2e84f0c3e245_002460.jpg,images/car_2e84f0c3e245_002460.jpg,,car,car_2e84f0c3e245,2460,1301259009683,cockpit_training,[cockpit_training] extends coverage of already represented conditions,"['lane_marking', 'other_environment', 'pedestrian', 'road_boundary_or_obstacle', 'road_surface', 'vehicle']",,"{'left': 'visible', 'right': 'out_of_frame'}",q2,0.5879999990248586,,323e26d61d6c251c4f0132956aeef861d03a83fe09609a1b9300de25715306c4,
car_2e84f0c3e245_003030.jpg,images/car_2e84f0c3e245_003030.jpg,,car,car_2e84f0c3e245,3030,1358254693162,cockpit_training,[cockpit_training] extends coverage of already represented conditions,"['other_environment', 'pedestrian', 'road_boundary_or_obstacle', 'road_surface', 'traffic_sign', 'vehicle']",,"{'left': 'visible', 'right': 'out_of_frame'}",q3,0.8374826677543055,,c1587aa6459067ce85c287ad0636e42eda983784310a52f6d31cc0550c42904b,
car_2e84f0c3e245_000690.jpg,images/car_2e84f0c3e245_000690.jpg,,car,car_2e84f0c3e245,690,1124272792714,cockpit_training,[cockpit_training] extends coverage of already represented conditions,"['other_environment', 'road_boundary_or_obstacle', 'road_surface', 'vehicle']",,"{'left': 'partially_visible', 'right': 'partially_visible'}",q0,0.0,,7778b4980b2bf2ae6d777a0a33a699371be5b84fad8f1b9bf63c732ee720a0a9,
car_2e84f0c3e245_003060.jpg,images/car_2e84f0c3e245_003060.jpg,,car,car_2e84f0c3e245,3060,1361254376475,cockpit_training,[cockpit_training] extends coverage of already represented conditions,"['lane_marking', 'other_environment', 'road_boundary_or_obstacle', 'road_surface', 'vehicle']",,"{'left': 'out_of_frame', 'right': 'out_of_frame'}",q3,0.8449916351932272,,694529d59636eb74745a468a6d3d3e3d47e1cf7cd8d6e1b92b56c136ffc871d9,
car_2e84f0c3e245_003440.jpg,images/car_2e84f0c3e245_003440.jpg,,car,car_2e84f0c3e245,3440,1399251908224,cockpit_training,[cockpit_training] extends coverage of already represented conditions,"['lane_marking', 'other_environment', 'road_boundary_or_obstacle', 'road_surface', 'vehicle']",,"{'left': 'visible', 'right': 'out_of_frame'}",q3,0.9944609982609859,,1a15a144e76d579c51bf368d8fab07d87c4abc1f88795f68eabbc1b72495eb5e,
car_2e84f0c3e245_002630.jpg,images/car_2e84f0c3e245_002630.jpg,,car,car_2e84f0c3e245,2630,1318257262182,cockpit_training,[cockpit_training] extends coverage of already represented conditions,"['other_environment', 'pedestrian', 'road_boundary_or_obstacle', 'road_surface', 'vehicle']",,"{'left': 'visible', 'right': 'out_of_frame'}",q2,0.6654406626762606,,dce0377b6de03f1d3d256aaf0f2f556a746245b231842e0d6fbe17c48b6056fb,
car_2e84f0c3e245_001790.jpg,images/car_2e84f0c3e245_001790.jpg,,car,car_2e84f0c3e245,1790,1234264173182,cockpit_training,[cockpit_training] extends coverage of already represented conditions,"['other_environment', 'pedestrian', 'road_boundary_or_obstacle', 'road_surface', 'traffic_sign', 'vehicle']",,"{'left': 'visible', 'right': 'out_of_frame'}",q1,0.33639653258630625,,fe1665d20da370fb9fac465d6989e0b5a65ff007204f3b5a7fc60ad94f912e7b,
car_2e84f0c3e245_001210.jpg,images/car_2e84f0c3e245_001210.jpg,,car,car_2e84f0c3e245,1210,1176267711349,cockpit_training,[cockpit_training] extends coverage of already represented conditions,"['lane_marking', 'other_environment', 'pedestrian', 'road_boundary_or_obstacle', 'road_surface', 'vehicle']",,"{'left': 'visible', 'right': 'visible'}",q0,0.06019577217557601,,ad50c5d52fed38f2ac18ab5938163bfd3e24f39483fc27961ccdbd67b9cfda46,
car_2e84f0c3e245_002310.jpg,images/car_2e84f0c3e245_002310.jpg,,car,car_2e84f0c3e245,2310,1286260326308,cockpit_training,[cockpit_training] extends coverage of already represented conditions,"['other_environment', 'road_boundary_or_obstacle', 'road_surface', 'traffic_sign', 'vehicle']",,"{'left': 'visible', 'right': 'visible'}",q2,0.5641739925480451,,d602d17e93ddd688a85f89d040f3135c3686eef3cc3237d1d1370a7bc75e8539,
car_2e84f0c3e245_000140.jpg,images/car_2e84f0c3e245_000140.jpg,,car,car_2e84f0c3e245,140,1069277105735,cockpit_training,[cockpit_training] extends coverage of already represented conditions,"['other_environment', 'pedestrian', 'road_boundary_or_obstacle', 'road_surface', 'vehicle']",,"{'left': 'visible', 'right': 'out_of_frame'}",q0,0.0,,6d8558de27a064c069b0b687370590f15edcab010e6a54ae9dccb954eafa9c2f,
car_2e84f0c3e245_002070.jpg,images/car_2e84f0c3e245_002070.jpg,,car,car_2e84f0c3e245,2070,1262262585402,cockpit_training,[cockpit_training] extends coverage of already represented conditions,"['lane_marking', 'other_environment', 'road_boundary_or_obstacle', 'road_surface', 'vehicle']",,"{'left': 'visible', 'right': 'visible'}",q1,0.46176855345174617,,947937ace99e38b0bc7196ebd9b22fd6a01a79f27e2706b3fc980dc2f8dfa6eb,
car_2e84f0c3e245_001720.jpg,images/car_2e84f0c3e245_001720.jpg,,car,car_2e84f0c3e245,1720,1227265500412,cockpit_training,[cockpit_training] extends coverage of already represented conditions,"['lane_marking', 'other_environment', 'road_boundary_or_obstacle', 'road_surface', 'vehicle']",,"{'left': 'out_of_frame', 'right': 'out_of_frame'}",q1,0.33159581348186734,,efcd57531510173718047b1ccf8496f1d74d31257e9535cd2a715caf3dd0e3aa,
car_2e84f0c3e245_003480.jpg,images/car_2e84f0c3e245_003480.jpg,,car,car_2e84f0c3e245,3480,1403251294516,cockpit_training,[cockpit_training] extends coverage of already represented conditions,"['lane_marking', 'other_environment', 'road_boundary_or_obstacle', 'road_surface', 'vehicle']",,"{'left': 'out_of_frame', 'right': 'out_of_frame'}",q3,1.0,,dc7950b1f048432bd764692aab8fb4b3d245b8128cf0c16267991d7bfc00c60f,
car_2e84f0c3e245_001880.jpg,images/car_2e84f0c3e245_001880.jpg,,car,car_2e84f0c3e245,1880,1243264097391,cockpit_training,[cockpit_training] extends coverage of already represented conditions,"['lane_marking', 'other_environment', 'road_boundary_or_obstacle', 'road_surface', 'vehicle']",,"{'left': 'visible', 'right': 'visible'}",q1,0.3725330316181016,,dd75cc48473d4fa2ca2060bb1bc9f0dbb84c0c652e6056688e4ab67ba4aef69e,
car_2e84f0c3e245_002690.jpg,images/car_2e84f0c3e245_002690.jpg,,car,car_2e84f0c3e245,2690,1324257691297,cockpit_training,[cockpit_training] extends coverage of already represented conditions,"['lane_marking', 'other_environment', 'pedestrian', 'road_boundary_or_obstacle', 'road_surface', 'vehicle']",,"{'left': 'visible', 'right': 'partially_visible'}",q2,0.6855200043312296,,fcb3eed31ff8cf3d3014649e97c432051e556e3d876dddc158894bf40d427453,
car_2e84f0c3e245_003550.jpg,images/car_2e84f0c3e245_003550.jpg,,car,car_2e84f0c3e245,3550,1410249926819,cockpit_training,[cockpit_training] extends coverage of already represented conditions,"['lane_marking', 'other_environment', 'road_boundary_or_obstacle', 'road_surface', 'traffic_sign', 'vehicle']",,"{'left': 'out_of_frame', 'right': 'out_of_frame'}",q3,1.0,,604b7efe3398d4edcb65e4de18cf8eef0049406f6681908702aca1bb5a2969f5,
car_2e84f0c3e245_000240.jpg,images/car_2e84f0c3e245_000240.jpg,,car,car_2e84f0c3e245,240,1079276279266,cockpit_training,[cockpit_training] extends coverage of already represented conditions,"['other_environment', 'road_boundary_or_obstacle', 'road_surface', 'vehicle']",,"{'left': 'out_of_frame', 'right': 'out_of_frame'}",q0,0.0,,de901a978333ff5f374fd26ad9d9327aa236b9f22542e9b261d4e4fc79b57d11,
car_2e84f0c3e245_001140.jpg,images/car_2e84f0c3e245_001140.jpg,,car,car_2e84f0c3e245,1140,1169269411943,cockpit_training,[cockpit_training] extends coverage of already represented conditions,"['lane_marking', 'other_environment', 'road_boundary_or_obstacle', 'road_surface', 'vehicle']",,"{'left': 'visible', 'right': 'visible'}",q0,0.012530418440680185,,0339cdfe0b5b40c1ca16152e8a179f0e0ce2f76be3fe69bd79c04696784b745a,
car_2e84f0c3e245_001440.jpg,images/car_2e84f0c3e245_001440.jpg,,car,car_2e84f0c3e245,1440,1199267415006,cockpit_training,[cockpit_training] extends coverage of already represented conditions,"['other_environment', 'pedestrian', 'road_boundary_or_obstacle', 'road_surface', 'traffic_sign', 'vehicle']",,"{'left': 'visible', 'right': 'partially_visible'}",q0,0.21852579396422647,,aba15e0e8cc32f3d73cebab02d42db079dca74d55ef23899493659a3ddd87ae9,
car_2e84f0c3e245_000480.jpg,images/car_2e84f0c3e245_000480.jpg,,car,car_2e84f0c3e245,480,1103274264569,cockpit_training,[cockpit_training] extends coverage of already represented conditions,"['other_environment', 'road_boundary_or_obstacle', 'road_surface', 'vehicle']",,"{'left': 'out_of_frame', 'right': 'out_of_frame'}",q0,0.0,,567a07012bd9f56410826226f3da792dc72dfbfe4d694602e811409a87b10114,
car_2e84f0c3e245_001970.jpg,images/car_2e84f0c3e245_001970.jpg,,car,car_2e84f0c3e245,1970,1252263281766,cockpit_training,[cockpit_training] extends coverage of already represented conditions,"['lane_marking', 'other_environment', 'road_boundary_or_obstacle', 'road_surface', 'traffic_sign', 'vehicle']",,"{'left': 'visible', 'right': 'out_of_frame'}",q1,0.4202354948935874,,3dc4a2529223168f9009eb6139b8c93153441bcda2507f55001664a0a8805e4f,
car_2e84f0c3e245_000560.jpg,images/car_2e84f0c3e245_000560.jpg,,car,car_2e84f0c3e245,560,1111273999391,cockpit_training,[cockpit_training] extends coverage of already represented conditions,"['lane_marking', 'other_environment', 'road_boundary_or_obstacle', 'road_surface', 'vehicle']",,"{'left': 'out_of_frame', 'right': 'out_of_frame'}",q0,0.0,,71a7f979699685a0263b597176cdb8539105bfa285e9aa9d9da28e8290b77ac6,
car_2e84f0c3e245_003690.jpg,images/car_2e84f0c3e245_003690.jpg,,car,car_2e84f0c3e245,3690,1424249234360,cockpit_training,[cockpit_training] extends coverage of already represented conditions,"['other_environment', 'road_boundary_or_obstacle', 'road_surface', 'vehicle']",,"{'left': 'out_of_frame', 'right': 'out_of_frame'}",q3,1.0,,da85682103ee75e3b8bf5cc3fc2e9c3dbda80b16929d7086f9c6f73ff78d9d28,
car_2e84f0c3e245_000530.jpg,images/car_2e84f0c3e245_000530.jpg,,car,car_2e84f0c3e245,530,1108272766401,cockpit_training,[cockpit_training] extends coverage of already represented conditions,"['other_environment', 'road_boundary_or_obstacle', 'road_surface', 'vehicle']",,"{'left': 'out_of_frame', 'right': 'out_of_frame'}",q0,0.0,,79e865b6ec4e39a8676955ed7523e58a18425b155c4668a42e6f84b2432e7cb6,
motorcycle_5ab8604a14df_001439.jpg,images/motorcycle_5ab8604a14df_001439.jpg,,motorcycle,motorcycle_5ab8604a14df,1439,2270820429935,external_validation,"[external_validation] adds 15 previously uncovered strata: cockpit:partial, domain:motorcycle, geometry:straight, hand:left:not_visible, hand:right:not_visible, light:normal","['lane_marking', 'other_environment', 'pedestrian', 'road_boundary_or_obstacle', 'road_surface', 'two_wheeler', 'vehicle']",,"{'left': 'not_visible', 'right': 'not_visible'}",q0,0.04564144829528547,,a69a31d3785b2d1a5a947eef524a3a4e08d2101a2393a094ab93fdd028f188d4,
motorcycle_5ab8604a14df_004049.jpg,images/motorcycle_5ab8604a14df_004049.jpg,,motorcycle,motorcycle_5ab8604a14df,4049,2444806970394,external_validation,"[external_validation] adds 7 previously uncovered strata: cockpit:minimal, hand:left:out_of_frame, hand:right:out_of_frame, light:bright, motion:medium, route:q1","['lane_marking', 'other_environment', 'road_boundary_or_obstacle', 'road_surface', 'vehicle']",,"{'left': 'out_of_frame', 'right': 'out_of_frame'}",q1,0.27976189822587066,,b0a48cdf3c24e7083582f30052e2b7d4b828aef8685b1ffc58cd00320eb6b3a0,
motorcycle_5ab8604a14df_014415.jpg,images/motorcycle_5ab8604a14df_014415.jpg,,motorcycle,motorcycle_5ab8604a14df,14415,3135815587623,external_validation,"[external_validation] adds 5 previously uncovered strata: geometry:turning, hand:left:partially_visible, hand:right:visible, motion:high, route:q3","['other_environment', 'road_boundary_or_obstacle', 'road_surface', 'traffic_sign', 'two_wheeler']",,"{'left': 'partially_visible', 'right': 'visible'}",q3,1.0,,e377debde32d64f6210b44acb2b976eec9df2ab4c49879f2d5242011094ebd6c,
motorcycle_5ab8604a14df_007110.jpg,images/motorcycle_5ab8604a14df_007110.jpg,,motorcycle,motorcycle_5ab8604a14df,7110,2648857209321,external_validation,"[external_validation] adds 2 previously uncovered strata: hand:left:visible, route:q2","['lane_marking', 'other_environment', 'road_boundary_or_obstacle', 'road_surface', 'two_wheeler', 'vehicle']",,"{'left': 'visible', 'right': 'not_visible'}",q2,0.504719431731389,,28204c67f8f83d2d40ab4578d2d2028f13fa5cbbd681add0ba0f1e2ccc49bc23,
motorcycle_5ab8604a14df_013950.jpg,images/motorcycle_5ab8604a14df_013950.jpg,,motorcycle,motorcycle_5ab8604a14df,13950,3104821549760,external_validation,[external_validation] adds 1 previously uncovered strata: cockpit:prominent,"['lane_marking', 'other_environment', 'pedestrian', 'road_boundary_or_obstacle', 'road_surface', 'two_wheeler', 'vehicle']",,"{'left': 'out_of_frame', 'right': 'not_visible'}",q3,0.9709789103401247,,14deeb2e29772797ff60c4da1d6a42698b0fc7d8b0a1e0fed22b2ade1dce0de0,
motorcycle_5ab8604a14df_006344.jpg,images/motorcycle_5ab8604a14df_006344.jpg,,motorcycle,motorcycle_5ab8604a14df,6344,2597794918727,external_validation,[external_validation] extends coverage of already represented conditions,"['lane_marking', 'other_environment', 'regulatory_road_marking', 'road_boundary_or_obstacle', 'road_surface', 'traffic_light', 'traffic_sign', 'vehicle']",,"{'left': 'not_visible', 'right': 'not_visible'}",q1,0.45473116829798244,,028a5c9d4543a3bff78944d6de92ff71b5f3680650f93f389a619f2e05648646,
motorcycle_5ab8604a14df_010005.jpg,images/motorcycle_5ab8604a14df_010005.jpg,,motorcycle,motorcycle_5ab8604a14df,10005,2841842399457,external_validation,[external_validation] extends coverage of already represented conditions,"['lane_marking', 'other_environment', 'regulatory_road_marking', 'road_boundary_or_obstacle', 'road_surface', 'traffic_light', 'traffic_sign', 'vehicle']",,"{'left': 'out_of_frame', 'right': 'not_visible'}",q2,0.7076060606253538,,256e591d5aadb2019362c5cefb1e794ed30cbc7ffea387447bebd4b2d7875fc8,
motorcycle_5ab8604a14df_001289.jpg,images/motorcycle_5ab8604a14df_001289.jpg,,motorcycle,motorcycle_5ab8604a14df,1289,2260821207791,external_validation,[external_validation] extends coverage of already represented conditions,"['lane_marking', 'other_environment', 'pedestrian', 'regulatory_road_marking', 'road_boundary_or_obstacle', 'road_surface', 'vehicle']",,"{'left': 'out_of_frame', 'right': 'not_visible'}",q0,0.04454940495456551,,b2fe2612fe278be6822417da1b994d141e6e6c1eae55a9961503d226a4bb928a,
motorcycle_5ab8604a14df_006614.jpg,images/motorcycle_5ab8604a14df_006614.jpg,,motorcycle,motorcycle_5ab8604a14df,6614,2615793545405,external_validation,[external_validation] extends coverage of already represented conditions,"['lane_marking', 'other_environment', 'regulatory_road_marking', 'road_boundary_or_obstacle', 'road_surface', 'traffic_sign', 'vehicle']",,"{'left': 'not_visible', 'right': 'not_visible'}",q1,0.4681113586056589,,3761cfd2266723d2a45df77f7fa4d64bedbecd67050a3821cc2c068b93e85389,
motorcycle_5ab8604a14df_006720.jpg,images/motorcycle_5ab8604a14df_006720.jpg,,motorcycle,motorcycle_5ab8604a14df,6720,2622859655352,external_validation,[external_validation] extends coverage of already represented conditions,"['lane_marking', 'other_environment', 'regulatory_road_marking', 'road_boundary_or_obstacle', 'road_surface', 'traffic_sign', 'vehicle']",,"{'left': 'not_visible', 'right': 'not_visible'}",q1,0.4710888048056309,,bec811f3ede1c7c8f0d69375af08c33d1197448243020697931da3512352ffc8,
motorcycle_5ab8604a14df_009555.jpg,images/motorcycle_5ab8604a14df_009555.jpg,,motorcycle,motorcycle_5ab8604a14df,9555,2811844652436,external_validation,[external_validation] extends coverage of already represented conditions,"['lane_marking', 'other_environment', 'regulatory_road_marking', 'road_boundary_or_obstacle', 'road_surface', 'traffic_sign', 'vehicle']",,"{'left': 'out_of_frame', 'right': 'not_visible'}",q2,0.6710160782961516,,71064f449d37b3d84d8140307dd5d35db24fe8c1ff78c4c522f651a48c98aa37,
motorcycle_5ab8604a14df_010890.jpg,images/motorcycle_5ab8604a14df_010890.jpg,,motorcycle,motorcycle_5ab8604a14df,10890,2900837618864,external_validation,[external_validation] extends coverage of already represented conditions,"['lane_marking', 'other_environment', 'pedestrian', 'road_boundary_or_obstacle', 'road_surface', 'traffic_sign', 'vehicle']",,"{'left': 'partially_visible', 'right': 'out_of_frame'}",q3,0.7934290702331733,,14f6a8fca1902b6c05763d042535bc750d85c55258f8e1fe70747624ced93c50,
motorcycle_5ab8604a14df_010950.jpg,images/motorcycle_5ab8604a14df_010950.jpg,,motorcycle,motorcycle_5ab8604a14df,10950,2904837425633,external_validation,[external_validation] extends coverage of already represented conditions,"['lane_marking', 'other_environment', 'regulatory_road_marking', 'road_boundary_or_obstacle', 'road_surface', 'traffic_sign', 'vehicle']",,"{'left': 'partially_visible', 'right': 'out_of_frame'}",q3,0.7989807356282655,,f1d15ba630374b499b0588ec54793df8a3e1e29ec2e6374bda469c4b2fb1ea29,
motorcycle_5ab8604a14df_011175.jpg,images/motorcycle_5ab8604a14df_011175.jpg,,motorcycle,motorcycle_5ab8604a14df,11175,2919836074612,external_validation,[external_validation] extends coverage of already represented conditions,"['lane_marking', 'other_environment', 'regulatory_road_marking', 'road_boundary_or_obstacle', 'road_surface', 'traffic_sign', 'vehicle']",,"{'left': 'out_of_frame', 'right': 'out_of_frame'}",q3,0.8197295778864973,,950e5c075be2cca29224511b4d6cf5869a797f4bd842d2df0763f610416f0ab2,
motorcycle_5ab8604a14df_011595.jpg,images/motorcycle_5ab8604a14df_011595.jpg,,motorcycle,motorcycle_5ab8604a14df,11595,2947834052239,external_validation,[external_validation] extends coverage of already represented conditions,"['lane_marking', 'other_environment', 'pedestrian', 'road_boundary_or_obstacle', 'road_surface', 'traffic_sign', 'vehicle']",,"{'left': 'out_of_frame', 'right': 'out_of_frame'}",q3,0.8518819129247657,,f6218a991e9d47af00d32240f666de4e3b3657aa4cce3bfa74a535a26eafd3be,
motorcycle_5ab8604a14df_011640.jpg,images/motorcycle_5ab8604a14df_011640.jpg,,motorcycle,motorcycle_5ab8604a14df,11640,2950833766145,external_validation,[external_validation] extends coverage of already represented conditions,"['lane_marking', 'other_environment', 'regulatory_road_marking', 'road_boundary_or_obstacle', 'road_surface', 'traffic_sign', 'vehicle']",,"{'left': 'not_visible', 'right': 'out_of_frame'}",q3,0.8550842616897578,,4a8db3dac8f72c9a8145d9f1b52ce22aaa91fe771b8bda1f96317a472fce49e9,
motorcycle_5ab8604a14df_011715.jpg,images/motorcycle_5ab8604a14df_011715.jpg,,motorcycle,motorcycle_5ab8604a14df,11715,2955833431362,external_validation,[external_validation] extends coverage of already represented conditions,"['lane_marking', 'other_environment', 'regulatory_road_marking', 'road_boundary_or_obstacle', 'road_surface', 'traffic_sign', 'vehicle']",,"{'left': 'not_visible', 'right': 'out_of_frame'}",q3,0.8596698764542527,,ec82cda84a5c4bd42b9b19b4efb6ef40fa23296e468fddfc964b5fa931e58058,
motorcycle_5ab8604a14df_011820.jpg,images/motorcycle_5ab8604a14df_011820.jpg,,motorcycle,motorcycle_5ab8604a14df,11820,2962832964935,external_validation,[external_validation] extends coverage of already represented conditions,"['lane_marking', 'other_environment', 'regulatory_road_marking', 'road_boundary_or_obstacle', 'road_surface', 'traffic_sign', 'vehicle']",,"{'left': 'not_visible', 'right': 'out_of_frame'}",q3,0.8637725676276565,,c621090ea203387fec7352135a41bf51380c25b7bec840cbd83f305ce232c798,
motorcycle_5ab8604a14df_012045.jpg,images/motorcycle_5ab8604a14df_012045.jpg,,motorcycle,motorcycle_5ab8604a14df,12045,2977831610998,external_validation,[external_validation] extends coverage of already represented conditions,"['lane_marking', 'other_environment', 'road_boundary_or_obstacle', 'road_surface', 'traffic_sign', 'two_wheeler', 'vehicle']",,"{'left': 'out_of_frame', 'right': 'not_visible'}",q3,0.8737313843715587,,989a0369aea8669b5669b582aafc7fec7d90069eaab64996aebfa007cd0c9c83,
motorcycle_5ab8604a14df_012150.jpg,images/motorcycle_5ab8604a14df_012150.jpg,,motorcycle,motorcycle_5ab8604a14df,12150,2984831156020,external_validation,[external_validation] extends coverage of already represented conditions,"['lane_marking', 'other_environment', 'regulatory_road_marking', 'road_boundary_or_obstacle', 'road_surface', 'traffic_sign', 'vehicle']",,"{'left': 'out_of_frame', 'right': 'not_visible'}",q3,0.8796394918235377,,751dcf954e67b42c61426291f6fa82b66858b2f72078305e80e5a46cfacaea8d,
motorcycle_5ab8604a14df_012225.jpg,images/motorcycle_5ab8604a14df_012225.jpg,,motorcycle,motorcycle_5ab8604a14df,12225,2989830738270,external_validation,[external_validation] extends coverage of already represented conditions,"['lane_marking', 'other_environment', 'regulatory_road_marking', 'road_boundary_or_obstacle', 'road_surface', 'traffic_sign', 'vehicle']",,"{'left': 'not_visible', 'right': 'not_visible'}",q3,0.8836979326651987,,b3a60ba7a2caecdb8ae532eb3f86e60e3d4e70bf65e57af6d749751a6948c787,
motorcycle_5ab8604a14df_012330.jpg,images/motorcycle_5ab8604a14df_012330.jpg,,motorcycle,motorcycle_5ab8604a14df,12330,2996830187718,external_validation,[external_validation] extends coverage of already represented conditions,"['lane_marking', 'other_environment', 'regulatory_road_marking', 'road_boundary_or_obstacle', 'road_surface', 'traffic_sign', 'vehicle']",,"{'left': 'partially_visible', 'right': 'not_visible'}",q3,0.8893157797468401,,07f83effb1b372ef718348a2b060b154befe12e427e3b2109cea6f0ad0170d4e,
motorcycle_5ab8604a14df_012510.jpg,images/motorcycle_5ab8604a14df_012510.jpg,,motorcycle,motorcycle_5ab8604a14df,12510,3008829017312,external_validation,[external_validation] extends coverage of already represented conditions,"['lane_marking', 'other_environment', 'regulatory_road_marking', 'road_boundary_or_obstacle', 'road_surface', 'traffic_sign', 'vehicle']",,"{'left': 'not_visible', 'right': 'not_visible'}",q3,0.8981274923170758,,a1cfaa806e3e6c2ebfc82668209f4cd8ae067dbb95ebe88048fd39f9d6cc1767,
motorcycle_5ab8604a14df_012675.jpg,images/motorcycle_5ab8604a14df_012675.jpg,,motorcycle,motorcycle_5ab8604a14df,12675,3019827703436,external_validation,[external_validation] extends coverage of already represented conditions,"['lane_marking', 'other_environment', 'regulatory_road_marking', 'road_boundary_or_obstacle', 'road_surface', 'traffic_sign', 'vehicle']",,"{'left': 'not_visible', 'right': 'not_visible'}",q3,0.9052046358631651,,4063411704a97939463e9fada9aed325193f7921c4a50519843f59ab3e9958d4,
motorcycle_5ab8604a14df_012885.jpg,images/motorcycle_5ab8604a14df_012885.jpg,,motorcycle,motorcycle_5ab8604a14df,12885,3033827242310,external_validation,[external_validation] extends coverage of already represented conditions,"['lane_marking', 'other_environment', 'regulatory_road_marking', 'road_boundary_or_obstacle', 'road_surface', 'traffic_sign', 'vehicle']",,"{'left': 'not_visible', 'right': 'not_visible'}",q3,0.9158860779167588,,892d5fab6322ada22452388fc583f2a7a363b5ff3fc720202ea1fc80a14b8df2,
motorcycle_5ab8604a14df_013140.jpg,images/motorcycle_5ab8604a14df_013140.jpg,,motorcycle,motorcycle_5ab8604a14df,13140,3050825812591,external_validation,[external_validation] extends coverage of already represented conditions,"['lane_marking', 'other_environment', 'regulatory_road_marking', 'road_boundary_or_obstacle', 'road_surface', 'traffic_sign', 'vehicle']",,"{'left': 'not_visible', 'right': 'not_visible'}",q3,0.925775284487965,,788319c26875d9ea760c80f3c24a8770f46a8119fe4200473f474514b90bf01b,
motorcycle_5ab8604a14df_013380.jpg,images/motorcycle_5ab8604a14df_013380.jpg,,motorcycle,motorcycle_5ab8604a14df,13380,3066824689383,external_validation,[external_validation] extends coverage of already represented conditions,"['lane_marking', 'other_environment', 'regulatory_road_marking', 'road_boundary_or_obstacle', 'road_surface', 'traffic_sign', 'vehicle']",,"{'left': 'out_of_frame', 'right': 'not_visible'}",q3,0.9422336766768039,,f722dc75ecefd9c60c22289c92a4dad52dcae7ae7e35b26ff3a09252010b60d8,
motorcycle_5ab8604a14df_013470.jpg,images/motorcycle_5ab8604a14df_013470.jpg,,motorcycle,motorcycle_5ab8604a14df,13470,3072824237862,external_validation,[external_validation] extends coverage of already represented conditions,"['lane_marking', 'other_environment', 'road_boundary_or_obstacle', 'road_surface', 'traffic_sign', 'two_wheeler', 'vehicle']",,"{'left': 'out_of_frame', 'right': 'not_visible'}",q3,0.9441069586305589,,5a4c34c2ef9de3acd407ea75d3c33923671fa2f6e49e0926178db00129c436ca,
motorcycle_5ab8604a14df_013590.jpg,images/motorcycle_5ab8604a14df_013590.jpg,,motorcycle,motorcycle_5ab8604a14df,13590,3080823490207,external_validation,[external_validation] extends coverage of already represented conditions,"['lane_marking', 'other_environment', 'regulatory_road_marking', 'road_boundary_or_obstacle', 'road_surface', 'traffic_sign', 'vehicle']",,"{'left': 'not_visible', 'right': 'not_visible'}",q3,0.949823556095374,,ff6467e3f299301a5ed9eeb5871c3c0006bf099db19628b61b6c49cbf7bb55ce,
motorcycle_5ab8604a14df_013800.jpg,images/motorcycle_5ab8604a14df_013800.jpg,,motorcycle,motorcycle_5ab8604a14df,13800,3094822587383,external_validation,[external_validation] extends coverage of already represented conditions,"['lane_marking', 'other_environment', 'regulatory_road_marking', 'road_boundary_or_obstacle', 'road_surface', 'traffic_sign', 'vehicle']",,"{'left': 'not_visible', 'right': 'not_visible'}",q3,0.9655002208411027,,84454f28b5a7f82f1baf36ede8edaba8e0e5949445bcf04f06c0835b67d02eda,
motorcycle_5ab8604a14df_008445.jpg,images/motorcycle_5ab8604a14df_008445.jpg,,motorcycle,motorcycle_5ab8604a14df,8445,2737850366343,cockpit_training,[cockpit_training] extends coverage of already represented conditions,"['other_environment', 'road_boundary_or_obstacle', 'road_surface', 'traffic_sign', 'vehicle']",,"{'left': 'not_visible', 'right': 'not_visible'}",q2,0.5628755806408711,,16a4e61dc48209a1ebc894fbd61ef53c07566f4f8362c861e8a7b5dd8ec1a88a,
motorcycle_5ab8604a14df_013980.jpg,images/motorcycle_5ab8604a14df_013980.jpg,,motorcycle,motorcycle_5ab8604a14df,13980,3106821607759,cockpit_training,[cockpit_training] extends coverage of already represented conditions,"['lane_marking', 'other_environment', 'road_boundary_or_obstacle', 'road_surface', 'traffic_sign']",,"{'left': 'out_of_frame', 'right': 'not_visible'}",q3,0.9735929856284208,,b0b1ff8dd3cb26d6b854ad027fd22d9d2524dd93029cd4351b871f9e39d6c6d2,
motorcycle_5ab8604a14df_008535.jpg,images/motorcycle_5ab8604a14df_008535.jpg,,motorcycle,motorcycle_5ab8604a14df,8535,2743849615937,cockpit_training,[cockpit_training] extends coverage of already represented conditions,"['lane_marking', 'other_environment', 'road_boundary_or_obstacle', 'road_surface']",,"{'left': 'not_visible', 'right': 'not_visible'}",q2,0.5736097541540371,,d706872ec44bfd239f78780bb308a0d7167a4b1aa588cf5f7f787777860d0328,
motorcycle_5ab8604a14df_003554.jpg,images/motorcycle_5ab8604a14df_003554.jpg,,motorcycle,motorcycle_5ab8604a14df,3554,2411809420019,cockpit_training,[cockpit_training] extends coverage of already represented conditions,"['lane_marking', 'other_environment', 'road_boundary_or_obstacle', 'road_surface']",,"{'left': 'not_visible', 'right': 'not_visible'}",q0,0.22342947265405147,,da909de31b30ec6912f200763e3e5cf2d56ed373abe6cd30963ef36c64746f97,
motorcycle_5ab8604a14df_003854.jpg,images/motorcycle_5ab8604a14df_003854.jpg,,motorcycle,motorcycle_5ab8604a14df,3854,2431808028591,cockpit_training,[cockpit_training] extends coverage of already represented conditions,"['lane_marking', 'other_environment', 'road_boundary_or_obstacle', 'road_surface', 'vehicle']",,"{'left': 'out_of_frame', 'right': 'not_visible'}",q1,0.2569071839354528,,8bc9a50bfb3fedae63a8ab58f4abb416328e5102c4e059e7b1e49b4e3736adbc,
motorcycle_5ab8604a14df_003194.jpg,images/motorcycle_5ab8604a14df_003194.jpg,,motorcycle,motorcycle_5ab8604a14df,3194,2387811275103,cockpit_training,[cockpit_training] extends coverage of already represented conditions,"['lane_marking', 'other_environment', 'road_surface', 'traffic_sign']",,"{'left': 'not_visible', 'right': 'not_visible'}",q0,0.17221411662070993,,e5a02d752cc26b5bcb99b798d9d63d2e96b5ef79df8f97ea2359dd77877c9475,
motorcycle_5ab8604a14df_008625.jpg,images/motorcycle_5ab8604a14df_008625.jpg,,motorcycle,motorcycle_5ab8604a14df,8625,2749849073550,cockpit_training,[cockpit_training] extends coverage of already represented conditions,"['lane_marking', 'other_environment', 'road_boundary_or_obstacle', 'road_surface', 'vehicle']",,"{'left': 'not_visible', 'right': 'not_visible'}",q2,0.585408627788008,,3fca93f62f5f4c2614cc4a959c4ee22a022f6f5acd1909634d1c52f84116ba33,
motorcycle_5ab8604a14df_006825.jpg,images/motorcycle_5ab8604a14df_006825.jpg,,motorcycle,motorcycle_5ab8604a14df,6825,2629858914071,cockpit_training,[cockpit_training] extends coverage of already represented conditions,"['lane_marking', 'other_environment', 'road_boundary_or_obstacle', 'road_surface']",,"{'left': 'not_visible', 'right': 'not_visible'}",q1,0.478238067011614,,c9c9776f0de645aa44ef6636a67f569b847a878d0594e642fc3c1a0c6daf2919,
motorcycle_5ab8604a14df_004724.jpg,images/motorcycle_5ab8604a14df_004724.jpg,,motorcycle,motorcycle_5ab8604a14df,4724,2489803461873,cockpit_training,[cockpit_training] extends coverage of already represented conditions,"['lane_marking', 'other_environment', 'road_boundary_or_obstacle', 'road_surface', 'vehicle']",,"{'left': 'out_of_frame', 'right': 'not_visible'}",q1,0.3393796082134688,,95605b62efac26370dc8fbf58f3a58a682501c241d8dbfb69b0ed07df49f3ffb,
motorcycle_5ab8604a14df_008490.jpg,images/motorcycle_5ab8604a14df_008490.jpg,,motorcycle,motorcycle_5ab8604a14df,8490,2740850174738,cockpit_training,[cockpit_training] extends coverage of already represented conditions,"['lane_marking', 'other_environment', 'road_boundary_or_obstacle', 'road_surface', 'traffic_sign', 'vehicle']",,"{'left': 'not_visible', 'right': 'not_visible'}",q2,0.5672767626757537,,a4696c59bc0b38346802e3eb7480f31ba48d9d760e91f5ba33e77cac2aebd53b,
motorcycle_5ab8604a14df_010740.jpg,images/motorcycle_5ab8604a14df_010740.jpg,,motorcycle,motorcycle_5ab8604a14df,10740,2890838540436,cockpit_training,[cockpit_training] extends coverage of already represented conditions,"['lane_marking', 'other_environment', 'road_boundary_or_obstacle', 'road_surface', 'vehicle']",,"{'left': 'not_visible', 'right': 'out_of_frame'}",q3,0.7777388203357225,,2c753e94934520769efbf94414fd7c36422d5317cde919cde415eaf558c35f59,
motorcycle_5ab8604a14df_013905.jpg,images/motorcycle_5ab8604a14df_013905.jpg,,motorcycle,motorcycle_5ab8604a14df,13905,3101821923853,cockpit_training,[cockpit_training] extends coverage of already represented conditions,"['lane_marking', 'other_environment', 'regulatory_road_marking', 'road_boundary_or_obstacle', 'road_surface', 'vehicle']",,"{'left': 'out_of_frame', 'right': 'not_visible'}",q3,0.9688432683669137,,11903eef7cae04c8dc019072cd82eab0dcb52742553d6693dffcc65c09e1a55c,
motorcycle_5ab8604a14df_003599.jpg,images/motorcycle_5ab8604a14df_003599.jpg,,motorcycle,motorcycle_5ab8604a14df,3599,2414809033072,cockpit_training,[cockpit_training] extends coverage of already represented conditions,"['lane_marking', 'other_environment', 'road_boundary_or_obstacle', 'road_surface']",,"{'left': 'out_of_frame', 'right': 'not_visible'}",q0,0.22974444009499193,,d946dbe5adb8d369147419fa7e827c8037a02bcb4878618dbdc44f83bdbbbbac,
motorcycle_5ab8604a14df_003269.jpg,images/motorcycle_5ab8604a14df_003269.jpg,,motorcycle,motorcycle_5ab8604a14df,3269,2392810794958,cockpit_training,[cockpit_training] extends coverage of already represented conditions,"['lane_marking', 'other_environment', 'road_surface']",,"{'left': 'not_visible', 'right': 'not_visible'}",q0,0.18340283321161618,,3966836ec8149743ed33d9c56f120d841b2f1d5651075fb084e60c6f39891775,
motorcycle_5ab8604a14df_011880.jpg,images/motorcycle_5ab8604a14df_011880.jpg,,motorcycle,motorcycle_5ab8604a14df,11880,2966832429894,cockpit_training,[cockpit_training] extends coverage of already represented conditions,"['other_environment', 'road_boundary_or_obstacle', 'road_surface', 'vehicle']",,"{'left': 'not_visible', 'right': 'not_visible'}",q3,0.8654131884968083,,da628e6d71b6a3ccbaebc6dbebfb58c2e9061667f408b743e7c3ef4643cb3ab5,
motorcycle_5ab8604a14df_009735.jpg,images/motorcycle_5ab8604a14df_009735.jpg,,motorcycle,motorcycle_5ab8604a14df,9735,2823843697904,cockpit_training,[cockpit_training] extends coverage of already represented conditions,"['lane_marking', 'other_environment', 'road_boundary_or_obstacle', 'road_surface']",,"{'left': 'not_visible', 'right': 'not_visible'}",q2,0.679672370197837,,f75e251b398c7adf46ac77877a641de83ad508025288e33a65a5e051c8630db3,
motorcycle_5ab8604a14df_001979.jpg,images/motorcycle_5ab8604a14df_001979.jpg,,motorcycle,motorcycle_5ab8604a14df,1979,2306817577248,cockpit_training,[cockpit_training] extends coverage of already represented conditions,"['lane_marking', 'other_environment', 'road_boundary_or_obstacle', 'road_surface', 'traffic_sign', 'vehicle']",,"{'left': 'not_visible', 'right': 'not_visible'}",q0,0.08009542728520722,,d4b3e84f1c5b87ad82e5e5c2b383e3dbe30f44c795379fa5d43b8ff6d35122f2,
motorcycle_5ab8604a14df_003509.jpg,images/motorcycle_5ab8604a14df_003509.jpg,,motorcycle,motorcycle_5ab8604a14df,3509,2408809636092,cockpit_training,[cockpit_training] extends coverage of already represented conditions,"['lane_marking', 'other_environment', 'road_boundary_or_obstacle', 'road_surface']",,"{'left': 'not_visible', 'right': 'not_visible'}",q0,0.21730889185304045,,5fb663ab75824e17352823181700012594e07a49cfb6441e62ec12f7ad736fdc,
motorcycle_5ab8604a14df_009780.jpg,images/motorcycle_5ab8604a14df_009780.jpg,,motorcycle,motorcycle_5ab8604a14df,9780,2826843228676,cockpit_training,[cockpit_training] extends coverage of already represented conditions,"['lane_marking', 'other_environment', 'road_boundary_or_obstacle', 'road_surface']",,"{'left': 'not_visible', 'right': 'not_visible'}",q2,0.683211703463426,,9a8ac83702c4a5d1174bef496edd026f2d980a5062eb932a3784e91627d28760,
motorcycle_5ab8604a14df_004094.jpg,images/motorcycle_5ab8604a14df_004094.jpg,,motorcycle,motorcycle_5ab8604a14df,4094,2447806772759,cockpit_training,[cockpit_training] extends coverage of already represented conditions,"['lane_marking', 'other_environment', 'road_boundary_or_obstacle', 'road_surface', 'traffic_sign', 'vehicle']",,"{'left': 'out_of_frame', 'right': 'out_of_frame'}",q1,0.2856529444102544,,7180f6261dfef28584bcf4fe7e7e12727df48002fb840ab0435df81c7040a97b,
motorcycle_5ab8604a14df_003404.jpg,images/motorcycle_5ab8604a14df_003404.jpg,,motorcycle,motorcycle_5ab8604a14df,3404,2401810298249,cockpit_training,[cockpit_training] extends coverage of already represented conditions,"['lane_marking', 'other_environment', 'road_boundary_or_obstacle', 'road_surface']",,"{'left': 'not_visible', 'right': 'not_visible'}",q0,0.20309699894304467,,1edce825c9fe7f601ff6ced05d26f4888565aabc3da49557b47d781dfa90856c,
motorcycle_5ab8604a14df_008580.jpg,images/motorcycle_5ab8604a14df_008580.jpg,,motorcycle,motorcycle_5ab8604a14df,8580,2746849474331,cockpit_training,[cockpit_training] extends coverage of already represented conditions,"['lane_marking', 'other_environment', 'road_surface', 'two_wheeler']",,"{'left': 'not_visible', 'right': 'not_visible'}",q2,0.5796427956864614,,e7f9120a79bc634f4ac8c031ed6ce72065b7c9fdbcdeb8456efe4f0b6d74c6c8,
motorcycle_5ab8604a14df_006389.jpg,images/motorcycle_5ab8604a14df_006389.jpg,,motorcycle,motorcycle_5ab8604a14df,6389,2600794720707,cockpit_training,[cockpit_training] extends coverage of already represented conditions,"['lane_marking', 'other_environment', 'road_boundary_or_obstacle', 'road_surface', 'vehicle']",,"{'left': 'not_visible', 'right': 'not_visible'}",q1,0.45556329129500006,,54ebcff8de43f51a99b367a1ef99ed61414eb3d3da57dc449bde5bd504d37a06,
motorcycle_5ab8604a14df_000914.jpg,images/motorcycle_5ab8604a14df_000914.jpg,,motorcycle,motorcycle_5ab8604a14df,914,2235823214759,cockpit_training,[cockpit_training] extends coverage of already represented conditions,"['lane_marking', 'other_environment', 'road_surface']",,"{'left': 'out_of_frame', 'right': 'not_visible'}",q0,0.01967407790574913,,f9ef5768b5f4255182d4c4ac9249a10485204676e789cfd5ba410b1d3d9aaa03,
motorcycle_5ab8604a14df_003644.jpg,images/motorcycle_5ab8604a14df_003644.jpg,,motorcycle,motorcycle_5ab8604a14df,3644,2417809088550,cockpit_training,[cockpit_training] extends coverage of already represented conditions,"['lane_marking', 'other_environment', 'road_boundary_or_obstacle', 'road_surface', 'vehicle']",,"{'left': 'out_of_frame', 'right': 'not_visible'}",q0,0.23597402707338427,,9b01ac015eb4d503891ff9f97f5a2c9ca96d95c90d167f1f53d48cfe8d2a2310,
motorcycle_5ab8604a14df_014040.jpg,images/motorcycle_5ab8604a14df_014040.jpg,,motorcycle,motorcycle_5ab8604a14df,14040,3110821027873,cockpit_training,[cockpit_training] extends coverage of already represented conditions,"['lane_marking', 'other_environment', 'road_boundary_or_obstacle', 'road_surface', 'vehicle']",,"{'left': 'out_of_frame', 'right': 'not_visible'}",q3,0.9813177723804043,,26bf0b4d939ce7590492de33d351ab8c74c5c7dbd82a0603d966a6616bfb27f3,
motorcycle_5ab8604a14df_008670.jpg,images/motorcycle_5ab8604a14df_008670.jpg,,motorcycle,motorcycle_5ab8604a14df,8670,2752848925987,cockpit_training,[cockpit_training] extends coverage of already represented conditions,"['lane_marking', 'other_environment', 'road_boundary_or_obstacle', 'road_surface', 'vehicle']",,"{'left': 'not_visible', 'right': 'not_visible'}",q2,0.5909398254380238,,ae916a8ea68857dcd85a21d30fdbc2c342ae4513e6fb4833fc2c934fbe8b8a11,
motorcycle_5ab8604a14df_009660.jpg,images/motorcycle_5ab8604a14df_009660.jpg,,motorcycle,motorcycle_5ab8604a14df,9660,2818844147602,cockpit_training,[cockpit_training] extends coverage of already represented conditions,"['other_environment', 'road_boundary_or_obstacle', 'road_surface', 'vehicle']",,"{'left': 'out_of_frame', 'right': 'not_visible'}",q2,0.6759006879535746,,0f1cc56a85584f100f9137de718f3445c9d1b43ad04939c9eb7d817ef1b17fc7,
motorcycle_5ab8604a14df_004349.jpg,images/motorcycle_5ab8604a14df_004349.jpg,,motorcycle,motorcycle_5ab8604a14df,4349,2464805248612,cockpit_training,[cockpit_training] extends coverage of already represented conditions,"['lane_marking', 'other_environment', 'road_boundary_or_obstacle', 'road_surface']",,"{'left': 'not_visible', 'right': 'out_of_frame'}",q1,0.3137935449130312,,6c919f7dc796f87b6ea3dd5ce2d593e5906e97513c5d4ae62089282e4f665eef,
motorcycle_5ab8604a14df_006765.jpg,images/motorcycle_5ab8604a14df_006765.jpg,,motorcycle,motorcycle_5ab8604a14df,6765,2625859273477,cockpit_training,[cockpit_training] extends coverage of already represented conditions,"['lane_marking', 'other_environment', 'road_boundary_or_obstacle', 'road_surface', 'traffic_sign', 'vehicle']",,"{'left': 'not_visible', 'right': 'not_visible'}",q1,0.4735774531458099,,af8265ff15b716ddffc16e066468e3bc89d2fe3669b88f17f7915002f15653e4,
motorcycle_5ab8604a14df_009825.jpg,images/motorcycle_5ab8604a14df_009825.jpg,,motorcycle,motorcycle_5ab8604a14df,9825,2829842955467,cockpit_training,[cockpit_training] extends coverage of already represented conditions,"['lane_marking', 'other_environment', 'road_boundary_or_obstacle', 'road_surface', 'traffic_sign']",,"{'left': 'not_visible', 'right': 'not_visible'}",q2,0.6882169910968011,,5ae8df23201c927ac72ab12334a63261d9b2ebd447dba9cf4798de0db2ba3a9b,
motorcycle_5ab8604a14df_004679.jpg,images/motorcycle_5ab8604a14df_004679.jpg,,motorcycle,motorcycle_5ab8604a14df,4679,2486803596259,cockpit_training,[cockpit_training] extends coverage of already represented conditions,"['lane_marking', 'other_environment', 'road_boundary_or_obstacle', 'road_surface', 'traffic_sign', 'vehicle']",,"{'left': 'not_visible', 'right': 'not_visible'}",q1,0.33523954860961547,,674b53ccdd79e8649f04d848548d816d136b4cf9c5a1ac9386bb52a07b2c62c4,
motorcycle_5ab8604a14df_005309.jpg,images/motorcycle_5ab8604a14df_005309.jpg,,motorcycle,motorcycle_5ab8604a14df,5309,2528799721342,cockpit_training,[cockpit_training] extends coverage of already represented conditions,"['lane_marking', 'other_environment', 'road_boundary_or_obstacle', 'road_surface', 'traffic_sign', 'vehicle']",,"{'left': 'not_visible', 'right': 'not_visible'}",q1,0.3884331529342233,,46a0e50ec425622bdbeece3b914972659ec120c273734d94cb1bf59ccc5320b1,
motorcycle_5ab8604a14df_008700.jpg,images/motorcycle_5ab8604a14df_008700.jpg,,motorcycle,motorcycle_5ab8604a14df,8700,2754848938854,cockpit_training,[cockpit_training] extends coverage of already represented conditions,"['lane_marking', 'other_environment', 'road_surface', 'vehicle']",,"{'left': 'not_visible', 'right': 'not_visible'}",q2,0.594404515790636,,dcc2a7c2cdbe1e93e8c541604bd0253f35e9d35fcf4b4158d1c7f0483859c38e,
motorcycle_5ab8604a14df_012000.jpg,images/motorcycle_5ab8604a14df_012000.jpg,,motorcycle,motorcycle_5ab8604a14df,12000,2974831960019,cockpit_training,[cockpit_training] extends coverage of already represented conditions,"['lane_marking', 'other_environment', 'road_boundary_or_obstacle', 'road_surface', 'traffic_sign', 'vehicle']",,"{'left': 'not_visible', 'right': 'not_visible'}",q3,0.8713675149456486,,23f6fd2d53e9acfc22a6099df9f43508c45517e93c31972fbaf2239478921dcb,
motorcycle_5ab8604a14df_011025.jpg,images/motorcycle_5ab8604a14df_011025.jpg,,motorcycle,motorcycle_5ab8604a14df,11025,2909836958373,cockpit_training,[cockpit_training] extends coverage of already represented conditions,"['lane_marking', 'other_environment', 'road_boundary_or_obstacle', 'road_surface', 'vehicle']",,"{'left': 'partially_visible', 'right': 'out_of_frame'}",q3,0.8052928078876201,,86c47307cd74512bc845a385f5d3504ed1380b1b51c8e537de7fc181ed6d2ca8,
motorcycle_5ab8604a14df_000090.jpg,images/motorcycle_5ab8604a14df_000090.jpg,,motorcycle,motorcycle_5ab8604a14df,90,2180827683093,cockpit_training,[cockpit_training] extends coverage of already represented conditions,"['other_environment', 'road_surface']",,"{'left': 'not_visible', 'right': 'not_visible'}",q0,0.0,,d09ff168c2e2ffaa29496efd6158df7f2ab24f802931f89afb2ce81f9473d828,
motorcycle_5ab8604a14df_003944.jpg,images/motorcycle_5ab8604a14df_003944.jpg,,motorcycle,motorcycle_5ab8604a14df,3944,2437807507061,cockpit_training,[cockpit_training] extends coverage of already represented conditions,"['lane_marking', 'other_environment', 'road_boundary_or_obstacle', 'road_surface', 'traffic_sign']",,"{'left': 'out_of_frame', 'right': 'not_visible'}",q1,0.2669140542661653,,bfc9d6bedab27a69704985d3996e7e6c9b1af4474508217d1a101432d30bc4ad,
motorcycle_5ab8604a14df_013545.jpg,images/motorcycle_5ab8604a14df_013545.jpg,,motorcycle,motorcycle_5ab8604a14df,13545,3077823725675,cockpit_training,[cockpit_training] extends coverage of already represented conditions,"['lane_marking', 'other_environment', 'regulatory_road_marking', 'road_boundary_or_obstacle', 'road_surface', 'traffic_sign']",,"{'left': 'not_visible', 'right': 'not_visible'}",q3,0.9467324991550805,,862c60e29ba7b8c17caf4126891224cdb22ad59d34dd60de1f7d7eeffdbab9ee,
motorcycle_5ab8604a14df_009315.jpg,images/motorcycle_5ab8604a14df_009315.jpg,,motorcycle,motorcycle_5ab8604a14df,9315,2795845017582,cockpit_training,[cockpit_training] extends coverage of already represented conditions,"['lane_marking', 'other_environment', 'road_boundary_or_obstacle', 'road_surface', 'vehicle']",,"{'left': 'not_visible', 'right': 'not_visible'}",q2,0.6531475544544902,,fa3022c44687ceff5cc31938812420de860c1275e43a8518ffb26775202c633b,
