bin_key,osm_way_id,road_class,road_is_roundabout,curvature_1_per_m,distance_to_junction_m,distance_to_roundabout_m,road_lanes,road_maxspeed_kph,pair_quality,centroid_distance_m,heading_difference_deg,bin_key_car,position_uncertainty_m_car,speed_mps_car,acceleration_mps2_car,lateral_acceleration_mps2_car,curvature_1_per_m_car,head_angular_speed_rad_s_car,head_vibration_rms_msec2_car,head_yaw_rate_rad_s_car,head_abs_yaw_rate_rad_s_car,heart_rate_bpm_car,ppg_sqi_car,lux_car,gaze_foveal_entropy_car,gaze_road_relevant_mass_car,frames_in_bin_car,bin_key_moto,position_uncertainty_m_moto,speed_mps_moto,acceleration_mps2_moto,lateral_acceleration_mps2_moto,curvature_1_per_m_moto,head_angular_speed_rad_s_moto,head_vibration_rms_msec2_moto,head_yaw_rate_rad_s_moto,head_abs_yaw_rate_rad_s_moto,heart_rate_bpm_moto,ppg_sqi_moto,lux_moto,gaze_foveal_entropy_moto,gaze_road_relevant_mass_moto,frames_in_bin_moto,road_complexity_index_car,visual_demand_index_car,traffic_interaction_index_car,road_complexity_index_moto,visual_demand_index_moto,traffic_interaction_index_moto
w137735208_b0_A,137735208,unclassified,False,1.7357681346948655e-05,17.486531750815,111.175871033762,,,0.6181830076288177,2.8881001907388995,0.0,w137735208_b0_A,3.0651081570572587,12.457499980926514,0.15975016802614928,0.002693810361110054,1.7357681346948655e-05,0.08194240146369053,0.128854470850004,0.0031732123904695993,0.039836673385581084,68.34528293461194,0.9096054905959595,3880.117919921875,,,40,w137735208_b0_A,4.634292813484924,19.166000366210938,0.9864997243863449,0.006376093772112363,1.7357681346948655e-05,0.15580203829519432,0.29860978619268186,-0.008833932030535311,0.05776179644395064,108.70532419074694,0.7526252935932168,7050.68212890625,,,45,0.4294189958339188,0.018532563606460422,0.5047382789681422,0.4294189958339188,0.12136895793247905,1.0
w137735208_b1_A,137735208,unclassified,False,1.7357681346948655e-05,23.48142219229106,139.84831406215216,,,0.6661945775633901,0.8268854120400312,0.0,w137735208_b1_A,3.092692504375,12.388500213623047,-0.05550001527583204,0.0026640900824415545,1.7357681346948655e-05,0.08229241648965024,0.11062014091402564,-0.0067481979048171345,0.046549190327493085,64.89587681537347,0.8839232323601814,4053.0732421875,,,40,w137735208_b1_A,4.494535996516326,18.597000122070312,-0.7572497533993889,0.006005945598542037,1.7357681346948655e-05,0.11577689306508465,0.313879844950527,0.0037148284812076812,0.031221903366704544,112.67044693667842,0.8695469387108967,7869.06005859375,,,30,0.39422250247015944,0.019625511226033388,0.36629289422633493,0.39422250247015944,0.0,0.21977397098039092
w137735208_b2_A,137735208,unclassified,False,1.7357681346948655e-05,30.41595499218172,88.59630190389755,,,0.6672184177523005,1.8001438329850874,0.0,w137735208_b2_A,2.9680566283053356,12.041000366210938,-0.3124998965498049,0.0025178251641471143,1.7357681346948655e-05,0.09481923109116283,0.10710453230471934,0.002373998275873164,0.0532092909946142,68.95339761178252,0.8839232323601814,3511.31787109375,,,40,w137735208_b2_A,4.007345957395874,16.055500030517578,-1.0484999599627676,0.004482819283946385,1.7357681346948655e-05,0.13281355551721338,0.3202279619007454,0.017219278298704684,0.048381734737987625,108.70334470788828,0.8695469387108967,8218.775390625,,,60,0.35350929176934337,0.05874140964215109,0.2009947890365381,0.35350929176934337,0.03171712286202832,0.08153267231940452
w137735208_b3_A,137735208,unclassified,False,1.7357681346948655e-05,20.531515884688805,33.591259683046715,,,0.6504788921029296,5.663327249838162,0.0,w137735208_b3_A,2.421969615748634,9.763500213623047,-0.6249997719617033,0.0016564091046152776,1.7357681346948655e-05,0.08170882471695036,0.07744586867888957,0.0002029980752457864,0.03965021942244272,70.20190126475359,0.9421169628381215,2653.81396484375,,,60,w137735208_b3_A,2.9760409049505614,12.055500030517578,-1.1874998764998965,0.0025310521583323756,1.7357681346948655e-05,0.25213285664314355,0.4769042337652938,0.03894086779907706,0.08805459312229201,117.82537297062143,0.8695469387108967,8301.150390625,,,60,0.4115416442948215,0.017803203063617195,0.0,0.4115416442948215,0.4970455400775149,0.015556653958435711
w22868496_b0_B,22868496,secondary,False,0.0009865903751113,5.14500919103786,57.08028469976674,2.0,50.0,0.799643261130024,0.2900437598667015,0.0809508517441059,w22868496_b0_B,3.3260827260001067,13.305000305175781,-0.624999728578647,0.17464922064992155,0.0009865903751113158,0.1618466653658211,0.11193240081115607,0.004215133866786541,0.05699533132136067,86.771503640638,0.8553737821170798,3711.42578125,,,30,w22868496_b0_B,2.3933301165,9.861000061035156,-0.8889998465087894,0.09593537936855336,0.0009865903751113158,0.22024490113847064,0.4012674791473769,0.005999894004920148,0.06294259900549008,128.6234666860848,0.8525744631994202,8114.9384765625,,,75,0.6750177336114206,0.26803949487636197,2.6508106174673615e-08,0.6750177336114206,0.3726870186714364,0.15723906607832
w23064623_b1_A,23064623,secondary,True,0.0387301143617772,35.558156820104934,2.1233618469879683,2.0,50.0,0.5795652001531884,2.0619037615601297,4.705196300742585,w23064623_b1_A,0.5103593853663683,1.444000005722046,0.0,0.08071243697987078,0.038708475773380165,0.4800467701497433,0.2048647225018001,-0.10054909844368996,0.33172093785408635,100.9438069296258,0.760185965418564,4257.7666015625,,,73,w23064623_b1_A,2.0504320915,8.555000305175781,0.6525001847633809,2.832997094732582,0.03872232684270926,0.3818292127305536,0.5098438821431027,0.11022374913752327,0.2046290827564356,111.84312894663877,0.7183671598450885,6914.79345703125,,,45,0.8822030423595203,1.0,0.4019895930637943,0.8822030423595203,1.0,0.8889088174013761
w23064623_b2_A,23064623,secondary,True,0.0387389992459047,32.905004360040046,2.207068299728077,2.0,50.0,0.6844900999204685,13.114206026181266,29.91616231990712,w23064623_b2_A,0.8114539658543368,3.888000011444092,0.8334995175359565,0.5835015099763381,0.038654270167344226,0.3730755684040904,0.253695488211395,0.1643271104744663,0.17291519889384196,88.26798897017922,0.8279780276249231,3131.70654296875,0.15142982708668407,0.11664967181445113,53,w23064623_b2_A,2.638572718950424,10.527000427246094,1.0419997844399278,4.307943829569827,0.03874266925230203,0.484425544957339,1.2231869925986323,0.16876061797174552,0.2447749710684681,136.60359765837302,0.7183671598450885,6779.0703125,,,45,0.8925914511489369,0.4638086273979455,0.9380828015210715,0.8925914511489369,1.0,1.0
w23064624_b0_A,23064624,secondary,False,0.0126747134518142,16.303668674349115,20.748679048451784,1.0,50.0,0.6203753662913017,12.212964636482369,7.354893032810551,w23064624_b0_A,1.9418495370069886,7.415999889373779,1.6569991264099722,0.671107873339988,0.012202614870187546,0.1630725522048726,0.22770351770850847,-0.022851622155609333,0.045871710965317405,76.08713961331078,0.8279780276249231,3721.68310546875,0.24087574974664844,0.2610552950838886,25,w23064624_b0_A,3.082570121330688,12.305000305175781,-0.36150023790305674,1.692758588076413,0.011179741664314208,0.3012253956448622,0.6460114037850623,-0.1051460824590707,0.1051460824590707,133.06804473944604,0.7183671598450885,7660.96337890625,,,45,0.3998912012877715,0.5894762630686619,1.0,0.3998912012877715,0.6884995064953157,0.4076156470849673
w245122745_b0_A,245122745,unclassified,False,0.0140831551953107,26.084981459625872,150.94462132516202,1.0,,0.5661119026323813,2.5829895106811875,4.794652690983753,w245122745_b0_A,1.6732007562912927,5.25,0.9348329468041874,0.11167127417382999,0.00271276876253384,0.19779427569588034,0.13613462141893312,-0.049423269913881115,0.11677607635602581,90.33006465613752,0.9351670709768453,1777.5654296875,,,52,w245122745_b0_A,2.3817739993050844,9.666000366210938,0.23599956395185462,0.2652342782293914,0.00271276876253384,0.2536768755270918,0.4428848434140425,-0.06163809013414965,0.07474866332492412,106.45310017322421,0.750207263403931,2855.66162109375,,,75,0.37373354175710904,0.3802885477044444,1.0,0.37373354175710904,0.5030669955892277,0.6912176727547094
w245122745_b1_A,245122745,unclassified,False,0.0004061345824248,72.45730246491382,105.38532188002524,1.0,,0.6205930242887228,2.595670509190403,0.0,w245122745_b1_A,2.567585585837448,10.291000366210938,0.9444995761818009,0.02621076609580081,0.00024687803988436146,0.1419110459729529,0.13548588020555258,0.049586746711828444,0.07693277692490433,103.66460691715739,0.9522228204948305,2174.11865234375,,,40,w245122745_b1_A,2.8641804841318814,11.444000244140625,0.7499999609999026,0.03238741795408276,0.00024687803988436146,0.14357074953437435,0.31986795377167,0.017804534357736455,0.03763308884220594,108.70417560530534,0.7823193052774395,3727.470703125,,,60,0.0744681670370006,0.20578905948318074,1.0,0.0744681670370006,0.07366865977559478,0.9351868813558452
w245122745_b2_A,245122745,unclassified,False,0.0064943598305218,73.2433415875503,58.28439869151851,1.0,,0.659148100027725,2.0820039309940923,0.0,w245122745_b2_A,3.1258208364033857,12.721499919891357,0.26374948726711445,1.8994098685604222,0.01173088401123139,0.19089008794064982,0.1270467243526445,0.10435690292160896,0.10544127648819174,97.14514699275054,0.9522228204948305,2226.5458984375,,,40,w245122745_b2_A,2.976312567338085,12.055500030517578,-0.6387500290612906,0.789617995600344,0.006378063569657378,0.18002655544305313,0.4954117827589653,0.1013588600875574,0.1013588600875574,120.655929996677,0.7823193052774395,6417.68212890625,,,60,0.12381226704598906,0.35872971447586044,0.5716289340390451,0.12381226704598906,0.2158411524211616,0.2760196161827157
w245122745_b3_A,245122745,unclassified,False,0.0234791801051142,34.67230338873819,12.627445252469125,1.0,,0.56543128326004,13.251910844217427,6.156280577112881,w245122745_b3_A,2.840404210579459,10.861000061035156,-0.9164992509661749,1.4414305112843677,0.012172115782214067,0.5288562770286079,0.20538022224232305,-0.14769552915431708,0.4004093678341,87.25190573176717,0.9522228204948305,1679.62939453125,,,33,w245122745_b3_A,1.3672465487398857,7.527500152587891,-1.3402499822449125,1.275790433154694,0.021593806781405173,0.36724916869713975,0.4776557414431757,0.015773782750052603,0.1933103691737671,107.93188800626807,0.7823193052774395,6756.10791015625,,,90,0.4210237366445422,1.0,0.0,0.4210237366445422,0.9459828937017649,0.0
w25626902_b0_A,25626902,unclassified,False,0.0052995611962969,20.596402311890305,91.33199845677292,,,0.5431876266796751,1.3079925180304943,0.1261432464635419,w25626902_b0_A,2.5329305752251807,9.887999534606934,-0.12499995442451706,0.5208098136714905,0.005210039684404683,0.12408029008040691,0.1272760415487212,-0.06685046062161655,0.06849436445825213,69.88868027337848,0.9578058335389432,2839.9921875,,,52,w25626902_b0_A,3.2709999857096386,13.387999534606934,-0.24999998700002468,0.9377447094539161,0.005210039684404683,0.17097114840822297,0.32291392470196695,-0.05852092520058401,0.0648988704795149,118.73741331471246,0.8116730918200268,4697.34033203125,,,45,0.47938175561920715,0.15011121492633678,0.3215916741513074,0.47938175561920715,0.1805263443138605,0.46053900692645383
w25626902_b1_A,25626902,unclassified,False,0.0060937414846008,19.18384433728561,136.56283619594615,,,0.6294600120667849,4.632061362200703,2.523241176971979,w25626902_b1_A,2.441194239878574,9.777000427246094,0.08349987801106007,0.5824991480184287,0.006093741484600881,0.0922736155276598,0.14769574651593392,-0.011930722155091458,0.05296726842404098,52.716740297968286,0.9342609665843277,2415.880126953125,,,30,w25626902_b1_A,3.4028580232831116,13.819000244140625,0.7225000338177203,1.164679605181688,0.006093741484600881,0.14128238950748873,0.2867940514220795,-0.04629805870834901,0.052017304631778935,128.66071769858482,0.8116730918200268,4629.4296875,,,60,0.4979320492035737,0.05079253812485014,0.4556953440174046,0.4979320492035737,0.0647443789653507,0.9221340986931136
w69488562_b0_B,69488562,unclassified,False,,18.909461169345587,58.09028673079974,,,0.5847094218045011,0.3465164069504919,0.0,w69488562_b0_B,2.515789251700592,10.083000183105469,0.8124997354903121,,,0.11517510763215857,0.13016564410485099,-0.010930595472939807,0.053922093799878675,55.36274704842719,0.9096054905959595,2854.80126953125,,,40,w69488562_b0_B,3.695081946416107,15.166000366210938,0.8889998493949989,,,0.20574390168197065,0.5127807998883351,0.013383365480540779,0.08108375375090944,122.49817160760286,0.7526252935932168,6514.7275390625,,,45,0.8421123168649376,0.12230412883913504,0.924576086403786,0.8421123168649376,0.31613516946127224,1.0
w695751889_b0_B,695751889,secondary,False,0.0090849459446653,7.263091793237526,101.5267956399904,2.0,50.0,0.8370361147409406,0.3616263883563377,0.9390929288566384,w695751889_b0_B,3.4705555668148844,13.874500274658203,0.013999926971505428,1.7489544280126084,0.009084945944665307,0.16895817762415188,0.13435996150303803,0.02777586082712647,0.07409030136603602,76.85022409294795,0.8553737821170798,3292.8701171875,,,40,w695751889_b0_B,3.33944099975,13.25,-0.49999994800007563,1.5949758224103028,0.009084945944665307,0.18371941326243182,0.3117113041713393,0.03900217633362455,0.06518455185856659,123.48427604635775,0.8683438114454812,6805.2744140625,,,45,0.737701311297687,0.29024571408936556,0.4109941162943649,0.737701311297687,0.23024277619768474,0.3418770506599185
w716932550_b0_A,716932550,unclassified,True,0.0826722909297471,18.004567481960358,1.0017460618285636,,,0.4906362147066074,2.2166094249291723,1.7771726282614964,w716932550_b0_A,1.8975678554365158,7.083000183105469,-0.3749998634935445,4.186520744394168,0.08344853975018919,0.3073496970746831,0.18516940523213785,0.06557115491240542,0.1748233757745751,76.84187889776749,0.8657375780376126,1999.0185546875,,,55,w716932550_b0_A,1.0858648180288961,4.665999889373779,0.8399998912603538,1.807458229967565,0.08264275934536719,0.310592609567349,0.3360224253690025,0.1028404495592489,0.19210031860149782,117.83023007489484,0.8132971749683539,6053.322265625,,,60,0.9263688634725162,0.7223833954298008,0.1607958361848375,0.9263688634725162,0.7250303174130674,0.9779051591741154
w717148552_b0_A,717148552,unclassified,False,0.0150341515572306,11.750553116735016,26.36138012941853,2.0,,0.7759646006107097,5.698580204571701,5.462115895459931,w717148552_b0_A,2.4011156044119684,9.583000183105469,-0.4029997308552824,1.380644658076742,0.015034151557230672,0.14915243505038123,0.18859471738072459,0.008145678349721543,0.07887047996887465,95.34671633616131,0.9618225543606338,2565.050048828125,,,50,w717148552_b0_A,1.5603227270406104,6.819000005722046,-1.777999825515668,0.7298557702514504,0.015034151557230672,0.3627976797716085,0.9876583692249468,-0.04471572541163801,0.1679848789099896,92.42620246423937,0.8177609000662664,7623.721435546875,,,90,0.7713608587284844,0.22840082860045247,0.1427867810929913,0.7713608587284844,0.9286227157890267,0.0
w717185016_b0_A,717185016,unclassified,False,,16.47519830633781,86.97987312002927,2.0,,0.7728054908565422,2.9006808527300136,0.0,w717185016_b0_A,2.7894957137872884,11.333000183105469,-0.22200005577430026,,,0.13926258731441415,0.2485868286269422,0.002253484481745901,0.04221522171432512,86.77577170528994,0.9618225543606338,3476.4013671875,,,50,w717185016_b0_A,3.9978258663361816,16.416000366210938,-1.2220000296662175,,,0.2660363349374753,0.9762588780020713,-0.0011278930698986282,0.050508329767381226,131.9300195153963,0.8177609000662664,7159.87451171875,,,45,0.9353479153110822,0.19751905285003557,0.2592028011415002,0.9353479153110822,0.5512671411717346,0.0
w717185017_b0_A,717185017,unclassified,False,3.881993478588824e-06,30.943944471407438,167.34950524490807,,,0.6864101500222242,9.37592339527382,0.0035072559724085,w717185017_b0_A,2.7196821011441727,11.124500274658203,0.3054999265759668,0.00048050446743037997,3.881993478588824e-06,0.07595939092457564,0.09570945948692622,-0.004812291753436429,0.03836715960715881,60.33248854341599,0.9342609665843277,2451.2607421875,,,40,w717185017_b0_A,4.0778546915662695,16.722000122070312,0.5830001314569699,0.001085503544784862,3.881993478588824e-06,0.12447481975429017,0.3241271498680643,0.009644416698115435,0.0443398080182681,118.73795141269942,0.8177609000662664,5448.06494140625,,,45,0.3504007201367523,0.0,0.5984821313027351,0.3504007201367523,0.0,0.8559207631113775
w717185017_b1_A,717185017,unclassified,False,3.881993478588824e-06,18.396255661004485,129.60490485228587,,,0.7295265725560194,8.067326494693283,0.0,w717185017_b1_A,3.083976208520508,11.555000305175781,0.09700009294579992,0.0005183161297022549,3.881993478588824e-06,0.11409420235445722,0.1822951329912919,0.010053015584124778,0.052782092021786534,77.22944206023355,0.9342609665843277,3181.18310546875,,,35,w717185017_b1_A,4.371550522811146,17.95800018310547,0.13199996226085098,0.001251963842437356,3.881993478588824e-06,0.1600033564391638,0.5406431986651274,-0.0010608659950127062,0.03659721040940969,112.67431491152728,0.8177609000662664,4655.24560546875,,,30,0.42406923005486274,0.11892892274045881,0.46437846066829735,0.42406923005486274,0.1377535051407192,0.6418544803036815
w72561441_b0_B,72561441,secondary,False,0.0007379502532812,9.4265600771563,157.04091138846118,2.0,50.0,0.874987015134006,4.201434710867156,0.0,w72561441_b0_B,3.517484145,14.0,-0.3609998915456929,0.14463824964313185,0.000737950253281285,0.08892277194475756,0.1409200009604753,0.013658103720926164,0.027949733702386126,77.61817845992549,0.9718791493429233,2782.287841796875,,,30,w72561441_b0_B,3.88341030646654,15.387999534606934,-0.27800032585471346,0.17473963134979842,0.000737950253281285,0.16339064089646504,0.3369753700537974,0.04631431227741235,0.05724138355282032,127.5701879373789,0.8683438114454812,8085.0947265625,,,45,0.6573642635890453,0.040329282990438156,0.16980038834345573,0.6573642635890453,0.15096343597589126,0.4472487049146764
w72561441_b10_B,72561441,secondary,False,0.0003241289120236,12.89465675126251,638.0847661706475,2.0,50.0,0.9303802485765388,2.8817980730142936,0.0,w72561441_b10_B,3.4973444813137817,13.944000244140625,0.12499994787504765,0.06302205129771003,0.0003241289120236372,0.1465922889698444,0.2291222898004608,0.005010924578076105,0.08396236488118472,61.78813579806372,0.9498287269017797,1888.4482421875,,,30,w72561441_b10_B,4.781008298435593,18.777000427246094,-1.1114996707810612,0.11427999264729431,0.0003241289120236372,0.16352126790107235,0.44778151430241075,0.0016749954427110064,0.039748868852775565,128.62401236454056,0.8022120782758216,7886.66259765625,,,45,0.6402268684114526,0.2204065844767621,0.48238750776376993,0.6402268684114526,0.15147286283915598,0.051629991934893586
w72561441_b11_B,72561441,secondary,False,0.0003241289120236,38.1481905264333,598.2685336897869,2.0,50.0,0.8671886151747407,8.271647799235058,0.0,w72561441_b11_B,3.483282926840195,13.861000061035156,8.881784197001252e-16,0.0622740200741776,0.0003241289120236372,0.09138424922603534,0.12040771161420266,-0.00018075798013776276,0.03497890871968317,79.20971809456715,0.9498287269017797,2750.76611328125,,,33,w72561441_b11_B,5.40022838654097,21.180500030517578,-0.5902499568620083,0.1454191923090373,0.0003241289120236372,0.12859173060576704,0.3399758175627803,-0.003876771537262937,0.03132772079857955,125.48247331292087,0.8022120782758216,7893.443115234375,,,30,0.54138315668657,0.048015426543358414,0.40198959306379484,0.54138315668657,0.015252602157780636,0.29904007355884255
w72561441_b1_B,72561441,secondary,False,0.0006057146335319,58.947133142117565,210.5130266089808,2.0,50.0,0.8707534961124941,0.6555162986684769,0.0,w72561441_b1_B,3.849642001962944,15.416000366210938,-0.020750036583719655,0.17537614120047934,0.000737950253281285,0.07054614476805016,0.11367238610998709,0.0013899900174553015,0.021185784106382652,73.20494412722925,0.9718791493429233,2928.150634765625,,,40,w72561441_b1_B,4.115890046008365,16.291000366210938,-0.4792499041558562,0.18857428993697456,0.000737950253281285,0.14625198981615106,0.2550222432857164,0.024017192548188224,0.036074866995321024,124.98574346693903,0.8683438114454812,8503.6474609375,,,60,0.462399461324368,0.0,0.38864351012824866,0.462399461324368,0.08412511807463209,0.35172601537704085
w72561441_b2_B,72561441,secondary,False,0.0002090077742837,109.6262970984293,260.3967057607941,2.0,50.0,0.8618003094976853,1.378970141813946,0.0,w72561441_b2_B,3.8529076169919394,15.416000366210938,0.027500139690323167,0.04967133864620232,0.00020900777428375358,0.057728524276660156,0.09105102890960966,-0.014854963360469726,0.026706815949534113,80.02483544092964,0.9718791493429233,3844.92822265625,,,30,w72561441_b2_B,4.542002949184226,17.95800018310547,-0.20149992905625513,0.06740323786395416,0.00020900777428375358,0.12960970420208992,0.2509222262605014,-0.01549425353941054,0.051360604157274684,118.73271374131038,0.8117264810143252,8744.5947265625,,,30,0.33498927605650136,0.0,0.4196772315200129,0.33498927605650136,0.01922255536630763,0.4835594575362314
w72561441_b3_B,72561441,secondary,False,0.0013198486924538,132.44617442918815,304.7740571199521,2.0,50.0,0.8322663176658499,2.838928732586215,0.0,w72561441_b3_B,3.825672373752426,15.305000305175781,0.08349987295608408,0.04931754190340513,0.00020900777428375358,0.09897479005910831,0.08088936922489304,-0.0215538151031561,0.04721926529747553,81.29272361106159,0.8385048000313626,3985.6904296875,,,30,w72561441_b3_B,4.485171142632157,17.722000122070312,0.13899992450875942,0.06813298881277946,0.00020900777428375358,0.13686940279978171,0.2432670480908219,-0.017937667525528406,0.03564741744233983,121.53655112722862,0.8117264810143252,8764.5029296875,,,45,0.3445538135469926,0.07171744765525578,0.455695340766127,0.3445538135469926,0.04753435426261611,0.6451769976785084
w72561441_b4_B,72561441,secondary,False,0.0038768563319083,86.94507878785573,357.531717311289,2.0,50.0,0.7809737708829005,2.285632171905426,0.0,w72561441_b4_B,3.77055836346854,15.083000183105469,-8.881784197001252e-16,0.8056871971610093,0.003541530528793976,0.10581997326730046,0.14592360973728502,-0.05877181114162109,0.05877181114162109,78.40887699096326,0.8385048000313626,4211.630615234375,,,30,w72561441_b4_B,4.448369455470367,17.55500030517578,0.12499998695149017,1.108774036374227,0.003541530528793976,0.19833197371907826,0.35204179310569916,-0.06639009503247752,0.06742509032175027,128.62531936460937,0.8117264810143252,9131.04296875,,,45,0.3809790821924078,0.09309203485310798,0.4019895930637937,0.3809790821924078,0.2872296975473206,0.6385319567292638
w72561441_b5_B,72561441,secondary,False,0.0007423967667359,34.91445480638287,409.119655231402,2.0,50.0,0.7681792692832451,7.124123990171082,0.0,w72561441_b5_B,3.8017846523387835,15.222000122070312,-0.027999866981742727,0.24240024514203562,0.0010538794361852938,0.10967216266865226,0.1856093406040585,0.0022974194020827154,0.03299907445070524,90.33193458497934,0.8385048000313626,4174.388671875,,,30,w72561441_b5_B,4.339779905797051,17.111000061035156,0.2499999891840119,0.30856148509953196,0.0010538794361852938,0.15589368532426465,0.30687975227606434,-0.027274932679859157,0.038621178422672146,125.49212363745045,0.8117264810143252,7523.3720703125,,,45,0.5576415355483787,0.10512077911860768,0.38398053821635475,0.5576415355483787,0.1217263683981571,0.6978629451778151
w72561441_b6_B,72561441,secondary,False,0.0001194314278373,15.944449985653607,458.6968204763644,2.0,50.0,0.7390714989447738,0.6513363815697591,0.0415592915904312,w72561441_b6_B,3.576979918536636,14.305500030517578,0.30549989474036643,0.02445246952638327,0.00011943142783734525,0.11242799437021633,0.22764603648180848,0.008565658495737294,0.03169318889664271,76.47073741320912,0.8300368120952358,3654.673828125,,,40,w72561441_b6_B,4.1817374466699215,16.472000122070312,0.06949997781525497,0.03240494570392659,0.00011943142783734525,0.19911682428359528,0.4231512822030818,-0.009548093814529613,0.03273684435724131,116.93829945915998,0.7886888391388667,7797.544921875,,,45,0.6265273292950971,0.1137260659628211,0.5984821108265995,0.6265273292950971,0.29029050386692795,0.6121889939921019
w72561441_b8_B,72561441,secondary,False,0.0048376567344644,90.82017701256127,560.1188733840231,2.0,50.0,0.8378940242199314,1.5748924424369293,0.0,w72561441_b8_B,3.878625791,15.5,-0.16699974725567035,1.0534802870001694,0.004580198383238056,0.18660496487500144,0.2147664574245282,0.08936934303624561,0.0943113274931657,79.82948230745167,0.8300368120952358,2638.864501953125,,,42,w72561441_b8_B,3.7139571381140977,14.61050033569336,0.1667499516820472,0.8734677518723978,0.003889370723273791,0.2369099927007093,0.49211837249904844,0.06713371544972531,0.10257542279745135,140.30834686124055,0.7886888391388667,6173.89453125,,,60,0.3748427652337813,0.34534910305400496,0.29457809679501024,0.3748427652337813,0.43767852135567764,0.6583484897765859
w72561441_b9_B,72561441,secondary,False,0.0022404050128808,45.068313146512416,608.6703067206569,2.0,50.0,0.9162154054465296,1.437418927650984,0.0,w72561441_b9_B,3.5505117797062375,14.222000122070312,0.01399993205587613,0.6469542321924103,0.003198543063309527,0.3974760717459284,0.07676580215936032,-0.00042368255890490314,0.10294371099926972,74.98585719867071,0.9498287269017797,1062.2255859375,,,30,w72561441_b9_B,3.9831944979817813,15.694000244140625,-0.5280002998545799,0.7821942046822297,0.003198543063309527,0.13308092954644626,0.20331724985062824,0.0439667871178924,0.04797330154295505,151.31881840521658,0.8022120782758216,4455.673828125,,,45,0.5307968958368905,1.0,0.4109941195645487,0.5307968958368905,0.032759843802005605,0.32858674247780606
w72561505_b0_A,72561505,secondary,False,0.0119016363819065,20.649559681813148,17.706922472310037,2.0,50.0,0.6469767011808532,6.073199568540432,5.0141249526630105,w72561505_b0_A,2.308790172368417,9.111000061035156,-0.9859995989974326,1.5290986599507461,0.020810460293606704,0.14609636961062758,0.09974392364232916,0.019294481051999306,0.07889133589668665,86.28547770326092,0.9580846968325136,4023.9833984375,,,65,w72561505_b0_A,1.532318010092907,6.277500152587891,-0.5417499112261264,0.5475102642259272,0.012448609015663381,0.4852810282751727,0.3504010397593411,-0.01088194714141303,0.35928086833370343,124.48007680188375,0.8525744631994202,8691.87890625,,,90,0.7095581488415208,0.21885803986308444,0.0,0.7095581488415208,1.0,0.3220605183267072
w862981944_b0_B,862981944,secondary,False,0.0039301804549502,17.014254634621985,215.3977585296202,2.0,50.0,0.801444870413971,1.6118385639205808,0.003849210584832,w862981944_b0_B,2.5045630467975615,10.026999950408936,-0.5972499744603952,0.33333101543554455,0.0037558293770011547,0.14088765908219703,0.11590183530665649,-0.025997158863486594,0.0610368065883829,75.7198363028003,0.9663054001490079,2056.30859375,,,60,w862981944_b0_B,2.5759247625016477,10.416000366210938,-0.09750031586122265,0.39826261038847754,0.0046275847667465704,0.2574079929807195,0.41326573002146766,0.12518749051157635,0.12715842918299222,110.24876102304552,0.7519240843183749,6074.306640625,,,75,0.6551512809846693,0.20259345877122004,0.01784821286714918,0.6551512809846693,0.5176178265340826,0.5329226554476224
w862981944_b1_B,862981944,secondary,False,1.8028179128711197e-05,5.321356821801887,231.9439924797393,2.0,50.0,0.8637028034807959,0.0066079814391046,0.0020775434252584,w862981944_b1_B,2.8848999389347534,11.555000305175781,-4.440892098500626e-16,0.0019631363376048814,1.4703155127625858e-05,0.15619557236524048,0.13646584806737522,0.01279400850298984,0.0544452670256563,68.94717428153466,0.8771452222060665,2813.53466796875,,,40,w862981944_b1_B,2.8562346418127977,11.527000427246094,-0.3889999173067151,0.0018060310814173766,1.4703155127625858e-05,0.17459909655573602,0.25591152107986437,0.00012057856694979059,0.05647945277603097,110.25817348250354,0.7519240843183749,6434.11083984375,,,75,0.666678241174818,0.2503935420318093,0.401989593063794,0.666678241174818,0.19467482954040724,0.39456298202979156
w862981944_b2_B,862981944,secondary,False,0.0009936856940723,5.421166795172473,257.3483910940721,2.0,50.0,0.8669581894460336,0.2578943803420891,0.2743538191380423,w862981944_b2_B,2.9091290421866303,11.722000122070312,0.12499994789550772,0.0037788311532883138,2.698781625473229e-05,0.11935588231420102,0.1512826848660962,-0.004828007600753372,0.05962357816922485,69.88982105007187,0.8771452222060665,2732.0576171875,,,50,w862981944_b2_B,2.6117127025848617,10.333000183105469,0.6944999302938628,0.09023819743127857,0.0009936856940723877,0.16924749474476536,0.26048008473671863,-0.002666672304011003,0.07839673772445098,120.58922912079147,0.8339725719303349,7347.83544921875,,,60,0.6750788255671627,0.13535890477105494,0.4823875077769295,0.6750788255671627,0.17380433854047853,0.9088439083806209
w862981944_b3_B,862981944,secondary,False,0.0007173639850453,8.793783154710745,276.2679300328828,2.0,50.0,0.8624440671109164,3.467198225145709,0.1177430758767741,w862981944_b3_B,2.69155520435426,10.98550033569336,0.2362498088993883,0.09696506543448818,0.0008410211777120397,0.09059442947631961,0.1119225719047827,0.0176468525839045,0.04866831697720611,55.75664354254043,0.8771452222060665,2926.53515625,0.21087294799162173,0.2066811823065378,40,w862981944_b3_B,2.4157342150150605,9.444000244140625,-0.6735000260132193,0.06460982185964612,0.000717363985045366,0.12329878527993904,0.3543193539252818,0.004294898876402903,0.03501307561608445,119.65145292460159,0.8339725719303349,7798.49951171875,,,90,0.6596637356315876,0.2945354634290171,0.5539415922979486,0.6596637356315876,0.0,0.25952560313536505
w862981944_b4_B,862981944,secondary,False,0.0022936187809118,6.344829548556862,236.53540253176968,2.0,50.0,0.8281719882889274,3.1848842990834108,0.6289732652028874,w862981944_b4_B,2.3594022480630263,9.277000427246094,0.30549987929510447,0.24641454980581542,0.0029151259650409857,0.17017824340829035,0.22168577139656864,0.0053635177236374225,0.09173548264176301,79.61686580755611,0.9643156991674824,2874.26904296875,0.20097404828655457,0.22996905671198709,50,w862981944_b4_B,3.046680066730696,12.235499858856201,0.2567498550419547,0.41021933393038756,0.0029151259650409857,0.14001602830159485,0.3578159014879999,-0.003310794459946742,0.041930026693043576,112.65637712010641,0.8325935032406095,7942.1572265625,,,60,0.6828209075153712,0.3588129321833764,0.5984821008924605,0.6828209075153712,0.05980574917116701,0.7010667548265694
w862981944_b5_B,862981944,secondary,False,0.0021167094378748,6.262717791243171,191.18375034539093,2.0,50.0,0.7529229833751775,1.146599405241646,0.5364488496169884,w862981944_b5_B,2.1728046062550517,8.708000183105469,-0.07649990105913496,0.17888758121176224,0.0018083869504929367,0.10759023628411002,0.08805882927228761,-0.03547073381966902,0.0636375352963115,93.05258281416997,0.9643156991674824,2850.0205078125,0.19311376904717423,0.30586437205157235,60,w862981944_b5_B,2.845993555778172,11.416500091552734,-0.1945001975502616,0.24640423789208765,0.0018083869504929367,0.22265944815763666,0.3531690711961706,-0.04208654292263106,0.07369583150389633,110.25028079781828,0.8325935032406095,7081.72021484375,,,60,0.6816190765756063,0.21347106644757713,0.3527861123866903,0.6816190765756063,0.3821034109241457,0.48688186538989314
w862981944_b6_B,862981944,secondary,False,0.0043783587928049,9.422293868627472,145.40824184152186,2.0,50.0,0.6013205066628461,3.8645565312968087,1.364388981026707,w862981944_b6_B,2.8189183350966642,11.27750015258789,-0.15300004393235955,0.5683908396820885,0.0044673745791587996,0.15098809850238054,0.16876343769177699,-0.018215976619701958,0.052105901571412525,88.77032986655111,0.9591810748377094,2903.880859375,0.2198892052357774,0.6534161358772721,40,w862981944_b6_B,2.944003937873955,11.791000366210938,0.11800001644496216,0.6210896420767681,0.0044673745791587996,0.1909152158256363,0.4632307167628568,-0.03386139983628908,0.045013632967743224,118.57550837220124,0.8258690833768858,7002.5927734375,,,60,0.6887255254956018,0.4434552045312201,0.3035824761787331,0.6887255254956018,0.2583053895865878,0.6352094354345005
w862981944_b7_B,862981944,secondary,False,0.0005048816241052,19.865801227465305,97.9712722864514,2.0,50.0,0.566655085243815,3.364327439217109,0.3260116439111158,w862981944_b7_B,2.813122890541893,11.055000305175781,0.27799976200371734,0.061703113955471615,0.0005048816241052446,0.09505652764263545,0.11137037068021191,-0.024085901694926852,0.05578455706083047,86.29258086908497,0.9591810748377094,3185.591796875,0.2350008225024326,0.26839475481796216,30,w862981944_b7_B,3.1173437039831544,12.472000122070312,-0.26399991212278495,0.07853473399408921,0.0005048816241052446,0.15730989432155304,0.33928200552528887,-0.0280609655236014,0.047379912422052854,128.63255797879404,0.8191446635131621,6579.673828125,,,60,0.6144977407780982,0.44768860243316483,0.5807944768428699,0.6144977407780982,0.12724938340860395,0.4538939718792227
w862981944_b8_B,862981944,secondary,False,0.0005048816241052,15.050916295706989,55.620846609164325,2.0,50.0,0.5657492014053818,0.5967173379166203,0.0,w862981944_b8_B,2.577491636999162,10.137999534606934,0.4536663990791352,0.05189124589448508,0.0005048816241052446,0.07691902327751023,0.09284607718983214,0.002091950273178111,0.021434376932477003,81.28836971933984,0.8279780276249231,3385.7685546875,0.2526722638490482,0.271677526463617,22,w862981944_b8_B,2.8488719341192286,11.387999534606934,-0.19449995288144173,0.06547634760767593,0.0005048816241052446,0.22167770373275705,0.4294441636554557,0.022631279777732605,0.08869108241352877,133.05181491157592,0.8191446635131621,6319.89111328125,,,45,0.6333434636151581,0.501423348180957,0.6937803743837143,0.6333434636151581,0.3782747463658676,0.48688198152143447
